hanja	codepoint	inmyeong_readings	all_readings	education	koreanname_year	radical_no	radical_simplified	residual	unicode_total_strokes	wonhoek	wonhoek_rule	hoek_ohaeng	radical_ohaeng	definition_en	radical_char	dueum_readings	khangul_raw	hun
㒚	U+349A	온,은	온,은	N	2015	9	N	14	16	16	unicode-total	土		(same as 穩) firm; stable; secure, dependent upon others	人		온:N 은:N	
㓗	U+34D7	결	결	N	2015	15	N	12	14	14	unicode-total	火	水	(non-classical of 潔) clean; pure; clear	冫		결:N	
㔕	U+3515	글	글	N	2015	19	N	4	6	6	unicode-total	土		with purpose; with ambition; with the determination and courage to get ahead	力		글:N	
㔡	U+3521	별	별	N	2015	19	N	10	12	12	unicode-total	木		greatly; deeply, with great strength; vigorous	力		별:N	
㗿	U+35FF	하	하	N	2015	30	N	13	16	16	unicode-total	土		to laugh loudly, to blame; to reprimand, entrance to a cave or to a gorge	口		하:N	
㘔	U+3614	새	새	N	2018	30	N	17	20	20	unicode-total	水		eat, to bite, to gnaw, (a dialect) usually at the end of a sentence; tone (of one's speech)	口		새:N	
㘽	U+363D	재	재	N	2018	32	N	6	9	9	unicode-total	水	土	to cultivate, plant; to care for plants	土		재:N	
㙯	U+366F	예	예	N	2015	32	N	12	15	15	unicode-total	土	土	(same as 藝) skill, ability in handicraft, a craft, an art, a calling, a trade, an accomplishment	土		예:N	
㛃	U+36C3	결	결	N	2015	38	N	6	9	9	unicode-total	水		clean; pure; clear, usually used for names	女		결:N	
㛄	U+36C4	의	의	N	2015	38	N	6	9	9	unicode-total	水		used in girl's name	女		의:N	
㛅	U+36C5	이	이	N	2015	38	N	6	9	9	unicode-total	水		used in girl's name	女		이:N	
㛦	U+36E6	람	람	N	2015	38	N	8	11	11	unicode-total	木		good; nice; fine; excellent	女	남	람:N	
㜣	U+3723	연	연	N	2015	38	N	12	15	15	unicode-total	土		a last name, carriage; deportment; bearing; poise (of a woman)	女		연:N	
㜯	U+372F	희	희	N	2015	38	N	14	17	17	unicode-total	金		a word to designate woman, a word of revile used to call a woman	女		희:N	
㜺	U+373A	찬	찬	N	2015	38	N	19	22	22	unicode-total	木		white color; no respect; imprudent; (Cant.) interesting, good	女		찬:N	
㝢	U+3762	우	우	N	2018	40	N	9	12	12	unicode-total	木		(same as 宇) a house; a roof, look; appearance, space	宀		우:N	
㞼	U+37BC	승	승	N	2015	46	N	5	8	8	unicode-total	金	土	(same as 丞) to respectfully receive, to flatter; to pay court to	山		승:N	
㠌	U+380C	기	기	N	2015	46	N	12	15	15	unicode-total	土	土	high; lofty; steep, (corrupted form of 嵌)	山		기:N	
㠘	U+3818	서	서	N	2015	46	N	14	17	17	unicode-total	金	土	(same as 嶼) an island	山		서:N	
㢃	U+3883	랑	랑	N	2015	53	N	7	10	10	unicode-total	水		high, magnanimity	广	낭	랑:N	
㢺	U+38BA	현	현	N	2015	57	N	8	11	11	unicode-total	木		(non-classical form of 弦) string (of a bow, a musical instrument, etc.), chord of an arc, the first or last quarter of a lunar month	弓		현:N	
㣧	U+38E7	윤	윤	N	2015	60	N	8	11	11	unicode-total	木		(same as 胤) the succession in a family; posterity; heirs, to inherit; to follow after	彳		윤:N	
㣽	U+38FD	서	서	N	2015	61	N	3	7	7	unicode-total	金	火	(ancient form of 恕) to forgive; to pardon, (ancient form 怒) anger; wrath; indignation; rage	心		서:N	
㥠	U+3960	서	서	N	2015	61	N	9	12	13	radical-full	火	火	(same as 諝) intelligence; brilliance, shrewdness; cunning; quick-witted and full of tricks; tricky	心		서:N	
㥥	U+3965	우	우	N	2015	61	N	9	12	13	radical-full	火	火	absent-minded; unconscious, happy; glad; joyous	心		우:N	
㦃	U+3983	산	산	N	2015	61	N	11	14	15	radical-full	土	火	perfect personal character, many; much; plenty; lots of	心		산:N	
㦆	U+3986	하	하	N	2018	61	N	11	14	15	radical-full	土	火	to exaggerate; exaggeration, arrogant; showing wild imagination; preposterously fantastic, without ambition; discourage	心		하:N	
㦐	U+3990	니	니	N	2015	61	N	12	15	16	radical-full	土	火	a straightforward character, cannot make up one's mind; to hesitate	心	이	니:N	
㦕	U+3995	륭	륭	N	2018	61	N	12	15	16	radical-full	土	火	thought; idea; sentiment, intention, expectation, meaning	心	융	륭:N	
㦥	U+39A5	헌	헌	N	2015	61	N	16	19	20	radical-full	水	火	(same as 愋) talented; intelligent; wise wisdom; knowledge, to resent; to hate, to regret	心		헌:N	
㦳	U+39B3	재	재	N	2018	62	N	5	9	9	unicode-total	水	金	to cultivate, plant; to care for plants	戈		재:N	
㦶	U+39B6	용	용	N	2015	62	N	6	10	10	unicode-total	水	金	repeatedly; frequently; to alternate, common; ordinary; normal, sharp, name of a state in ancient China, bold; brave; fierce; violent; severe; strict; stringent	戈		용:N	
㨹	U+3A39	설	설	N	2015	64	N	11	14	15	radical-full	土		to crack; to break; to rip open, to split or divide up, to hang up; to suspend, to sweep clean; to eliminate	手		설:N	
㪤	U+3AA4	필	필	N	2015	66	N	11	15	15	unicode-total	土		to finish; concluded	攴		필:N	
㫜	U+3ADC	단	단	N	2015	72	N	5	9	9	unicode-total	水	火	light; bright; brilliant, clear, intelligent; day dawn	日		단:N	
㫰	U+3AF0	랑	랑	N	2018	72	N	7	11	11	unicode-total	木	火	light; bright; brilliant; clean; clever, to expose to sunlight, to dry something in an opening for ventilation area or a cool place	日	낭	랑:N	
㫶	U+3AF6	주	주	N	2015	72	N	8	12	12	unicode-total	木	火	light; bright	日		주:N	
㬃	U+3B03	대	대	N	2015	72	N	9	13	13	unicode-total	火	火	sunrise	日		대:N	
㬣	U+3B23	대	대	N	2015	72	N	14	18	18	unicode-total	金	火	luxuriant; exuberant; lush; flourishing	日		대:N	
㭹	U+3B79	현	현	N	2015	75	N	8	12	12	unicode-total	木	木	name of a county in today's Shandong Province, a kind of fabric produced in Donglai	木		현:N	
㯝	U+3BDD	로	로	N	2018	75	N	12	16	16	unicode-total	土	木	paulownia	木	노	로:N	
㯳	U+3BF3	경	경	N	2015	75	N	13	17	17	unicode-total	金	木	(same as 檠) a kind of tool to adjust bow; lamp holder, a tray with base	木		경:N	
㰔	U+3C14	섭	섭	N	2015	75	N	17	21	21	unicode-total	木	木	a kind of edible mushroom	木		섭:N	
㰤	U+3C24	하	하	N	2015	76	N	5	9	9	unicode-total	水		to laugh heartily; to roar with laughter, to breath	欠		하:N	
㰭	U+3C2D	후	후	N	2015	76	N	6	10	10	unicode-total	水		pleasure; joy	欠		후:N	
㲽	U+3CBD	인	인	N	2015	85	N	3	6	7	radical-full	金	水	name of a river in today's southwest of Shanxi Province, the wet things attach or stick up to each other, dirty and muddy	水		인:N	
㲾	U+3CBE	우	우	N	2015	85	N	3	7	7	unicode-total	金	水	(same as 雨) rain, to rain down; to pour down	水		우:N	
㳼	U+3CFC	필	필	N	2015	85	N	8	12	12	unicode-total	木	水	(same as 滭) bubbling of fountain; copious of spring (same as 淢) swift currents (interchangeable 洫) a ditch; a moat, to overflow	水		필:N	
㴍	U+3D0D	승	승	N	2018	85	N	8	11	12	radical-full	木	水		水		승:N	
㴗	U+3D17	유	유	N	2015	85	N	9	12	13	radical-full	火	水	deep	水		유:N	
㵟	U+3D5F	미	미	N	2015	85	N	13	16	17	radical-full	金	水	(non-classical form of 溦) light rain; drizzle	水		미:N	
㶼	U+3DBC	애	애	N	2015	86	N	7	11	11	unicode-total	木	火	very hot, to burn, to heat, to roast, dazzling; bright; shining, a very great fire; flourishing flames	火		애:N	
㷂	U+3DC2	서	서	N	2015	86	N	8	12	12	unicode-total	木	火	bright; light; brilliant	火		서:N	
㻄	U+3EC4	보	보	N	2015	96	N	6	10	11	radical-full	木	金/土	(same as 寶) treasure, precious; valuable, respectable; honorable	玉		보:N	
㻭	U+3EED	슬	슬	N	2015	96	N	11	15	16	radical-full	土	金/土	(same as 璱) clear; pure and fine (said of jade)	玉		슬:N	
㻽	U+3EFD	선,수	선,수	N	2015	96	N	13	17	18	radical-full	金	金/土	(same as 璿 璇) fine jade	玉		선:N 수:N	
㼄	U+3F04	기	기	N	2015	96	N	15	19	20	radical-full	水	金/土	(same as 璣) pearls, jade, etc. which are not quite circular	玉		기:N	
䀭	U+402D	해	해	N	2018	109	N	6	11	11	unicode-total	木		with big eyes	目		해:N	
䀯	U+402F	보	보	N	2015	109	N	7	12	12	unicode-total	木		to look at; to see; to observe; to examine; to consider	目		보:N	
䀴	U+4034	영	영	N	2015	109	N	7	12	12	unicode-total	木		to look straight forward, to look, eyesight blurred; not clear	目		영:N	
䁢	U+4062	선	선	N	2015	109	N	11	16	16	unicode-total	土		(same as 嫙) exquisite; fine	目		선:N	
䂩	U+40A9	연	연	N	2015	112	N	6	11	11	unicode-total	木	土/金	(same as 硯) an in-slab or ink-stone (same as 硜) sound of pebbles or stones rubbing or knocking together	石		연:N	
䃉	U+40C9	민	민	N	2015	112	N	9	14	14	unicode-total	火	土/金	(same as 賨) a stone resembling jade	石		민:N	
䄄	U+4104	인	인	N	2018	113	N	6	11	11	unicode-total	木		achievement; accomplishment, (non-classical form of 禋) to worship with sincerity and reverence, to offer sacrifices to the Heaven	示		인:N	
䄷	U+4137	석	석	N	2015	115	N	5	10	10	unicode-total	水	木	(same as 石) a measurement (in ancient times) equal to 120 catty (Chinese pound)	禾		석:N	
䆬	U+41AC	운	운	N	2015	116	N	10	15	15	unicode-total	土		(a non-classical form) (same as standard form 霣) (interchangeable 隕) to fall down	穴		운:N	
䉙	U+4259	운	운	N	2015	118	N	12	18	18	unicode-total	金	木	name of a variety of bamboo; big bamboo	竹		운:N	
䎻	U+43BB	주	주	N	2015	128	N	8	14	14	unicode-total	火		to hear, clear, bright, ears	耳		주:N	
䏇	U+43C7	표	표	N	2015	128	N	11	17	17	unicode-total	金		to hear; barely enough to hear clearly, hearsay; groundless talk	耳		표:N	
䏧	U+43E7	나	나	N	2015	130	N	6	10	12	radical-full	木		fatty; greasy, not thick; not tight, plump and pretty of the flesh	肉		나:N	
䏪	U+43EA	이	이	N	2015	130	N	6	10	12	radical-full	木		tendon (of meat animals); sinews; muscles	肉		이:N	
䑐	U+4450	진	진	N	2015	131	N	5	11	11	unicode-total	木		bright; light, clear, (same as 瞇) to close the eyes; to narrow the eyes	臣		진:N	
䔒	U+4512	배	배	N	2015	140	N	11	15	17	radical-full	金	木	name of a variety of grass	艸		배:N	
䗲	U+45F2	린	린	N	2015	142	N	12	18	18	unicode-total	金		firefly	虫	인	린:N	
䘘	U+4618	소,어	소,어	N	2015	144	N	10	16	16	unicode-total	土		(same as 御) to drive; to control; to manage, imperial, to wait on, clean; pure	行		소:N 어:N	
䚷	U+46B7	혜	혜	N	2015	149	N	4	11	11	unicode-total	木		to treat; to detain, according to one's wishes, good words; honest; sincere words, an echo, joke; witticism; pleasantry; jest; fun	言		혜:N	
䚾	U+46BE	임	임	N	2015	149	N	4	11	11	unicode-total	木		to think of; (same as 䛘) to remember (someone), to read out aloud	言		임:N	
䛔	U+46D4	나	나	N	2015	149	N	6	13	13	unicode-total	火		to hold in hand; to grasp; to take, to arrest; to use, (non-classical form of 誽) to spy; to find out secretly	言		나:N	
䛘	U+46D8	임	임	N	2015	149	N	6	13	13	unicode-total	火		to think of; to remember (someone), to read out aloud, loquacious, guttural sound, noise; uproar; turmoil	言		임:N	
䛝	U+46DD	노	노	N	2015	149	N	7	14	14	unicode-total	火		to like, to puzzle	言		노:N	
䜭	U+472D	예,준	예,준	N	2015	150	N	5	12	12	unicode-total	木		(same as 濬 浚) to dredge; to dig or wash (a well, etc.), (same as 睿) wise and clever	谷		예:N 준:N	
䝬	U+476C	주	주	N	2015	154	N	5	12	12	unicode-total	木	金	a wealthy man	貝		주:N	
䝮	U+476E	현	현	N	2018	154	N	5	12	12	unicode-total	木	金	(same as 衒) to brag; to boast; to show off	貝		현:N	
䝽	U+477D	애	애	N	2015	154	N	8	15	15	unicode-total	土	金	name of a person in old China	貝		애:N	
䞟	U+479F	백	백	N	2015	156	N	5	12	12	unicode-total	木		to press; to compel, to draw near, to excel; to surpass; to rise above; to transcend, to fly across; to jump over	走		백:N	
䡣	U+4863	헌	헌	N	2015	159	N	9	16	16	unicode-total	土		a piece of curved board; a crank -- of a (plough) machine, etc., shafts (of a cart or carriage), to return, to avoid bumping against each other	車		헌:N	
䢃	U+4883	예	예	N	2015	160	N	8	15	15	unicode-total	土		to administer; to regulate; to manage; to govern, people to have both talent and virtue, quiet; calm; safe; secure; stable	辛		예:N	
䢖	U+4896	건,율	건,율	N	2015	162	N	6	10	13	radical-full	火		to be scattered (over an area); to spread, to give an account of; to explain; to expound, to follow	辵		건:N 율:N	
䢦	U+48A6	솔	솔	N	2015	162	N	11	15	18	radical-full	金		(interchangeable 率 帥) to lead the way; a guide; a forerunner; to head, model; a mentor; a teacher, to guide; to lead; to direct, to follow; to accord with; to obey	辵		솔:N	
䤥	U+4925	귀	귀	N	2015	167	N	6	14	14	unicode-total	火	金	agricultural implements; from tools, shining iron, a plectrum from stringed the teeth of a saw	金		귀:N	
䤿	U+493F	결	결	N	2018	167	N	10	18	18	unicode-total	金	金	(same as 鍥) to carve; to cut, a sickle	金		결:N	
䦞	U+499E	윤	윤	N	2015	169	N	7	15	15	unicode-total	土		(same as 閏) extra; inserted between others, as a day or month, to intercalate	門		윤:N	
䦥	U+49A5	한	한	N	2015	169	N	8	16	16	unicode-total	土		to learn, habit; practice, ways of doing things, law; regulations	門		한:N	
䧋	U+49CB	현	현	N	2015	170	N	7	10	15	radical-full	土	土	name of a place, boundary; a line	阜		현:N	
䨒	U+4A12	우	우	N	2015	173	N	6	14	14	unicode-total	火	水	sound of the water drops, raining, acquired dialects, (interchangeable 羽) feather; plume	雨		우:N	
䨭	U+4A2D	소	소	N	2015	173	N	11	19	19	unicode-total	水	水	(same as 霄) the skies, clouds or mists	雨		소:N	
䪸	U+4AB8	민	민	N	2015	181	N	5	14	14	unicode-total	火		strong; powerful; vigorous, (same as 頢) a short face, a small head	頁		민:N	
䫟	U+4ADF	운,혼	운,혼	N	2015	181	N	10	19	19	unicode-total	水		facial complexion (yellowish because of worrying), a round skull and face	頁		운:N 혼:N	
䫨	U+4AE8	오	오	N	2015	181	N	11	20	20	unicode-total	水		tall and big; colossal	頁		오:N	
䫻	U+4AFB	율	율	N	2015	182	N	4	13	13	unicode-total	火		a typhoon; great gale of wind	風		율:N	
䭓	U+4B53	안,온	안,온	N	2015	184	N	10	19	19	unicode-total	水		food (wheat gruel, etc.) to welcome the guest in old times, to eat to the full; surfeited	食		안:N 온:N	
䭱	U+4B71	별	별	N	2015	186	N	8	17	17	unicode-total	金		a little; slightly sweet-smelling	香		별:N	
䳟	U+4CDF	명	명	N	2015	196	N	8	19	19	unicode-total	水		a legendary bird, divine birds; the phoenix	鳥		명:N	
䳠	U+4CE0	수	수	N	2015	196	N	8	19	19	unicode-total	水		owl, kite, hawk; sparrow hawk, stop flying (said of bird)	鳥		수:N	
䴛	U+4D1B	소	소	N	2015	197	N	7	18	18	unicode-total	金		to make decoction of salt	鹵		소:N	
䵥	U+4D65	울	울	N	2018	203	N	6	18	18	unicode-total	金		black, dark; deep	黑		울:N	
一	U+4E00	일	일	Y		1	N	0	1	1	numeral-meaning	木		one; a, an; alone	一		일:0E	한 일
丁	U+4E01	정	정	Y		1	N	1	2	2	unicode-total	木		male adult; robust, vigorous; 4th heavenly stem	一		정:0E	장정 정, 네째 천간 정, 고무래 정
七	U+4E03	칠	칠	Y		1	N	1	2	7	numeral-meaning	金		seven	一		칠:0E	일곱 칠, 글체이름 칠
万	U+4E07	만	만	N	2015	1	N	2	3	3	unicode-total	火		ten thousand; innumerable	一		만:0N	일만 만
丈	U+4E08	장	장	Y		1	N	2	3	3	unicode-total	火		unit of length equal 3.3 meters; gentleman, man, husband	一		장:0E	어른 장, 길 장
三	U+4E09	삼	삼	Y		1	N	2	3	3	numeral-meaning	火		three	一		삼:0E	석 삼
上	U+4E0A	상	상	Y		1	N	2	3	3	unicode-total	火		top; superior, highest; go up, send up	一		상:0E	위 상
下	U+4E0B	하	하	Y		1	N	2	3	3	unicode-total	火		under, underneath, below; down; inferior; bring down	一		하:0E	아래 하
不	U+4E0D	부,불	부,불	Y	2015	1	N	3	4	4	unicode-total	火		no, not; un-; negative prefix	一		부:0N 불:0E	아닐 부 / 아닐 불
丑	U+4E11	축	축	Y		1	N	3	4	4	unicode-total	火		clown, comedian; second earthly branch	一		축:0E	소 축, 축시 축, 북동쪽 축 / 수갑 추, 사람이름 추
且	U+4E14	차	차	Y		1	N	4	5	5	unicode-total	土		moreover, also (post-subject); about to, will soon (pre-verb)	一		차:0E	또 차
丕	U+4E15	비	비	N	2015	1	N	4	5	5	unicode-total	土		great, grand, glorious, distinguished	一		비:0N	클 비, 으뜸 비
世	U+4E16	세	세	Y		1	N	4	5	5	unicode-total	土		generation; world; era	一		세:0E	세상 세, 평생 세, 백년 세, 인간 세
丘	U+4E18	구	구	Y		1	N	4	5	5	unicode-total	土		hill; elder; empty; a name	一		구:0E	언덕 구
丙	U+4E19	병	병	Y		1	N	4	5	5	unicode-total	土		third; 3rd heavenly stem	一		병:0E	남녘 병
丞	U+4E1E	승	승	N	2015	1	N	5	6	6	unicode-total	土		assist, aid, rescue	一		승:0N	이을 승, 도울 승, 벼슬의 이름 승, 향상할 승
丟	U+4E1F	주	주	N	2015	1	N	5	6	6	unicode-total	土		discard, reject, lose	一		주:1N	갈 주
並	U+4E26	병	병	N	2015	1	N	7	8	8	unicode-total	金		equal to; side by side; also, what is more; both	一		병:1N	竝과 同字
丫	U+4E2B	아	아	N	2015	2	N	2	3	3	unicode-total	火		forked; bifurcation	丨		아:1N	가장귀 아
中	U+4E2D	중	중	Y		2	N	3	4	4	unicode-total	火		central; center, middle; in the midst of; hit (target); attain	丨		중:0E	가운데 중
丰	U+4E30	봉	봉	N	2015	2	N	3	4	4	unicode-total	火		abundant, lush, bountiful, plenty	丨		봉:1N	예쁠 봉
丱	U+4E31	관	관	N	2015	2	N	4	5	5	unicode-total	土		child's hairstyle bound in two tufts; ore	丨		관:1N	쌍상투 관
串	U+4E32	곶,관	곶,관	N	2015	2	N	6	7	7	unicode-total	金		string; relatives; conspire	丨		곶:0N 관:0N	땅이름 곶 / 곶 / 꿸 천
丸	U+4E38	환	환	Y		3	N	2	3	3	unicode-total	火		small round object; pellet, pill	丶		환:0E	알 환, 둥글 환
丹	U+4E39	단,란	단,란	Y	2015	3	N	3	4	4	unicode-total	火		cinnabar (native HgS); vermilion (artificial HgS used as pigment)	丶	난	단:0E 란:0N	붉을 단 / 붉을 란
主	U+4E3B	주	주	Y		3	N	4	5	5	unicode-total	土		master, chief owner; host; lord	丶		주:0E	주인 주
乂	U+4E42	예	예	N	2015	4	N	1	2	2	unicode-total	木		govern, control, manage; nurture	丿		예:0N	풀 벨 예, 다스릴 예
乃	U+4E43	내	내	Y		4	N	1	2	2	unicode-total	木		then; really, indeed; as it turned out, after all; namely	丿		내:0E	이에 내
久	U+4E45	구	구	Y		4	N	2	3	3	unicode-total	火		long time (ago); time passage, grow late	丿		구:0E	오랠 구
之	U+4E4B	지	지	Y		4	N	3	4	4	unicode-total	火		marks preceding phrase as modifier of following phrase; it, him her, them; go to	丿		지:0E	갈 지
乍	U+4E4D	사	사	N	2015	4	N	4	5	5	unicode-total	土		first time, for the first time	丿		사:0N	잠깐 사
乎	U+4E4E	호	호	Y		4	N	4	5	5	unicode-total	土		interrogative or exclamatory final particle	丿		호:0E	인가 호, 어조사 호
乏	U+4E4F	핍	핍	N	2015	4	N	4	5	5	unicode-total	土		lack; poor	丿		핍:0N	없을 핍, 옹색할 핍, 다할 핍, 모자랄 핍
乖	U+4E56	괴	괴	N	2015	4	N	7	8	8	unicode-total	金		rebel; crafty, shrewd	丿		괴:0N	어그러질 괴, 어긋날 괴
乘	U+4E58	승	승	Y		4	N	9	10	10	unicode-total	水		ride, ascend; avail oneself of; numerary adjunct for vehicles	丿		승:0E	오를 승, 곱할 승, 셈하는 단위 승, 같은 물건 네 개 승, 탈 승
乙	U+4E59	을	을	Y		5	N	0	1	1	unicode-total	木		second; 2nd heavenly stem	乙		을:0E	새 을, 천간 이름 을, 굽힐 을, 생선의 창자 을, 모모 을
九	U+4E5D	구	구	Y		5	N	1	2	9	numeral-meaning	水		nine	乙		구:0E	아홉 구
乞	U+4E5E	걸	걸	Y		5	N	2	3	3	unicode-total	火		beg; request	乙		걸:0E	구걸할 걸, 요구할 걸, 원할 걸, 거지 걸 / 줄 기
也	U+4E5F	야	야	Y		5	N	2	3	3	unicode-total	火		also; classical final particle of strong affirmation or identity	乙		야:0E	단정의 어조사 야
乧	U+4E67	둘	둘	N	2015	5	N	4	5	5	unicode-total	土			乙		둘:1N	음역자 둘
乫	U+4E6B	갈	갈	N	2015	5	N	5	6	6	unicode-total	土		used in Korean place names	乙		갈:0N	땅이름 갈
乬	U+4E6C	걸	걸	N	2015	5	N	5	6	6	unicode-total	土		to hang	乙		걸:1N	갈 걸
乭	U+4E6D	돌	돌	N	2015	5	N	5	6	6	unicode-total	土		rock; used in Korean names	乙		돌:0N	이름 돌, 사람이름 돌
乳	U+4E73	유	유	Y		5	N	7	8	8	unicode-total	金		breast, nipples; milk, suckle	乙		유:0E	젖 유, 종유석 유, 낳을 유, 젖먹일 유, 기를 유
乶	U+4E76	볼	볼	N	2015	5	N	7	8	8	unicode-total	金		Korean place name Pholha	乙		볼:0N	땅이름
乷	U+4E77	살	살	N	2015	5	N	7	8	8	unicode-total	金			乙		살:0N	음역자 살
乹	U+4E79	건	건	N	2018	5	N	8	9	9	unicode-total	水		(Cant.) to clean; dried up	乙		건:N	
乺	U+4E7A	솔	솔	N	2015	5	N	8	9	9	unicode-total	水		painting tool place name	乙		솔:N	
乻	U+4E7B	얼	얼	N	2015	5	N	8	9	9	unicode-total	水			乙		얼:N	
乼	U+4E7C	줄	줄	N	2015	5	N	8	9	9	unicode-total	水		rope	乙		줄:1N	줄 줄
乾	U+4E7E	건	건	Y		5	N	10	11	11	unicode-total	木		dry; warming principle of the sun, penetrating and fertilizing, heavenly generative principle (male); trigram ☰; hexagram ䷀	乙		건:0E	하늘 건, 괘 이름 건, 서북쪽 건, 굳셀 건, 임금 건 / 마를 간
亂	U+4E82	란	난,란	Y		5	N	12	13	13	unicode-total	火		confusion, state of chaos; create chaos, revolt	乙	난	난:0 란:0E	어지러울 란 / 어지러울 난
了	U+4E86	료	료,요	Y		6	N	1	2	2	unicode-total	木		to finish; particle of completed action	亅	요	료:0E 요:0	마칠 료 / 마칠 료, 깨달을 료
予	U+4E88	여	여	Y		6	N	3	4	4	unicode-total	火		I, me; to give	亅		여:0E	자기 여, 나 여
事	U+4E8B	사	사	Y		6	N	7	8	8	unicode-total	金		affair, matter, business; to serve; accident, incident	亅		사:0E	일 사
二	U+4E8C	이	이	Y		7	N	0	2	2	numeral-meaning	木		two; twice	二		이:0E	두 이, 풍신 이, 같을 이, 의심할 이
于	U+4E8E	우	우	Y		7	N	1	3	3	unicode-total	火		in, on, at; go to; surname	二		우:0E	갈 우, 여기 우, 만족할 우, 탄식의 어조사 우
云	U+4E91	운	운	Y		7	N	2	4	4	unicode-total	火		say, speak; clouds	二		운:0E	이를 운, 움직일 운, 돌아갈 운
互	U+4E92	호	호	Y		7	N	2	4	4	unicode-total	火		mutually, reciprocally	二		호:0E	서로 호, 함께 호
五	U+4E94	오	오	Y		7	N	2	4	5	numeral-meaning	土		five; surname	二		오:0E	다섯 오
井	U+4E95	정	정	Y		7	N	2	4	4	unicode-total	火		well, mine shaft, pit; surname; 22nd lunar mansion, determinative star μ Geminorum (Tejat); hexagram ䷯	二		정:0E	우물 정, 단정할 정, 괘 이름 정, 천정 정, 저자 정
亘	U+4E98	긍,선	긍,선	N	2015	7	N	4	6	6	unicode-total	土		extend across, through; from	二		긍:0N 선:N	뻗칠 / 구할 선
亙	U+4E99	긍	긍	N	2015	7	N	4	6	6	unicode-total	土		extend across, through; from	二		긍:1N	뻗칠 긍
些	U+4E9B	사	사	N	2015	7	N	5	8	8	total-gt-rs-check	金		little, few; rather, somewhat	二		사:0N	적을 사
亜	U+4E9C	아	아	N	2015	7	N	5	7	7	unicode-total	金		Asia; second	二		아:N	
亞	U+4E9E	아	아	Y		7	N	6	8	8	unicode-total	金		Asia; second; used as a prefix to names	二		아:0E	버금 아
亟	U+4E9F	극	극	N	2015	7	N	6	9	9	total-gt-rs-check	水		urgently, immediately, extremely	二		극:1N	빠를 극
亡	U+4EA1	망	망	Y		8	N	1	3	3	unicode-total	火		death, destroyed; lose, perish	亠		망:0E	망할 망
亢	U+4EA2	항	항	N	2015	8	N	2	4	4	unicode-total	火		high, proud; violent, excessive; skilled; name; 2nd lunar mansion, determinative star κ Virginis (Kang)	亠		항:0N	목 항, 높을 항, 별이름 항, 기둥 항, 가릴 항
交	U+4EA4	교	교	Y		8	N	4	6	6	unicode-total	土		mix; intersect; exchange, communicate; deliver	亠		교:0E	사귈 교
亥	U+4EA5	해	해	Y		8	N	4	6	6	unicode-total	土		twelfth earthly branch	亠		해:0E	열 둘째 지지 해, 서북쪽과 북쪽의 사이 방향 해, 음력 시월 해, 돼지 해
亦	U+4EA6	역	역	Y		8	N	4	6	6	unicode-total	土		also, too; likewise	亠		역:0E	또 역, 모두 역
亨	U+4EA8	형	형	Y		8	N	5	7	7	unicode-total	金		smoothly, progressing, no trouble	亠		형:0E	형통할 형, 제사 형
享	U+4EAB	향	향	Y		8	N	6	8	8	unicode-total	金		enjoy	亠		향:0E	드릴 향, 제사지낼 향, 잔치 향, 흠향할 향
京	U+4EAC	경	경	Y		8	N	6	8	8	unicode-total	金		capital city	亠		경:0E	서울 경
亭	U+4EAD	정	정	Y		8	N	7	9	9	unicode-total	水		pavilion; erect	亠		정:0E	정자 정, 여관 정, 고를 정
亮	U+4EAE	량	량,양	N	2015	8	N	7	9	9	unicode-total	水		bright, brilliant, radiant, light	亠	양	량:0N 양:0	밝을 량 / 밝을 량, 임금의 상중 량
亰	U+4EB0	경	경	N	2015	8	N	7	9	9	unicode-total	水		capital city	亠		경:N	
亳	U+4EB3	박	박	N	2015	8	N	8	10	10	unicode-total	水		name of district in Anhui; capital of Yin	亠		박:1N	땅이름 박
亴	U+4EB4	우	우	N	2015	8	N	10	12	12	unicode-total	木			亠		우:1N	
亶	U+4EB6	단	단	N	2015	8	N	11	13	13	unicode-total	火		sincere; real, true; truth	亠		단:0N	믿을 단
亹	U+4EB9	미	미	N	2015	8	N	19	21	21	unicode-total	木		progress; busy, untiring; exert	亠		미:1N	힘쓸 미, 문채가 있는 모양 미
人	U+4EBA	인	인	Y		9	N	0	2	2	unicode-total	木		man; people; mankind; someone else	人		인:0E	사람 인
什	U+4EC0	십,집	십,집	N	2015	9	N	2	4	4	unicode-total	火		file of ten soldiers; mixed, miscellaneous	人		십:0N 집:0N	열 사람 십 / 세간 집, 열사람 집
仁	U+4EC1	인	인	Y		9	N	2	4	4	unicode-total	火		humaneness, benevolence, kindness	人		인:0E	어질 인
仄	U+4EC4	측	측	N	2015	9	N	2	4	4	unicode-total	火		slanting, oblique; oblique tones	人		측:0N	기울 측, 성조 측, 물이 괄괄 흐를 측, 희미할 측, 옆 측, 돈 이름 측
仇	U+4EC7	구	구	N	2015	9	N	2	4	4	unicode-total	火		enemy, hate, hatred, enmity	人		구:0N	짝 구, 원수 구
今	U+4ECA	금	금	Y		9	N	2	4	4	unicode-total	火		now, today, modern era	人		금:0E	이제 금
介	U+4ECB	개	개	Y		9	N	2	4	4	unicode-total	火		forerunner, herald, harbinger; to lie between; sea shell; to wear armor	人		개:0E	낄 개, 도울 개, 맬 개, 클 개, 중매할 개
仍	U+4ECD	잉	잉	N	2015	9	N	2	4	4	unicode-total	火		yet, still, as ever; again; keep -ing, continuing	人		잉:0N	인할 잉, 이전의 잉
仔	U+4ED4	자	자	N	2015	9	N	3	5	5	unicode-total	土		small thing, child; young animal	人		자:0N	자세할 자
仕	U+4ED5	사	사	Y		9	N	3	5	5	unicode-total	土		official; serve government	人		사:0E	벼슬할 사
他	U+4ED6	타	타	Y		9	N	3	5	5	unicode-total	土		other, another; he, she, it	人		타:0E	다를 타, 저 타, 간사할 타
仗	U+4ED7	장	장	N	2015	9	N	3	5	5	unicode-total	土		rely upon; protector; fight; war, weaponry	人		장:0N	병장기 장, 의지할 장
付	U+4ED8	부	부	Y		9	N	3	5	5	unicode-total	土		give, deliver, pay, hand over; entrust	人		부:0E	줄 부, 부탁할 부
仙	U+4ED9	선	선	Y		9	N	3	5	5	unicode-total	土		Taoist super-being, transcendent, immortal; cent	人		선:0E	신선 선
仝	U+4EDD	동	동	N	2015	9	N	3	5	5	unicode-total	土		together, same; surname	人		동:0N	同의 古字, 같을 동
仞	U+4EDE	인	인	N	2015	9	N	3	5	5	unicode-total	土		ancient unit of measure (8 feet); 'fathom'	人		인:1N	길 인
仟	U+4EDF	천	천	N	2015	9	N	3	5	5	unicode-total	土		one thousand; leader of one thousand men	人		천:0N	일천 천, 천사람 천
仡	U+4EE1	흘	흘	N	2015	9	N	3	5	5	unicode-total	土		strong; valiant	人		흘:1N	날랠 흘
代	U+4EE3	대	대	Y		9	N	3	5	5	unicode-total	土		replace, replacement (of person or generation); era, generation	人		대:0E	대신할 대
令	U+4EE4	령	령,영	Y		9	N	3	5	5	unicode-total	土		command, order; 'commandant', magistrate; allow, cause	人	영	령:0E 영:0	명령 령, 시킬 령, 하여금 령 / 하여금 령, 시킬 령, 가령 령, 개 목소리 령, 벼슬이름 령
以	U+4EE5	이	이	Y		9	N	3	5	5	unicode-total	土		by means of; thereby, therefore; consider as; in order to	人		이:0E	써 이, 쓸 이, 까닭 이, 함께 이, 거느릴 이
仰	U+4EF0	앙	앙	Y		9	N	4	6	6	unicode-total	土		raise the head to look; look up to, rely on, admire	人		앙:0E	우러를 앙, 우러러볼 앙
仲	U+4EF2	중	중	Y		9	N	4	6	6	unicode-total	土		middle brother; go between, mediator; surname	人		중:0E	버금 중
仳	U+4EF3	비	비	N	2015	9	N	4	6	6	unicode-total	土		separate, part company	人		비:1N	떠날 비
仵	U+4EF5	오	오	N	2015	9	N	4	6	6	unicode-total	土		similar	人		오:1N	짝 오, 같을 오
件	U+4EF6	건	건	Y		9	N	4	6	6	unicode-total	土		numerary adjunct for article; matter	人		건:0E	조건 건, 가지 건, 구별할 건, 나눌 건
价	U+4EF7	개	개	N	2015	9	N	4	6	6	unicode-total	土		price, value	人		개:0N	착할 개, 클 개, 사신 개
任	U+4EFB	임	임	Y		9	N	4	6	6	unicode-total	土		trust to, rely on, appoint; to bear, duty, office; allow	人		임:0E	맡길 임, 맡을 임
份	U+4EFD	빈	빈	N	2015	9	N	4	6	6	unicode-total	土		portion, part; duty	人		빈:N	
仿	U+4EFF	방	방	N	2015	9	N	4	6	6	unicode-total	土		imitate, copy; as if	人		방:1N	헤멜 방
伀	U+4F00	종	종	N	2015	9	N	4	6	6	unicode-total	土		excited	人		종:1N	두려워할 종
企	U+4F01	기	기	Y		9	N	4	6	6	unicode-total	土		plan a project; stand on tiptoe	人		기:0E	꾀할 기, 계획할 기
伃	U+4F03	여	여	N	2018	9	N	4	6	6	unicode-total	土		handsome	人		여:N	
伉	U+4F09	항	항	N	2015	9	N	4	6	6	unicode-total	土		compare, match; pair; spouse	人		항:0N	강직할 항, 우뚝할 항, 배필 항, 겨룰 항, 짝 항
伊	U+4F0A	이	이	N	2015	9	N	4	6	6	unicode-total	土		third person pronoun; he, she, this, that	人		이:0N	저 이, 이 이, 오직 이, 답답할 이, 성씨 이
伋	U+4F0B	급	급	N	2015	9	N	4	6	6	unicode-total	土		deceptive	人		급:0N	속일 급, 생각할 급
伍	U+4F0D	오	오	N	2015	9	N	4	6	6	unicode-total	土		five, company of five; troops	人		오:0N	五의 갖은자, 다섯 사람 오, 무리 오
伎	U+4F0E	기	기	N	2015	9	N	4	6	6	unicode-total	土		talent, skill, ability	人		기:0N	재주 기
伏	U+4F0F	복	복	Y		9	N	4	6	6	unicode-total	土		crouch, crawl, lie hidden, conceal	人		복:0E	엎드릴 복
伐	U+4F10	벌	벌	Y		9	N	4	6	6	unicode-total	土		cut down, subjugate, attack	人		벌:0E	칠 벌
休	U+4F11	휴	휴	Y		9	N	4	6	6	unicode-total	土		rest, stop; retire; do not!	人		휴:0E	쉴 휴
优	U+4F18	우	우	N	2018	9	N	4	6	6	unicode-total	土		superior, excellent; actor	人		우:N	
会	U+4F1A	회	회	N	2015	9	N	4	6	6	unicode-total	土		assemble, meet together; meeting	人		회:N	
伯	U+4F2F	백	백	Y		9	N	5	7	7	unicode-total	金		older brother; father's elder brother; senior male 'sire'; feudal rank 'count'	人		백:0E	맏 백
估	U+4F30	고	고	N	2015	9	N	5	7	7	unicode-total	金		merchant; estimate, guess, presume	人		고:1N	값 고
伴	U+4F34	반	반	Y		9	N	5	7	7	unicode-total	金		companion, comrade, partner; accompany	人		반:0E	짝 반
伶	U+4F36	령	령	N	2015	9	N	5	7	7	unicode-total	金		lonely, solitary; actor	人	영	령:0N	영리할 령, 악공 령, 광대 령
伸	U+4F38	신	신	Y		9	N	5	7	7	unicode-total	金		extend, stretch out, open up; trust	人		신:0E	펼 신, 다스릴 신, 기지개 신
伺	U+4F3A	사	사	N	2015	9	N	5	7	7	unicode-total	金		serve, wait upon, attend; examine	人		사:0N	엿볼 사
似	U+4F3C	사	사	Y		9	N	5	6	7	kangxi-sum	金		resemble, similar to; as if, seem	人		사:0E	같을 사
伽	U+4F3D	가	가	N	2015	9	N	5	7	7	unicode-total	金		transcription of Sanskrit 'gha' in Buddhist texts ('samgha', etc.); nursing; attending; entertainer (Japanese); temple; in Chinese this character is not used alone	人		가:0N	절 가
伾	U+4F3E	비	비	N	2015	9	N	5	7	7	unicode-total	金		mighty	人		비:N	
佂	U+4F42	정	정	N	2015	9	N	5	7	7	unicode-total	金			人		정:1N	두려워할 정
佃	U+4F43	전	전	N	2015	9	N	5	7	7	unicode-total	金		tenant farmer; be a tenant farmer	人		전:0N	밭 맬 전, 머슴꾼 전, 사냥할 전, 밭갈 전
但	U+4F46	단	단	Y		9	N	5	7	7	unicode-total	金		only; but, however, yet, still	人		단:0E	다만 단
佇	U+4F47	저	저	N	2015	9	N	5	7	7	unicode-total	金		wait; look towards; turn one's back on	人		저:0N	오래 설 저, 기다릴 저, 잠깐 머물 저, 우두커니설 저
佈	U+4F48	포	포	N	2015	9	N	5	7	7	unicode-total	金		spread, publicize, announce	人		포:0N	펼칠 포, 널리알릴 포
佋	U+4F4B	소	소	N	2015	9	N	5	7	7	unicode-total	金		continue, carry on; hand down; to join	人		소:1N	소개할 소, 사신 소, 댓수의 차례 소
位	U+4F4D	위	위	Y		9	N	5	7	7	unicode-total	金		throne; position, post; rank, status; seat	人		위:0E	벼슬 위, 임금의 신분 위, 자리 위, 방위 위
低	U+4F4E	저	저	Y		9	N	5	7	7	unicode-total	金		low; to lower, hang, bend, bow	人		저:0E	낮을 저, 값 쌀 저, 소리 약할 저, 숙일 저, 머뭇거릴 저
住	U+4F4F	주	주	Y		9	N	5	7	7	unicode-total	金		reside, live at, dwell, lodge; stop	人		주:0E	살 주, 머무를 주
佐	U+4F50	좌	좌	Y		9	N	5	7	7	unicode-total	金		assist, aid, second; subordinate	人		좌:0E	도울 좌
佑	U+4F51	우	우	N	2015	9	N	5	7	7	unicode-total	金		help, protect, bless	人		우:0N	도울 우
体	U+4F53	분	분	N	2015	9	N	5	7	7	unicode-total	金		body; group, class, body, unit; inferior	人		분:1N	용렬할 분 / 몸 체
佔	U+4F54	점	점	N	2015	9	N	5	7	7	unicode-total	金		occupy by force, usurp; possess	人		점:1N	엿볼 점, 숙일 점
何	U+4F55	하	하	Y		9	N	5	7	7	unicode-total	金		what, why, where, which, how	人		하:0E	어찌 하
佖	U+4F56	필	필	N	2015	9	N	5	7	7	unicode-total	金			人		필:1N	점잔피울 필, 가득할 필
佗	U+4F57	타	타	N	2015	9	N	5	7	7	unicode-total	金		other, he; surname; a load	人		타:1N	다를 타, 저 타, 마음에 든든할 타, 더할 타, 입을 타, 짊어질 타
余	U+4F59	여	여	Y		9	N	5	7	7	unicode-total	金		I, my, me; surname; surplus	人		여:0E	자기 여, 남을 여, 나 여
佚	U+4F5A	일	일	N	2015	9	N	5	7	7	unicode-total	金		indulge in pleasures; flee	人		일:0N	편안할 일, 편할 일 / 흐릴 질
佛	U+4F5B	불	불	Y		9	N	5	7	7	unicode-total	金		Buddha; of Buddhism; merciful person; Buddhist image; the dead (Japanese)	人		불:0E	부처 불
作	U+4F5C	작	작	Y		9	N	5	7	7	unicode-total	金		make; work; compose, write; act, perform	人		작:0E	지을 작
佝	U+4F5D	구	구	N	2015	9	N	5	7	7	unicode-total	金		rickets	人		구:1N	꼽추 구
佞	U+4F5E	녕	녕	N	2015	9	N	5	7	7	unicode-total	金		flattery; glib	人	영	녕:1N	재주 녕
佟	U+4F5F	퉁	퉁	N	2015	9	N	5	7	7	unicode-total	金		a name	人		퉁:1N	
佩	U+4F69	패	패	N	2015	9	N	6	8	8	unicode-total	金		belt ornament, pendant; wear at waist, tie to the belt; respect	人		패:0N	패옥 패, 찰 패, 마음에 먹을 패, 물이 흘러서 합할 패
佪	U+4F6A	회	회	N	2015	9	N	6	8	8	unicode-total	金		hesitate	人		회:1N	어정거릴 회
佯	U+4F6F	양	양	N	2015	9	N	6	8	8	unicode-total	金		pretend, feign; false, deceitful	人		양:0N	거짓 양, 어정거릴 양, 속일 양
佰	U+4F70	백	백	N	2015	9	N	6	8	8	unicode-total	金		hundred	人		백:0N	백사람의어른
佳	U+4F73	가	가	Y		9	N	6	8	8	unicode-total	金		good, auspicious; beautiful; delightful	人		가:0E	아름다울 가
佴	U+4F74	이	이	N	2015	9	N	6	8	8	unicode-total	金		a second, an assistant	人		이:N	
佶	U+4F76	길	길	N	2015	9	N	6	8	8	unicode-total	金		strong, robust; exact, correct	人		길:0N	건장할 길, 바를 길
佸	U+4F78	괄	괄	N	2015	9	N	6	8	8	unicode-total	金		meet	人		괄:1N	힘 쓸 괄
佹	U+4F79	궤	궤	N	2015	9	N	6	8	8	unicode-total	金		depend upon; support; go against; (variant deceive)	人		궤:1N	포갤 궤
佺	U+4F7A	전	전	N	2015	9	N	6	8	8	unicode-total	金		fairy	人		전:0N	신선이름
佻	U+4F7B	조	조	N	2015	9	N	6	8	8	unicode-total	金		frivolous; unsteady; delay	人		조:1N	방정맞을 조
佼	U+4F7C	교	교	N	2015	9	N	6	8	8	unicode-total	金		beautiful, handsome, good-looking	人		교:1N	예쁠 교
佽	U+4F7D	차	차	N	2015	9	N	6	8	8	unicode-total	金		aid; help	人		차:1N	도울 차
佾	U+4F7E	일	일	N	2015	9	N	6	8	8	unicode-total	金		a row or file of dancers	人		일:0N	춤 일, 줄춤 일
使	U+4F7F	사	사	Y		9	N	6	8	8	unicode-total	金		cause, send on a mission, order; envoy, messenger, ambassador	人		사:0E	하여금 사
侀	U+4F80	형	형	N	2015	9	N	6	8	8	unicode-total	金		form	人		형:N	
侁	U+4F81	신	신	N	2015	9	N	6	8	8	unicode-total	金		crowd	人		신:0N	떼지어 갈 신, 여럿이 행함 신
侃	U+4F83	간	간	N	2015	9	N	6	8	8	unicode-total	金		upright and strong; amiable	人		간:0N	강직할 간
侄	U+4F84	질	질	N	2015	9	N	6	8	8	unicode-total	金		nephew	人		질:0N	어리석을 질, 굳을 질
來	U+4F86	래	내,래	Y		9	N	6	8	8	unicode-total	金		come, coming; return, returning	人	내	내:0 래:0E	올 래 / 올 내
侈	U+4F88	치	치	N	2015	9	N	6	8	8	unicode-total	金		luxurious, extravagant	人		치:0N	사치할 치, 넓을 치, 많을 치, 풍부할 치
侉	U+4F89	과	과	N	2015	9	N	6	8	8	unicode-total	金		to speak with an accent; big and clumsy	人		과:1N	자랑할 과
侊	U+4F8A	광	광	N	2015	9	N	6	8	8	unicode-total	金		big	人		광:0N	성한 모양 광, 클 광
例	U+4F8B	례	례,예	Y		9	N	6	8	8	unicode-total	金		precedent, example; regulation	人	예	례:0E 예:0	법식 례 / 본보기 례, 견줄 례, 대부분 례, 법식 예
侍	U+4F8D	시	시	Y		9	N	6	8	8	unicode-total	金		serve, attend upon; attendant, servant; samurai	人		시:0E	모실 시, 가까울 시, 좇을 시
侎	U+4F8E	미	미	N	2015	9	N	6	8	8	unicode-total	金		to soothe, to pacify; to settle, to establish	人		미:N	
侏	U+4F8F	주	주	N	2015	9	N	6	8	8	unicode-total	金		small, little, tiny, dwarf	人		주:0N	난쟁이 주, 난장이 주
侐	U+4F90	혁	혁	N	2015	9	N	6	8	8	unicode-total	金		quiet	人		혁:N	
侑	U+4F91	유	유	N	2015	9	N	6	8	8	unicode-total	金		help, assist, repay kindness	人		유:0N	도울 유, 권할 유, 귀인을 모시고 밥먹을 유
侒	U+4F92	안	안	N	2015	9	N	6	8	8	unicode-total	金			人		안:N	
侔	U+4F94	모	모	N	2015	9	N	6	8	8	unicode-total	金		equal	人		모:1N	가지런 할 모
侖	U+4F96	륜	륜	N	2015	9	N	6	8	8	unicode-total	金		logical reasons, logical order	人	윤	륜:0N	둥글 륜, 뭉치 륜
侗	U+4F97	동	동	N	2015	9	N	6	8	8	unicode-total	金		big; ignorant; rude, rustic	人		동:1N	무지할 동
侘	U+4F98	차	차	N	2015	9	N	6	8	8	unicode-total	金		disappointed, forlorn	人		차:0N	실의할 차, 자랑할 차
侚	U+4F9A	순	순	N	2015	9	N	6	8	8	unicode-total	金		fast	人		순:1N	좇을 순, 빠를 순, 조리 돌릴 순
供	U+4F9B	공	공	Y		9	N	6	8	8	unicode-total	金		supply, provide for; offer in worship	人		공:0E	이바지할 공, 베풀 공
侜	U+4F9C	주	주	N	2015	9	N	6	8	8	unicode-total	金		lies	人		주:1N	속일 주
依	U+4F9D	의	의	Y		9	N	6	8	8	unicode-total	金		rely on, be set in; consent, obey a wish	人		의:0E	의지할 의, 기댈 의, 비슷할 의, 따를 의, 비유할 의, 병풍 의
侞	U+4F9E	여	여	N	2018	9	N	6	8	8	unicode-total	金			人		여:N	
侮	U+4FAE	모	모	Y		9	N	7	9	9	unicode-total	水		insult, ridicule, disgrace	人		모:0E	업신여길 모
侯	U+4FAF	후	후	Y		9	N	7	9	9	unicode-total	水		marquis, lord; target in archery	人		후:0E	과녁 후, 벼슬이름 후
侲	U+4FB2	진	진	N	2015	9	N	7	9	9	unicode-total	水			人		진:1N	동자 진
侵	U+4FB5	침	침	Y		9	N	7	9	9	unicode-total	水		invade, encroach upon, raid	人		침:0E	범할 침, 침노할 침, 습격할 침, 흉작 침
侶	U+4FB6	려	려	N	2015	9	N	7	9	9	unicode-total	水		companion; associate with	人	여	려:0N	짝 려
侹	U+4FB9	정	정	N	2015	9	N	7	8	9	kangxi-sum	水		straight	人		정:N	
侻	U+4FBB	탈	탈	N	2015	9	N	7	9	9	unicode-total	水		to run away, escape	人		탈:1N	간사할 탈, 가벼울 탈, 간략할 탈
侾	U+4FBE	효	효	N	2018	9	N	7	9	9	unicode-total	水			人		효:N	
便	U+4FBF	변,편	변,편	Y	2015	9	N	7	9	9	unicode-total	水		convenience, ease; expedient	人		변:0N 편:0E	똥오줌 변, 문득 변 / 편할 편, 소식 편, 익힐 편, 오줌 편, 문득 편
俁	U+4FC1	우	우	N	2015	9	N	7	9	9	unicode-total	水		big	人		우:1N	
係	U+4FC2	계	계	Y		9	N	7	9	9	unicode-total	水		bind, tie up; involve, relation	人		계:0E	걸릴 계, 이을 계
促	U+4FC3	촉	촉	Y		9	N	7	9	9	unicode-total	水		urge, press, hurry; close	人		촉:0E	핍박할 촉, 촉박할 촉, 좁을 촉, 빠를 촉, 짧을 촉, 재촉할 촉
俄	U+4FC4	아	아	N	2015	9	N	7	9	9	unicode-total	水		sudden(ly), soon; Russian	人		아:0N	갑자기 아
俅	U+4FC5	구	구	N	2015	9	N	7	9	9	unicode-total	水		ornamental cap	人		구:1N	공손할 구
俉	U+4FC9	오	오	N	2015	9	N	7	9	9	unicode-total	水			人		오:0N	맞이할 오
俊	U+4FCA	준	준	Y		9	N	7	9	9	unicode-total	水		talented, capable; handsome	人		준:0E	준걸 준
俌	U+4FCC	보	보	N	2015	9	N	7	9	9	unicode-total	水			人		보:1N	도울 보
俍	U+4FCD	량	량	N	2015	9	N	7	9	9	unicode-total	水			人	양	량:N	
俎	U+4FCE	조	조	N	2015	9	N	7	9	9	unicode-total	水		chopping board or block; painted	人		조:0N	도마 조
俏	U+4FCF	초	소,초	N	2015	9	N	7	9	9	unicode-total	水		like, similar; resemble; pretty	人		소:1 초:N	거문고 뒤치는 소리 소
俐	U+4FD0	리	리	N	2015	9	N	7	9	9	unicode-total	水		smooth; active; clever, sharp	人	이	리:1N	똑똑할 리
俑	U+4FD1	용	용	N	2015	9	N	7	9	9	unicode-total	水		wooden figure buried with dead	人		용:0N	시체와 함께 매장하는 허수아비 인형 용
俒	U+4FD2	혼	혼	N	2015	9	N	7	9	9	unicode-total	水			人		혼:N	
俓	U+4FD3	경	경	N	2015	9	N	7	9	9	unicode-total	水		straight; pass	人		경:0N	徑과 同字, 곧을 경
俔	U+4FD4	현	현	N	2015	9	N	7	9	9	unicode-total	水		like	人		현:0N	연탐할 현, 풍세보는 깃 현, 정탐할 현
俖	U+4FD6	배	배	N	2018	9	N	7	9	9	unicode-total	水			人		배:N	
俗	U+4FD7	속	속	Y		9	N	7	9	9	unicode-total	水		social customs; vulgar, unrefined	人		속:0E	익을 속, 버릇 속, 풍속 속, 세상 속
俘	U+4FD8	부	부	N	2015	9	N	7	9	9	unicode-total	水		prisoner of war; take as prisoner	人		부:1N	사로잡을 부
俙	U+4FD9	희	희	N	2015	9	N	7	9	9	unicode-total	水		to pretend, appear as if	人		희:N	
俚	U+4FDA	리	리	N	2015	9	N	7	9	9	unicode-total	水		rustic, vulgar, unpolished; mean	人	이	리:0N	속될 리
俛	U+4FDB	면	면	N	2015	9	N	7	9	9	unicode-total	水		make effort, endeavor; to lower the head	人		면:1N	힘쓸 면
保	U+4FDD	보	보	Y		9	N	7	9	9	unicode-total	水		protect, safeguard, defend, care	人		보:0E	지킬 보, 도울 보
俞	U+4FDE	유	유	N	2015	9	N	7	9	9	unicode-total	水		surname; consent, approve	人		유:N	
俟	U+4FDF	사	사	N	2015	9	N	7	9	9	unicode-total	水		wait for, wait until, as soon as	人		사:0N	기다릴 사
俠	U+4FE0	협	협	N	2015	9	N	7	9	9	unicode-total	水		chivalrous person; knight-errant	人		협:0N	의기 협, 사이에 낄 협, 협기 협
信	U+4FE1	신	신	Y		9	N	7	9	9	unicode-total	水		trust, believe; letter	人		신:0E	믿을 신, 밝힐 신, 맏길 신, 이틀 밤을 잘 신, 사신 신
俣	U+4FE3	오	오	N	2015	9	N	7	9	9	unicode-total	水		big	人		오:1N	갈래질 오
修	U+4FEE	수	수	Y		9	N	8	10	10	unicode-total	水		study; repair; cultivate	人		수:0E	닦을 수, 옳게할 수, 정리할 수, 꾸밀 수
俯	U+4FEF	부	부	N	2015	9	N	8	10	10	unicode-total	水		bow down, face down, look down	人		부:0N	구푸릴 부, 구부릴 부
俰	U+4FF0	화	화	N	2015	9	N	8	10	10	unicode-total	水			人		화:1N	화할 화
俱	U+4FF1	구	구	Y		9	N	8	10	10	unicode-total	水		all, together; accompany	人		구:0E	함께 구
俳	U+4FF3	배	배	N	2015	9	N	8	10	10	unicode-total	水		actor; vaudeville show; insincere	人		배:0N	광대 배
俴	U+4FF4	천	천	N	2015	9	N	8	10	10	unicode-total	水		thin	人		천:1N	엷을 천
俵	U+4FF5	표	표	N	2015	9	N	8	10	10	unicode-total	水		divide, distribute	人		표:0N	나누어 줄 표, 흩어질 표, 가마니 표
俶	U+4FF6	숙	숙	N	2015	9	N	8	10	10	unicode-total	水		start, begin; beginning; arrange	人		숙:1N	비롯할 숙, 처음 숙, 지을 숙 / 시작할 척
俸	U+4FF8	봉	봉	N	2015	9	N	8	10	10	unicode-total	水		wages, salary, official emolument	人		봉:0N	녹 봉
俺	U+4FFA	엄	엄	N	2015	9	N	8	10	10	unicode-total	水		personal pronoun, I	人		엄:0N	자기 엄, 클 엄
俾	U+4FFE	비	비	N	2015	9	N	8	10	10	unicode-total	水		so that, in order that; to cause; (Cant.) to give (synonymous with Mandarin 給)	人		비:1N	더할 비
倀	U+5000	창	창	N	2015	9	N	8	10	10	unicode-total	水		bewildered; rash, wildly	人		창:1N	미칠 창
倂	U+5002	병	병	N	2015	9	N	8	10	10	unicode-total	水		combine	人		병:0N	아우를 병, 나란할 병
倅	U+5005	쉬	쉬	N	2015	9	N	8	10	10	unicode-total	水		deputy, vice-	人		쉬:1N	버금 쉬, 아직 벼슬자리에 오르지 않은 아들 쉬, 원님 쉬
倆	U+5006	량	량	N	2015	9	N	8	10	10	unicode-total	水		clever, skilled; two, pair	人	양	량:0N	재주 량, 공교할 량
倇	U+5007	원	원	N	2015	9	N	8	10	10	unicode-total	水			人		원:N	
倉	U+5009	창	창	Y		9	N	8	10	10	unicode-total	水		granary; berth; sea	人		창:0E	곳집 창
個	U+500B	개	개	Y		9	N	8	10	10	unicode-total	水		numerary adjunct, piece; single	人		개:0E	낱 개, 치우칠 개
倍	U+500D	배	배	Y		9	N	8	10	10	unicode-total	水		times, fold, multiple times	人		배:0E	곱 배, 갑절 배
倏	U+500F	숙	숙	N	2015	9	N	8	10	10	unicode-total	水		hastily, suddenly, abruptly	人		숙:1N	잠간 숙, 홀연 숙, 개의 빨리 달리는 모양 숙
們	U+5011	문	문	N	2015	9	N	8	10	10	unicode-total	水		adjunct pronoun indicate plural	人		문:0N	들 문, 무리 문
倒	U+5012	도	도	Y		9	N	8	10	10	unicode-total	水		fall over; lie down; take turns	人		도:0E	넘어질 도, 거꾸러질 도
倓	U+5013	담	담	N	2015	9	N	8	10	10	unicode-total	水			人		담:N	
倔	U+5014	굴	굴	N	2015	9	N	8	10	10	unicode-total	水		stubborn, obstinate, intransigent; firm	人		굴:1N	딱딱할 굴
倖	U+5016	행	행	N	2015	9	N	8	10	10	unicode-total	水		lucky, fortunate; dote on, spoil	人		행:0N	요행 행, 괴일 행, 아당할 행, 친할 행, 사랑할 행
倘	U+5018	당	당	N	2015	9	N	8	10	10	unicode-total	水		if, supposing, in event of	人		당:1N	혹시 당
候	U+5019	후	후	Y		9	N	8	10	10	unicode-total	水		wait; expect; visit; greet	人		후:0E	물을 후, 기후 후
倚	U+501A	의	의	N	2015	9	N	8	10	10	unicode-total	水		rely on, depend on; lean heavily	人		의:0N	기댈 의, 의지할 의, 믿을 의
倜	U+501C	척	척	N	2015	9	N	8	10	10	unicode-total	水		raise high; unrestrained	人		척:0N	대범할 척, 빼어날 척
倞	U+501E	경	경	N	2015	9	N	8	10	10	unicode-total	水		far	人		경:0N	굳셀 경
借	U+501F	차	차	Y		9	N	8	10	10	unicode-total	水		borrow; lend; make pretext of	人		차:0E	빌 차, 빌릴 차
倡	U+5021	창	창	N	2015	9	N	8	10	10	unicode-total	水		guide, leader; lead, introduce	人		창:0N	여광대 창, 계집광대 창
倢	U+5022	첩	첩	N	2015	9	N	8	10	10	unicode-total	水		beautiful, handsome; woman	人		첩:1N	빠를 첩
倣	U+5023	방	방	Y		9	N	8	10	10	unicode-total	水		imitate	人		방:0E	본뜰 방, 본받을 방
値	U+5024	치	치	Y		9	N	8	10	10	unicode-total	水		price, cost, worth	人		치:0E	값 치, 가치있을 치, 만날 치, 당할 치
倥	U+5025	공	공	N	2015	9	N	8	10	10	unicode-total	水		boorish, ignorant; urgent, pressing	人		공:1N	어리석을 공
倦	U+5026	권	권	N	2015	9	N	8	10	10	unicode-total	水		be tired of, weary	人		권:0N	게으를 권
倧	U+5027	종	종	N	2015	9	N	8	10	10	unicode-total	水			人		종:0N	상고 신인 종, 옛적신인 종
倨	U+5028	거	거	N	2015	9	N	8	10	10	unicode-total	水		arrogant, haughty, rude	人		거:0N	거만할 거, 걸터 앉을 거, 굽을 거
倩	U+5029	천	천	N	2015	9	N	8	10	10	unicode-total	水		beautiful, lovely; son-in-law	人		천:1N	예쁠 천
倪	U+502A	예	예	N	2015	9	N	8	10	10	unicode-total	水		feeble, tiny, young and weak	人		예:0N	어릴 예, 도울 예, 끝 예
倫	U+502B	륜	륜,윤	Y		9	N	8	10	10	unicode-total	水		normal human relationships	人	윤	륜:0E 윤:0	인륜 륜 / 인륜 륜, 무리 륜, 조리 륜, 의리 륜, 가릴 륜
倬	U+502C	탁	탁	N	2015	9	N	8	10	10	unicode-total	水		noticeable, large; clear, distinct	人		탁:0N	환할 탁, 클 탁
倭	U+502D	왜	왜	N	2015	9	N	8	10	10	unicode-total	水		dwarf; dwarfish, short	人		왜:0N	나라이름 왜, 일본 / 순한 모양 위, 빙글 돌아올 위
倮	U+502E	라	라	N	2015	9	N	8	10	10	unicode-total	水		bare, naked, uncovered	人	나	라:1N	알몸 라
倰	U+5030	릉	릉	N	2015	9	N	8	10	10	unicode-total	水			人	능	릉:1N	속일 릉
倻	U+503B	야	야	N	2015	9	N	9	10	11	kangxi-sum	木		phonetic used in Korean place names	人		야:0N	땅이름 야
偃	U+5043	언	언	N	2015	9	N	9	11	11	unicode-total	木		cease, lay off, lay down	人		언:0N	자빠질 언, 누울 언
偄	U+5044	난	난	N	2015	9	N	9	11	11	unicode-total	木		weak	人		난:1N	언약할 난
偆	U+5046	준	준	N	2018	9	N	9	11	11	unicode-total	木			人		준:N	
假	U+5047	가	가	Y		9	N	9	11	11	unicode-total	木		falsehood, deception; vacation	人		가:0E	거짓 가
偈	U+5048	게	게	N	2015	9	N	9	11	11	unicode-total	木		brave; martial; hasty; scudding	人		게:0N	쉴 게, 게타 게, 글귀 게 / 힘 빼두를 걸, 빠를 걸, 헌걸찰 걸
偉	U+5049	위	위	Y		9	N	9	11	11	unicode-total	木		great, robust; extraordinary	人		위:0E	클 위, 넉넉할 위, 기특할 위
偊	U+504A	우	우	N	2015	9	N	9	11	11	unicode-total	木		to walk alone; self-reliant	人		우:1N	
偎	U+504E	외	외	N	2015	9	N	9	11	11	unicode-total	木		cling to, cuddle, embrace, fondle	人		외:1N	사랑할 외, 가물거릴 외
偏	U+504F	편	편	Y		9	N	9	11	11	unicode-total	木		inclined one side; slanting	人		편:0E	치우칠 편, 무리 편, 오십명 편, 간사한 모양 편
偓	U+5053	악	악	N	2015	9	N	9	11	11	unicode-total	木		to fuss	人		악:1N	거리낄 악
偕	U+5055	해	해	N	2015	9	N	9	11	11	unicode-total	木		together; be in order	人		해:0N	함께할 해, 굳셀 해
偘	U+5058	간	간	N	2015	9	N	9	11	11	unicode-total	木		ancient family name	人		간:1N	侃과 同字
偙	U+5059	제	제	N	2015	9	N	9	11	11	unicode-total	木			人		제:N	
做	U+505A	주	주	N	2015	9	N	9	11	11	unicode-total	木		work, make; act	人		주:0N	지을 주, 만들 주
停	U+505C	정	정	Y		9	N	9	11	11	unicode-total	木		stop, suspend, delay; suitable	人		정:0E	머무를 정, 늦어질 정
偠	U+5060	요	요	N	2015	9	N	9	11	11	unicode-total	木			人		요:1N	허리 가늘 요
偢	U+5062	초	초	N	2015	9	N	9	11	11	unicode-total	木		to stare at	人		초:1N	얼이 빠져 있을 초
健	U+5065	건	건	Y		9	N	9	10	11	kangxi-sum	木		strong, robust, healthy; strength	人		건:0E	굳셀 건, 병 없을 건, 탐할 건
偦	U+5066	서	서	N	2015	9	N	9	11	11	unicode-total	木			人		서:N	
偪	U+506A	핍	핍	N	2015	9	N	9	11	11	unicode-total	木		compel, pressure, force; bother	人		핍:1N	핍박할 핍, 가까울 핍
偰	U+5070	설	설	N	2015	9	N	9	11	11	unicode-total	木		an ancestor of the Shāng emperors, said to be one of Shùn’s ministers	人		설:1N	맑을 설
偲	U+5072	시	시	N	2015	9	N	9	11	11	unicode-total	木		talented; urgent	人		시:1N	간절히 책망할 시, 살피고 힘쓸 시, 굳셀 시
側	U+5074	측	측	Y		9	N	9	11	11	unicode-total	木		side; incline, slant, lean	人		측:0E	곁 측, 기울어질 측, 저물 측, 배반할 측, 가까울 측, 미천할 측, 아플 측
偵	U+5075	정	정	N	2015	9	N	9	11	11	unicode-total	木		spy, reconnoiter; detective	人		정:0N	엿볼 정, 정탐할 정, 물을 정
偶	U+5076	우	우	Y		9	N	9	11	11	unicode-total	木		accidentally, coincidently; an idol	人		우:0E	짝지울 우, 무리 우, 뜻밖에 우
偸	U+5078	투	투	N	2015	9	N	9	11	11	unicode-total	木		to steal	人		투:0N	훔칠 투, 엷을 투, 구차할 투, 인정머리없을 투
傀	U+5080	괴	괴	N	2015	9	N	10	11	12	kangxi-sum	木		great, gigantic; puppet	人		괴:0N	클 괴, 괴이할 괴
傃	U+5083	소	소	N	2015	9	N	10	12	12	unicode-total	木			人		소:N	
傅	U+5085	부	부	N	2015	9	N	10	12	12	unicode-total	木		tutor, teacher; assist; surname	人		부:0N	스승 부
傋	U+508B	강	강	N	2015	9	N	10	12	12	unicode-total	木			人		강:1N	아첨 아니할 강
傍	U+508D	방	방	Y		9	N	10	12	12	unicode-total	木		by side of, beside, near, close	人		방:0E	곁 방
傑	U+5091	걸	걸	Y		9	N	10	12	12	unicode-total	木		hero; outstanding, remarkable	人		걸:0E	호걸 걸, 준걸 걸, 뛰어날 걸, 거만할 걸, 떡잎 걸
傒	U+5092	혜	혜	N	2015	9	N	10	12	12	unicode-total	木		personal name; servant	人		혜:1N	묶을 혜
傔	U+5094	겸	겸	N	2015	9	N	10	12	12	unicode-total	木		servant	人		겸:1N	겸종 겸
傖	U+5096	창	창	N	2015	9	N	10	12	12	unicode-total	木		vulgar person, country man	人		창:1N	천할 창
傘	U+5098	산	산	N	2015	9	N	10	12	12	unicode-total	木		umbrella, parasol, parachute	人		산:0N	우산 산
備	U+5099	비	비	Y		9	N	10	12	12	unicode-total	木		prepare, ready, perfect	人		비:0E	깆출 비, 갖출 비
傚	U+509A	효	효	N	2015	9	N	10	12	12	unicode-total	木		imitate, mimic	人		효:1N	본받을 효
傛	U+509B	용	용	N	2015	9	N	10	12	12	unicode-total	木			人		용:1N	혁혁할 용, 몸 굽힐 용
傝	U+509D	탑	탑	N	2015	9	N	10	12	12	unicode-total	木			人		탑:1N	답답할 탑, 불안할 탑, 어리석을 탑, 용렬할 탑
傞	U+509E	사	사	N	2015	9	N	10	11	12	kangxi-sum	木		unsteady	人		사:1N	취하여 춤추는 모양 사
催	U+50AC	최	최	Y		9	N	11	13	13	unicode-total	火		press, urge	人		최:0E	재촉할 최, 핍박할 최, 일어날 최
傭	U+50AD	용	용	N	2015	9	N	11	13	13	unicode-total	火		hire, employ, charter; servant	人		용:0N	머슴 용, 지을 용, 삯 용
傮	U+50AE	조	조	N	2015	9	N	11	13	13	unicode-total	火		finish, to go around	人		조:1N	마칠 조
傲	U+50B2	오	오	Y		9	N	11	12	13	kangxi-sum	火		proud, haughty, overbearing	人		오:0E	업신여길 오, 즐길 오, 거만할 오
傳	U+50B3	전	전	Y		9	N	11	13	13	unicode-total	火		summon; propagate, transmit	人		전:0E	전할 전, 펼 전, 이을 전, 주막 전, 책 전
傴	U+50B4	구	구	N	2015	9	N	11	13	13	unicode-total	火		humpback; stoop	人		구:1N	구부릴 구
債	U+50B5	채	채	Y		9	N	11	13	13	unicode-total	火		debt, loan, liabilities	人		채:0E	빚 채, 빚질 채
傷	U+50B7	상	상	Y		9	N	11	13	13	unicode-total	火		wound, injury; fall ill from	人		상:0E	상처 상, 상할 상
傽	U+50BD	장	장	N	2015	9	N	11	13	13	unicode-total	火		terror-stricken	人		장:1N	놀랄 장
傾	U+50BE	경	경	Y		9	N	11	13	13	unicode-total	火		upset, pour out, overflow	人		경:0E	기울 경, 기울어질 경
傿	U+50BF	언	언	N	2015	9	N	11	13	13	unicode-total	火			人		언:1N	鄢과 同字
僂	U+50C2	루	루	N	2015	9	N	11	13	13	unicode-total	火		humpback; surname	人	누	루:1N	구부릴 루
僄	U+50C4	표	표	N	2015	9	N	11	13	13	unicode-total	火		light; airy	人		표:1N	몸이 가벼울 표, 진중치 못할 표
僅	U+50C5	근	근	Y		9	N	11	13	13	unicode-total	火		only, merely, solely, just	人		근:0E	겨우 근
僉	U+50C9	첨	첨	N	2015	9	N	11	13	13	unicode-total	火		all, together, unanimous	人		첨:0N	다 첨
僊	U+50CA	선	선	N	2015	9	N	11	14	14	total-gt-rs-check	火		Taoist super-being, transcendent, immortal	人		선:0N	춤출 선
僎	U+50CE	준	준	N	2018	9	N	12	14	14	unicode-total	火		collect	人		준:N	
像	U+50CF	상	상	Y		9	N	12	13	14	kangxi-sum	火		a picture, image, figure; to resemble	人		상:0E	형상 상
僑	U+50D1	교	교	N	2015	9	N	12	14	14	unicode-total	火		sojourn, lodge	人		교:0N	높을 교, 붙어살 교
僔	U+50D4	준	준	N	2015	9	N	12	14	14	unicode-total	火			人		준:N	
僕	U+50D5	복	복	N	2015	9	N	12	14	14	unicode-total	火		slave, servant, I	人		복:0N	종 복, 시중꾼 복
僖	U+50D6	희	희	N	2015	9	N	12	14	14	unicode-total	火		joy, gladness, delight; surname	人		희:0N	기쁠 희, 즐거울 희
僚	U+50DA	료	료,요	Y		9	N	12	14	14	unicode-total	火		companion, colleague; officials; bureaucracy; a pretty face	人	요	료:0E 요:0	동료 료, 동관 료 / 벗 료, 어여쁠 료, 동관 요
僛	U+50DB	기	기	N	2015	9	N	12	14	14	unicode-total	火		tipsy reel	人		기:1N	취하여 춤추는 모양 기
僞	U+50DE	위	위	Y		9	N	12	14	14	unicode-total	火		false, counterfeit, bogus	人		위:0E	거짓 위, 속일 위
僢	U+50E2	천	천	N	2015	9	N	12	14	14	unicode-total	火			人		천:1N	어그러질 천
僥	U+50E5	요	요	N	2015	9	N	12	14	14	unicode-total	火		be lucky; by chance, by luck	人		요:0N	거짓 요, 난장이 요, 요행 요
僦	U+50E6	추	추	N	2015	9	N	12	14	14	unicode-total	火		to heir; to rent	人		추:1N	임금 추, 고용할 추
僧	U+50E7	승	승	Y		9	N	12	14	14	unicode-total	火		Buddhist priest, monk; san of Sanskrit sangha	人		승:0E	중 승
僩	U+50E9	한	한	N	2015	9	N	12	14	14	unicode-total	火		courageous; martial; dignified	人		한:1N	노할 한
僬	U+50EC	초	초	N	2015	9	N	12	14	14	unicode-total	火		clever; alert in mind pigmies	人		초:1N	밝게 살필 초
僭	U+50ED	참	참	N	2015	9	N	12	14	14	unicode-total	火		assume, usurp	人		참:0N	참람할 참, 거짓 참
僮	U+50EE	동	동	N	2015	9	N	12	14	14	unicode-total	火		page, boy servant	人		동:1N	아이 동
僵	U+50F5	강	강	N	2015	9	N	13	15	15	unicode-total	土		stiff and motionless, stock still	人		강:1N	엎드러질 강, 쓰러질 강
價	U+50F9	가	가	Y		9	N	13	15	15	unicode-total	土		price, value	人		가:0E	값 가
僻	U+50FB	벽	벽	N	2015	9	N	13	15	15	unicode-total	土		out-of-the-way, remote; unorthodox	人		벽:0N	후미질 벽
僾	U+50FE	애	애	N	2015	9	N	13	15	15	unicode-total	土		like	人		애:1N	어렴풋할 애
僿	U+50FF	사	사	N	2015	9	N	13	15	15	unicode-total	土		small, minute; lacking sincerity	人		사:0N	잘게 부슬 사, 정성없는 사
儀	U+5100	의	의	Y		9	N	13	15	15	unicode-total	土		ceremony, rites gifts; admire	人		의:0E	꼴 의, 모양 의, 법도 의, 좋을 의
儁	U+5101	준	준	N	2015	9	N	13	14	15	kangxi-sum	土		outstanding, fine; superior; talented, capable; handsome	人		준:0N	雋·俊과 同字, 영특할 준
儂	U+5102	농	농	N	2015	9	N	13	15	15	unicode-total	土		I; you; family name	人		농:1N	나 농
儃	U+5103	천	천	N	2015	9	N	13	15	15	unicode-total	土		manner, air; easy-going; to turn around; lame; unable to get on	人		천:1N	머뭇거릴 천
億	U+5104	억	억	Y		9	N	13	15	15	unicode-total	土		hundred million; many	人		억:0E	억 억, 편안할 억, 이바지할 억, 헤아릴 억, 인민 억
儆	U+5106	경	경	N	2015	9	N	13	14	15	kangxi-sum	土		warn; warning	人		경:0N	경계할 경
儇	U+5107	현	현	N	2015	9	N	13	15	15	unicode-total	土		clever, nimble	人		현:1N	영리할 현, 빠를 현
儉	U+5109	검	검	Y		9	N	13	15	15	unicode-total	土		temperate, frugal, economical	人		검:0E	검소할 검, 흉년들 검, 적을 검, 가난할 검
儋	U+510B	담	담	N	2015	9	N	13	15	15	unicode-total	土		a small jar; to bear a burden; a load of two	人		담:1N	기운차고 날쌜해집 담
儐	U+5110	빈	빈	N	2015	9	N	14	16	16	unicode-total	土		entertain guests	人		빈:1N	인도할 빈
儒	U+5112	유	유	Y		9	N	14	16	16	unicode-total	土		Confucian scholar	人		유:0E	선비 유, 나장이 유, 유도 유, 광대 유
儓	U+5113	대	대	N	2015	9	N	14	16	16	unicode-total	土		servant	人		대:1N	하인 대
儔	U+5114	주	주	N	2015	9	N	14	16	16	unicode-total	土		companion, mate, colleague	人		주:1N	무리 주
儕	U+5115	제	제	N	2015	9	N	14	16	16	unicode-total	土		a company, companion; together	人		제:1N	동배 제
儗	U+5117	의	의	N	2015	9	N	14	16	16	unicode-total	土		compare with, draw analogy with	人		의:1N	서로 못믿을 의, 참람할 의
儘	U+5118	진	진	N	2015	9	N	14	16	16	unicode-total	土		utmost	人		진:1N	盡과 同字
儛	U+511B	무	무	N	2015	9	N	14	16	16	unicode-total	土		to skip about, to dance for joy	人		무:1N	舞와 同字
儜	U+511C	녕	녕	N	2015	9	N	14	16	16	unicode-total	土		weak; wearied; in distress	人	영	녕:1N	고달플 녕
償	U+511F	상	상	Y		9	N	15	17	17	unicode-total	金		repay, recompense; restitution	人		상:0E	갚을 상
儡	U+5121	뢰	뢰	N	2015	9	N	15	17	17	unicode-total	金		puppet, dummy	人	뇌	뢰:0N	영락할 뢰, 무너질 뢰
儢	U+5122	려	려	N	2015	9	N	15	17	17	unicode-total	金			人	여	려:1N	맘에 하기 싫을 려
儤	U+5124	포	포	N	2015	9	N	15	17	17	unicode-total	金		on duty	人		포:1N	
儥	U+5125	육	육	N	2015	9	N	15	17	17	unicode-total	金			人		육:1N	팔 육, 길 육
儧	U+5127	찬	찬	N	2015	9	N	15	17	17	unicode-total	金			人		찬:1N	모일 찬
優	U+512A	우	우	Y		9	N	15	17	17	unicode-total	金		superior, excellent; actor	人		우:0E	넉넉할 우, 부드러울 우, 나을 우, 결단성 없을 우
儫	U+512B	호	호	N	2015	9	N	15	16	17	kangxi-sum|kangxi-pos-residual:14>15	金			人		호:1N	영웅 호
儱	U+5131	롱	롱	N	2015	9	N	16	18	18	unicode-total	金		rude; barbarous	人	농	롱:1N	건목칠 롱
儲	U+5132	저	저	N	2015	9	N	16	17	18	kangxi-sum	金		to save money, store, reserve; an heir	人		저:0N	쌓을 저, 버금 저, 용납할 저
儳	U+5133	참	참	N	2015	9	N	17	19	19	unicode-total	水		obstinate; stupid; uneven; mix	人		참:1N	어긋날 참
儵	U+5135	숙	숙	N	2015	9	N	17	18	19	kangxi-sum	水		hastily, suddenly, abruptly	人		숙:1N	잿빛 숙, 남해 임금 숙, 독화당할 숙, 갑자기 숙
儷	U+5137	려	려	N	2015	9	N	19	21	21	unicode-total	木		spouse, couple, pair	人	여	려:0N	짝 려
儸	U+5138	라	라	N	2015	9	N	19	21	21	unicode-total	木		bandit, daredevil	人	나	라:N	
儹	U+5139	찬	찬	N	2015	9	N	19	21	21	unicode-total	木		to accumulate, to hoard, to store up	人		찬:1N	모을 찬
儺	U+513A	나	나	N	2015	9	N	19	21	21	unicode-total	木		rich	人		나:0N	역귀 쫓을 나, 법도있는 나
儻	U+513B	당	당	N	2015	9	N	20	22	22	unicode-total	木		if, supposing, in case	人		당:1N	빼어날 당
儼	U+513C	엄	엄	N	2015	9	N	20	21	22	kangxi-sum	木		grave, respectful, majestic	人		엄:0N	공경할 엄, 머리쳐들 엄
儿	U+513F	인	인	N	2015	10	N	0	2	2	unicode-total	木		son, child; Kangxi radical 10	儿		인:N	어진사람
兀	U+5140	올	올	N	2015	10	N	1	3	3	unicode-total	火		to cut off the feet	儿		올:0N	우뚝할 올, 움직이지 않을 올, 오똑할 올
允	U+5141	윤	윤	N	2015	10	N	2	4	4	unicode-total	火		to grant, to allow, to consent	儿		윤:0N	미쁠 윤, 마땅할 윤, 옳게 여길 윤, 좇을 윤, 허락할 윤, 진실로 윤
元	U+5143	원	원	Y		10	N	2	4	4	unicode-total	火		first; dollar; origin; head	儿		원:0E	으뜸 원, 착하고 어질 원, 일 년의 첫 날 원, 임금 원, 백성 원, 하늘 원
兄	U+5144	형	형	Y		10	N	3	5	5	unicode-total	土		elder brother	儿		형:0E	맏이 형
充	U+5145	충	충	Y		10	N	4	6	6	unicode-total	土		fill, be full, supply	儿		충:0E	가득찰 충, 막을 충, 당할 충
兆	U+5146	조	조	Y		10	N	4	6	6	unicode-total	土		omen; million; mega; also trillion. China = million; Japan and Taiwan = trillion	儿		조:0E	조짐 조
兇	U+5147	흉	흉	N	2015	10	N	4	6	6	unicode-total	土		atrocious, ferocious, brutal	儿		흉:0N	흉악할 흉, 나쁜 흉
先	U+5148	선	선	Y		10	N	4	6	6	unicode-total	土		first, former, previous	儿		선:0E	먼저 선
光	U+5149	광	광	Y		10	N	4	6	6	unicode-total	土		light, brilliant, shine; only	儿		광:0E	빛 광
克	U+514B	극	극	Y		10	N	5	7	7	unicode-total	金		gram; overcome; transliteration	儿		극:0E	이길 극
兌	U+514C	태	태	N	2015	10	N	5	7	7	unicode-total	金		cash; exchange, barter; weight; trigram ☱; hexagram ䷹	儿		태:0N	기쁠 태, 지름길 태, 모일 태, 통할 태, 곧을 태, 구멍 태, 바꿀 태, 괘 이름 태
免	U+514D	면	면	Y		10	N	5	7	7	unicode-total	金		spare; excuse from; evade	儿		면:0E	면할 면
兎	U+514E	토	토	N	2015	10	N	5	7	7	unicode-total	金		rabbit, hare	儿		토:0N	兔의 俗字, 토끼 토
児	U+5150	아	아	N	2015	10	N	5	7	7	unicode-total	金		son, child, oneself; final part	儿		아:N	
兒	U+5152	아,예	아,예	Y	2015	10	N	6	8	8	unicode-total	金		son, child, oneself; final part	儿		아:0E 예:N	아이 아
兔	U+5154	토	토	N	2015	10	N	6	8	8	unicode-total	金		rabbit, hare	儿		토:N	
兕	U+5155	시	시	N	2015	10	N	6	7	8	kangxi-sum	金		a female rhinoceros	儿		시:1N	외뿔난 소 시
兖	U+5156	연	연	N	2015	10	N	6	8	8	unicode-total	金		establish; one of nine empire divisions	儿		연:N	
兗	U+5157	연	연	N	2015	10	N	7	9	9	unicode-total	水		establish; one of nine empire divisions	儿		연:1N	고을이름 연, 믿을 연, 단정할 연
兜	U+515C	두	두	N	2015	10	N	9	11	11	unicode-total	木		pouch	儿		두:0N	투구 두, 둘러쌀 두
兢	U+5162	긍	긍	N	2015	10	N	12	14	14	unicode-total	火		fearful, cautious, wary	儿		긍:0N	삼갈 긍, 조심할 긍
入	U+5165	입	입	Y		11	N	0	2	2	unicode-total	木		enter, come in(to), join	入		입:0E	들 입
內	U+5167	내	내	Y		11	N	2	4	4	unicode-total	火		inside, interior; domestic	入		내:0E	안 내
全	U+5168	전	전	Y		11	N	4	6	6	unicode-total	土		maintain, keep whole or intact	入		전:0E	온전할 전, 갖출 전
兩	U+5169	량	량,양	Y		11	N	6	8	8	unicode-total	金		two, both, pair, couple; ounce	入	양	량:0E 양:0	두 량, 둘 량 / 두 량, 둘 양
兪	U+516A	유	유	N	2015	11	N	7	9	9	unicode-total	水		surname; consent	入		유:0N	그럴 유, 대답할 유, 공손할 유, 그러할 유
八	U+516B	팔	팔	Y		12	N	0	2	8	numeral-meaning	金		eight; all around, all sides	八		팔:0E	여덟 팔
公	U+516C	공	공	Y		12	N	2	4	4	unicode-total	火		fair, equitable; public; duke	八		공:0E	공변될 공
六	U+516D	륙	륙,육	Y		12	N	2	4	6	numeral-meaning	土		number six	八	육	륙:0E 육:0	여섯 륙 / 여섯 륙, 나라이름 륙
兮	U+516E	혜	혜	Y		12	N	2	4	4	unicode-total	火		exclamatory particle	八		혜:0E	어조사 혜
共	U+5171	공	공	Y		12	N	4	6	6	unicode-total	土		together with, all, total; to share	八		공:0E	함께 공, 한가지 공
兵	U+5175	병	병	Y		12	N	5	7	7	unicode-total	金		soldier, troops	八		병:0E	군사 병
其	U+5176	기	기	Y		12	N	6	8	8	unicode-total	金		his, her, its, their; that	八		기:0E	그 기
具	U+5177	구	구	Y		12	N	6	8	8	unicode-total	金		tool, implement; draw up, write	八		구:0E	갖출 구
典	U+5178	전	전	Y		12	N	6	8	8	unicode-total	金		law, canon; documentation; classic, scripture	八		전:0E	책 전, 법 전, 맡을 전, 도덕 전
兼	U+517C	겸	겸	Y		12	N	8	10	10	unicode-total	水		unite, combine; connect; and	八		겸:0E	겸할 겸, 아우를 겸, 둘 얻을 겸, 모을 겸
冀	U+5180	기	기	N	2015	12	N	14	16	16	unicode-total	土		hope for; wish; Hebei province	八		기:0N	바랄 기
冂	U+5182	경	경	N	2015	13	N	0	2	2	unicode-total	木		wide; Kangxi radical 13	冂		경:N	멀다
円	U+5186	엔	엔	N	2015	13	N	2	4	4	unicode-total	火		yen	冂		엔:0N	일본화폐단위
冉	U+5189	염	염	N	2015	13	N	3	5	5	unicode-total	土		tender; weak; proceed gradually	冂		염:1N	가는 털 늘어질 염, 남생이 등 언저리 염, 침노할 염
冊	U+518A	책	책	Y		13	N	3	5	5	unicode-total	土		book, volume	冂		책:0E	책 책
册	U+518C	책	책	N	2015	13	N	3	5	5	unicode-total	土		book, volume, register, list	冂		책:N	
再	U+518D	재	재	Y		13	N	4	6	6	unicode-total	土		again, twice, re-	冂		재:0E	두 번 재, 거듭 재
冏	U+518F	경	경	N	2015	13	N	5	7	7	unicode-total	金		(archaic form of 炯) light, bright	冂		경:1N	빛날 경
冑	U+5191	주	주	N	2015	13	N	7	9	9	unicode-total	水		helmet	冂		주:N	
冒	U+5192	모	모	Y		13	N	7	9	9	unicode-total	水		risk, brave, dare	冂		모:0E	가릴 모, 무릅쓸 모
冓	U+5193	구	구	N	2015	13	N	8	10	10	unicode-total	水		a secluded place; secret cabinet	冂		구:1N	재목 어긋매겨 쌓을 구
冕	U+5195	면	면	N	2015	13	N	9	11	11	unicode-total	木		crown; ceremonial cap	冂		면:0N	면류관 면
冗	U+5197	용	용	N	2015	14	N	2	4	4	unicode-total	火		excessive; superfluous	冖		용:0N	宂과 同字, 한산할 용
冘	U+5198	유	유	N	2015	14	N	2	4	4	unicode-total	火		to move on; doubtful, to hesitate	冖		유:1N	머뭇거릴 유, 갈 유
冞	U+519E	미	미	N	2015	14	N	6	8	8	unicode-total	金		far	冖		미:N	
冠	U+51A0	관	관	Y		14	N	7	9	9	unicode-total	水		cap, crown, headgear	冖		관:0E	갓 관
冢	U+51A2	총	총	N	2015	14	N	8	10	10	unicode-total	水		burial mound, mausoleum; grand	冖		총:N	
冣	U+51A3	취	취	N	2015	14	N	8	10	10	unicode-total	水		(ancient form of 聚) assemble; most, extremely	冖		취:1N	쌓을 취, 모을 취
冤	U+51A4	원	원	N	2015	14	N	8	10	10	unicode-total	水		grievance, injustice, wrong	冖		원:1N	원통할 원, 원한 원
冥	U+51A5	명	명	Y		14	N	8	10	10	unicode-total	水		dark, gloomy, night; deep	冖		명:0E	어두울 명
冪	U+51AA	멱	멱	N	2015	14	N	14	15	16	kangxi-sum	土		cover-cloth, cover with cloth	冖		멱:0N	덮을 멱
冬	U+51AC	동	동	Y		15	N	3	5	5	unicode-total	土	水	winter, 11th lunar month	冫		동:0E	겨울 동
冱	U+51B1	호	호	N	2015	15	N	4	6	6	unicode-total	土	水	freezing; stopped up, closed off	冫		호:1N	찰 호, 얼 호, 막을 호
冲	U+51B2	충	충	N	2015	15	N	4	6	6	unicode-total	土	水	soar; pour boiling water over	冫		충:1N	깊을 충, 온화할 충, 어릴 충
冶	U+51B6	야	야	N	2015	15	N	5	7	7	unicode-total	金	水	smelt, fuse metals; cast, found	冫		야:0N	단련할 야, 대장장이 야, 쇠불릴 야
冷	U+51B7	랭	냉,랭	Y		15	N	5	7	7	unicode-total	金	水	cold, cool; lonely	冫	냉	냉:0 랭:0E	찰 랭 / 차가울 냉, 찰 냉
冽	U+51BD	렬	렬	N	2015	15	N	6	8	8	unicode-total	金	水	cold and raw; pure, clear	冫	열	렬:0N	찰 렬, 찬바람 렬
冾	U+51BE	협	협	N	2015	15	N	6	8	8	unicode-total	金	水		冫		협:N	
凄	U+51C4	처	처	N	2015	15	N	8	10	10	unicode-total	水	水	bitter cold, miserable, dreary	冫		처:0N	쓸쓸할 처
凅	U+51C5	고	고	N	2015	15	N	8	10	10	unicode-total	水	水	dried up; exhausted, tired; dry	冫		고:1N	얼어붙을 고
准	U+51C6	준	준	N	2015	15	N	8	10	10	unicode-total	水	水	approve, allow, permit; in accord	冫		준:0N	승인할 준, 법 준
凉	U+51C9	량	량,양	N	2015	15	N	8	10	10	unicode-total	水	水	cool, cold; disheartened	冫	양	량:0N 양:0	涼의 俗字, 서늘할 량 / 서늘할 량
凊	U+51CA	청	청	N	2015	15	N	8	10	10	unicode-total	水	水	surname	冫		청:1N	서늘할 청
凋	U+51CB	조	조	N	2015	15	N	8	10	10	unicode-total	水	水	be withered, fallen; exhausted	冫		조:0N	시들 조
凌	U+51CC	릉	능,릉	N	2015	15	N	8	10	10	unicode-total	水	水	pure; virtuous; insult; maltreat	冫	능	능:0 릉:0N	능가할 릉 / 얼음 능, 능가할 능
凍	U+51CD	동	동	Y		15	N	8	10	10	unicode-total	水	水	freeze; cold, congeal; jelly	冫		동:0E	얼 동
凑	U+51D1	주	주	N	2018	15	N	9	11	11	unicode-total	木	水	piece together, assemble	冫		주:N	
凒	U+51D2	의	의	N	2015	15	N	10	12	12	unicode-total	木	水		冫		의:1N	눈서리 쌓일 의
凔	U+51D4	창	창	N	2015	15	N	10	12	12	unicode-total	木	水	cold	冫		창:1N	찰 창
凖	U+51D6	준	준	N	2015	15	N	10	12	12	unicode-total	木	水	rule, guideline, standard	冫		준:N	
凛	U+51DB	름	름	N	2015	15	N	13	15	15	unicode-total	土	水	to shiver with cold or fear	冫	늠	름:1N	찰 름
凜	U+51DC	름	늠,름	N	2015	15	N	13	15	15	unicode-total	土	水	shiver with cold or fear, fearful	冫	늠	늠:0 름:0N	찰 름 / 찰 늠
凝	U+51DD	응	응	Y		15	N	14	16	16	unicode-total	土	水	coagulate; congeal; freeze	冫		응:0E	엉길 응, 이룰 응, 열중할 응
凞	U+51DE	희	희	N	2015	15	N	14	16	16	unicode-total	土	水	bright, splendid, glorious	冫		희:0N	빛날 희, 화할 희
几	U+51E0	궤	궤	N	2015	16	N	0	2	2	unicode-total	木		small table	几		궤:1N	안석 궤
凡	U+51E1	범	범	Y		16	N	1	3	3	unicode-total	火		all, any, every; ordinary, common	几		범:0E	무릇 범
処	U+51E6	처	처	N	2018	16	N	3	5	5	unicode-total	土		place, locale; department	几		처:N	
凭	U+51ED	빙	빙	N	2015	16	N	6	8	8	unicode-total	金		lean on, depend on, rely on	几		빙:1N	기대다 빙
凰	U+51F0	황	황	N	2015	16	N	9	11	11	unicode-total	木		female phoenix	几		황:0N	봉황새 황, 암봉황새 황
凱	U+51F1	개	개	N	2015	16	N	10	12	12	unicode-total	木		triumphant; triumph, victory	几		개:0N	싸움 이긴 풍류 개, 착할 개, 마파람 개, 좋은 사람 개, 승전악 개
凳	U+51F3	등	등	N	2015	16	N	12	14	14	unicode-total	火		bench; stool	几		등:1N	걸상 등
凶	U+51F6	흉	흉	Y		17	N	2	4	4	unicode-total	火		culprit; murder; bad, sad	凵		흉:0E	흉할 흉
凸	U+51F8	철	철	N	2015	17	N	3	5	5	unicode-total	土		protrude, bulge out, convex	凵		철:0N	볼록할 철, 뾰족할 철
凹	U+51F9	요	요	N	2015	17	N	3	5	5	unicode-total	土		concave, hollow, depressed; a pass, valley	凵		요:0N	오목할 요
出	U+51FA	출	출	Y		17	N	3	5	5	unicode-total	土		go out, send out; stand; produce	凵		출:0E	날 출, 게울 출, 도망할 출, 보일 출, 낳을 출, 물러갈 출, 생질 출
函	U+51FD	함	함	N	2015	17	N	6	8	8	unicode-total	金		correspondence; a case; a box	凵		함:0N	상자 함
刀	U+5200	도	도	Y		18	N	0	2	2	unicode-total	木	金	knife; old coin; measure	刀		도:0E	칼 도
刁	U+5201	조	조	N	2015	18	N	0	2	2	unicode-total	木	金	tricky, sly, crafty, cunning	刀		조:1N	바라 조
刃	U+5203	인	인	N	2015	18	N	1	3	3	unicode-total	火	金	edged tool, cutlery, knife edge	刀		인:0N	칼날 인
分	U+5206	분	분	Y		18	N	2	4	4	unicode-total	火	金	divide; small unit of time etc.	刀		분:0E	나눌 분
切	U+5207	절,체	절,체	Y	2015	18	N	2	4	4	unicode-total	火	金	cut, mince, slice, carve	刀		절:0E 체:0N	끊을 절, 저밀 절, 정성스럴 절, 급할 절, 진맥할 절 / 자를 체, 끊을 체
刈	U+5208	예	예	N	2015	18	N	2	4	4	unicode-total	火	金	cut off, reap, mow; sickle	刀		예:0N	풀 벨 예, 죽일 예
刊	U+520A	간	간	Y		18	N	3	5	5	unicode-total	土	金	publication, periodical; publish	刀		간:0E	책 펴낼 간
刎	U+520E	문	문	N	2015	18	N	4	6	6	unicode-total	土	金	behead, cut throat	刀		문:0N	목 벨 문, 자를 문, 끊을 문
刑	U+5211	형	형	Y		18	N	4	6	6	unicode-total	土	金	punishment, penalty; law	刀		형:0E	형벌 형, 죽일 형
刓	U+5213	완	완	N	2015	18	N	4	6	6	unicode-total	土	金	trim	刀		완:1N	깎을 완
刖	U+5216	월	월	N	2015	18	N	4	6	6	unicode-total	土	金	cutting off feet as form of punishment	刀		월:1N	발꿈치 자를 월
列	U+5217	렬	렬,열	Y		18	N	4	6	6	unicode-total	土	金	a line; to arrange in order, classify	刀	열	렬:0E 열:0	줄 렬, 벌일 렬 / 벌릴 렬, 무리에 들어갈 렬, 항렬 렬, 베풀 렬, 벌일 열
初	U+521D	초	초	Y		18	N	5	8	8	total-gt-rs-check	金	金	beginning, initial, primary	刀		초:0E	처음 초
判	U+5224	판	판	Y		18	N	5	7	7	unicode-total	金	金	judge; discriminate; conclude	刀		판:0E	판단할 판, 쪼갤 판, 맡을 판
別	U+5225	별	별	Y		18	N	5	7	7	unicode-total	金	金	separate, other; do not	刀		별:0E	나눌 별, 분별 별
刦	U+5226	겁	겁	N	2015	18	N	5	7	7	unicode-total	金	金	take by force, coerce; disaster	刀		겁:1N	겁탈할 겁, 구속할 겁
刧	U+5227	겁	겁	N	2015	18	N	5	7	7	unicode-total	金	金	disaster, misfortune; coerce	刀		겁:1N	刦의 俗字
利	U+5229	리	리,이	Y		18	N	5	7	7	unicode-total	金	金	gains, advantage, profit, merit	刀	이	리:0E 이:0	날카로울 리, 이로울 리 / 날카로울 리, 이로울 리, 탐할 리, 편리할 리, 이자 리
刪	U+522A	산	산	N	2015	18	N	5	7	7	unicode-total	金	金	to cut; delete, erase; to geld	刀		산:0N	깎을 산, 깍을 산
刮	U+522E	괄	괄	N	2015	18	N	6	8	8	unicode-total	金	金	shave, pare off, scrape	刀		괄:0N	깍을 괄, 긁는 괄
到	U+5230	도	도	Y		18	N	6	8	8	unicode-total	金	金	go to, arrive, been to	刀		도:0E	이를 도
刱	U+5231	창	창	N	2015	18	N	6	8	8	unicode-total	金	金	establish, create; knife cut	刀		창:1N	비롯할 창
刲	U+5232	규	규	N	2015	18	N	6	8	8	unicode-total	金	金	cut, slice off	刀		규:1N	찌를 규
刳	U+5233	고	고	N	2015	18	N	6	8	8	unicode-total	金	金	cut out, dig, rip up, scoop out	刀		고:1N	가를 고
制	U+5236	제	제	Y		18	N	6	8	8	unicode-total	金	金	system; establish; overpower	刀		제:0E	억제할 제, 제도 제
刷	U+5237	쇄	쇄	Y		18	N	6	8	8	unicode-total	金	金	brush; clean with brush, scrub	刀		쇄:0E	긁을 쇄, 고칠 쇄, 빗을 쇄, 문지를 쇄, 인쇄할 쇄
券	U+5238	권	권	Y		18	N	6	8	8	unicode-total	金	金	certificate, ticket; title deeds	刀		권:0E	엄쪽(어음을 쪼갠 한 쪽) 권, 문서 권
刹	U+5239	찰	찰	N	2015	18	N	6	8	8	unicode-total	金	金	temple, shrine, monastery	刀		찰:0N	절 찰
刺	U+523A	자,척	자,척	Y	2015	18	N	6	8	8	unicode-total	金	金	stab; prick, irritate; prod	刀		자:0E 척:0N	찌를 자 / 찌를 척
刻	U+523B	각	각	Y		18	N	6	8	8	unicode-total	金	金	carve, engrave; quarter hour	刀		각:0E	새길 각
剃	U+5243	체	체	N	2015	18	N	7	9	9	unicode-total	水	金	shave	刀		체:0N	머리 깎을 체, 머리깍을 체
剄	U+5244	경	경	N	2015	18	N	7	9	9	unicode-total	水	金	cut throat	刀		경:1N	목 벨 경
剆	U+5246	라	라	N	2015	18	N	7	8	9	kangxi-sum	水	金		刀	나	라:N	
則	U+5247	칙	칙	Y		18	N	7	9	9	unicode-total	水	金	rule, law, regulation; grades	刀		칙:0E	법칙 칙, 본받을 칙, 모범 칙, 조목 칙
剉	U+5249	좌	좌	N	2015	18	N	7	9	9	unicode-total	水	金	cut, file, trim; file	刀		좌:1N	꺽을 좌
削	U+524A	삭	삭	Y		18	N	7	9	9	unicode-total	水	金	scrape off, pare, trim	刀		삭:0E	깎을 삭, 깍을 삭
剋	U+524B	극	극	N	2015	18	N	7	9	9	unicode-total	水	金	subdue, overcome; cut down	刀		극:0N	깍일 극, 이길 극
剌	U+524C	랄	랄	N	2015	18	N	7	9	9	unicode-total	水	金	slash, cut in two; contradict	刀	날	랄:0N	어그러질 랄
前	U+524D	전	전	Y		18	N	7	9	9	unicode-total	水	金	in front, forward; preceding	刀		전:0E	앞 전, 옛 전, 인도할 전
剔	U+5254	척	척	N	2015	18	N	8	10	10	unicode-total	水	金	pick out; scrape off; scrape meat	刀		척:0N	바를 척, 없앨 척
剕	U+5255	비	비	N	2015	18	N	8	10	10	unicode-total	水	金	to cut off the feet (one of the five punishments in ancient times)	刀		비:1N	발 벨 비
剖	U+5256	부	부	N	2015	18	N	8	10	10	unicode-total	水	金	split in two, slice; dissect	刀		부:0N	쪼갤 부
剗	U+5257	잔	잔	N	2015	18	N	8	10	10	unicode-total	水	金	to level off; to trim; to pare down	刀		잔:1N	깍을 잔
剚	U+525A	사	사	N	2015	18	N	8	10	10	unicode-total	水	金	stab	刀		사:1N	찌를 사
剛	U+525B	강	강	Y		18	N	8	10	10	unicode-total	水	金	hard, tough, rigid, strong	刀		강:0E	굳을 강, 굳셀 강, 꼬장할 강, 바야흐로 강
剝	U+525D	박	박	N	2015	18	N	8	10	10	unicode-total	水	金	peel, peel off, to shell, strip; hexagram ䷖	刀		박:0N	벗길 박, 찢을 박
剞	U+525E	기	기	N	2015	18	N	8	10	10	unicode-total	水	金	carving or engraving knife; grave	刀		기:1N	새김칼 기
剟	U+525F	철	철	N	2015	18	N	8	10	10	unicode-total	水	金	to prick; to cut blocks, to engrave	刀		철:1N	깎을 철
剡	U+5261	섬	섬	N	2015	18	N	8	10	10	unicode-total	水	金	sharp, sharp-pointed; sharpen	刀		섬:0N	날카로울
剩	U+5269	잉	잉	N	2015	18	N	10	12	12	unicode-total|kangxi-pos:18.9	木	金	leftovers, residue, remains	刀		잉:0N	남을 잉
剪	U+526A	전	전	N	2015	18	N	9	11	11	unicode-total	木	金	scissors; cut, divide, separate	刀		전:0N	가위 전
副	U+526F	부	부	Y		18	N	9	11	11	unicode-total	木	金	assist; supplement; assistant	刀		부:0E	버금 부
割	U+5272	할	할	Y		18	N	10	12	12	unicode-total	木	金	cut, divide, partition; cede	刀		할:0E	벨 할
剴	U+5274	개	개	N	2015	18	N	10	12	12	unicode-total	木	金	sharpen; carefully, thorough	刀		개:1N	낫 개, 가까울 개, 간절할 개
創	U+5275	창	창	Y		18	N	10	12	12	unicode-total	木	金	establish, create; knife cut	刀		창:0E	비롯할 창, 비로소 창
剷	U+5277	산	산	N	2015	18	N	11	13	13	unicode-total	火	金	to level off, cut off, pare down, raze	刀		산:1N	깎을 산
剺	U+527A	리	리	N	2015	18	N	11	13	13	unicode-total	火	金	mark	刀	이	리:1N	벗길 리
剽	U+527D	표	표	N	2015	18	N	11	13	13	unicode-total	火	金	rob, plunder; slice off; fast	刀		표:0N	표독할 표, 긁을 표, 겁박할 표, 끝 표, 찌를 표, 빠를 표
剿	U+527F	초	초	N	2015	18	N	11	13	13	unicode-total	火	金	destroy, exterminate, annihilate	刀		초:0N	죽일 초, 노략질할 초
劂	U+5282	궤	궤	N	2015	18	N	12	14	14	unicode-total	火	金	chisel for engraving; engrave	刀		궤:1N	
劃	U+5283	획	획	Y		18	N	12	14	14	unicode-total	火	金	divide, mark off, lay boundary	刀		획:0E	쪼갤 획, 그을 획
劇	U+5287	극	극	Y		18	N	13	15	15	unicode-total	土	金	theatrical plays, opera, drama	刀		극:0E	심할 극
劈	U+5288	벽	벽	N	2015	18	N	13	15	15	unicode-total	土	金	cut apart, split, chop	刀		벽:0N	쪼갤 벽
劉	U+5289	류	류,유	N	2015	18	N	13	15	15	unicode-total	土	金	surname; kill, destroy	刀	유	류:0N 유:0	죽일 류, 성 류 / 이길 류, 죽일 류, 베풀 류, 성씨 류
劍	U+528D	검	검	Y		18	N	13	15	15	unicode-total	土	金	sword, dagger, saber	刀		검:0E	칼 검, 칼로 찔러 죽일 검, 칼 쓰는법 검
劑	U+5291	제	제	N	2015	18	N	14	16	16	unicode-total	土	金	medicinal preparation	刀		제:0N	약 지을 제
劒	U+5292	검	검	N	2015	18	N	14	16	16	unicode-total	土	金	sword, dagger, saber	刀		검:0N	劎의 譌字, 칼 검
劓	U+5293	의	의	N	2015	18	N	14	16	16	unicode-total	土	金	cut off nose	刀		의:1N	코 베일 의, 베일 의
劗	U+5297	찬	찬	N	2015	18	N	19	21	21	unicode-total	木	金	to cut, clip	刀		찬:1N	끊을 찬
劘	U+5298	마	마	N	2015	18	N	19	21	21	unicode-total	木	金	make into mince	刀		마:1N	깍을 마
力	U+529B	력	력,역	Y		19	N	0	2	2	unicode-total	木		power, capability, influence; Kangxi radical 19	力	역	력:0E 역:0	힘 력 / 힘 력, 부지런할 력
功	U+529F	공	공	Y		19	N	3	5	5	unicode-total	土		achievement, merit, good result	力		공:0E	공 공
加	U+52A0	가	가	Y		19	N	3	5	5	unicode-total	土		add to, increase, augment	力		가:0E	더할 가
劣	U+52A3	렬	렬,열	Y		19	N	4	6	6	unicode-total	土		bad, inferior; slightly	力	열	렬:0E 열:0	못할 렬, 용렬할 렬 / 용렬할 렬, 못날 렬, 어릴 렬, 서툴 렬
劤	U+52A4	근	근	N	2015	19	N	4	6	6	unicode-total	土		strong	力		근:0N	힘많을 근, 힘셀 근
劧	U+52A7	지	지	N	2015	19	N	4	6	6	unicode-total	土			力		지:N	
助	U+52A9	조	조	Y		19	N	5	7	7	unicode-total	金		help, aid, assist	力		조:0E	도울 조
努	U+52AA	노	노	Y		19	N	5	7	7	unicode-total	金		to exert, strive, make an effort; to pout	力		노:0E	힘쓸 노
劫	U+52AB	겁	겁	N	2015	19	N	5	7	7	unicode-total	金		take by force, coerce; disaster	力		겁:0N	위협할 겁, 겁탈할 겁, 부지런할 겁, 대궐 층계 겁, 겁 겁, 화재 겁, 빼앗을 겁
劬	U+52AC	구	구	N	2015	19	N	5	7	7	unicode-total	金		be diligent, toil, endeavor	力		구:1N	수고로울 구
劭	U+52AD	소	소,초	N	2015	19	N	5	7	7	unicode-total	金		encourage; to excel; excellent	力		소:N 초:1	
劮	U+52AE	일	일	N	2015	19	N	5	7	7	unicode-total	金			力		일:N	
効	U+52B9	효	효	N	2015	19	N	6	8	8	unicode-total	金		efficacious, effectiveness; to toil, to serve in the army	力		효:N	
劾	U+52BE	핵	핵	N	2015	19	N	6	8	8	unicode-total	金		examine into, impeach, charge	力		핵:0N	캐물을 핵, 핵실할 핵, 죄를캐물 핵
勁	U+52C1	경	경	N	2015	19	N	7	9	9	unicode-total	水		strong, unyielding, tough, powerful	力		경:0N	굳셀 경
勃	U+52C3	발	발	N	2015	19	N	7	9	9	unicode-total	水		suddenly, sudden, quick	力		발:0N	갑작스러울 발, 발끈할 발
勅	U+52C5	칙	칙	N	2015	19	N	7	9	9	unicode-total	水		imperial decree; Daoist magic	力		칙:0N	신칙할 칙, 칙령 칙
勇	U+52C7	용	용	Y		19	N	7	9	9	unicode-total	水		brave, courageous, fierce	力		용:0E	날랠 용, 용맹할 용
勉	U+52C9	면	면	Y		19	N	7	9	9	unicode-total	水		endeavor, make effort; urge	力		면:0E	힘쓸 면
勌	U+52CC	권	권	N	2015	19	N	8	10	10	unicode-total	水		to labor; tired	力		권:1N	倦과 同字
勍	U+52CD	경	경	N	2015	19	N	8	10	10	unicode-total	水		strong, powerful, mighty; violent	力		경:0N	셀 경, 굳셀 경
勒	U+52D2	륵	늑,륵	N	2015	19	N	9	11	11	unicode-total	木		strangle, tighten	力	늑	늑:0 륵:0N	굴레 륵 / 굴레 늑
動	U+52D5	동	동	Y		19	N	9	11	11	unicode-total	木		move, happen; movement, action	力		동:0E	움직일 동
勖	U+52D6	욱	욱	N	2015	19	N	9	11	11	unicode-total	木		enjoin, advise, preach to	力		욱:0N	힘쓸 욱
勘	U+52D8	감	감	N	2015	19	N	9	11	11	unicode-total	木		investigate; compare; collate	力		감:0N	마감할 감, 정할 감
務	U+52D9	무	무	Y		19	N	9	11	11	unicode-total	木		affairs, business; must, should	力		무:0E	일 무, 힘쓸 무, 권장할 무
勛	U+52DB	훈	훈	N	2015	19	N	10	12	12	unicode-total	木		meritorious deed; merits; rank	力		훈:0N	勳의 古字, 공적 훈
勝	U+52DD	승	승	Y		19	N	10	12	12	unicode-total	木		victory; excel, be better than	力		승:0E	이길 승, 경치가 좋을 승, 가질 승
勞	U+52DE	로	노,로	Y		19	N	10	12	12	unicode-total	木		labor, toil, do manual work	力	노	노:0 로:0E	일할 로 / 수고할 노, 일할 노
募	U+52DF	모	모	Y		19	N	11	12	13	kangxi-sum	火		levy, raise; summon; recruit	力		모:0E	모을 모, 뽑을 모
勠	U+52E0	륙	륙	N	2015	19	N	11	13	13	unicode-total	火		join forces, unite	力	육	륙:1N	협력할 륙
勡	U+52E1	표	표	N	2015	19	N	11	13	13	unicode-total	火			力		표:1N	겁탈할 표, 겁박할 표
勢	U+52E2	세	세	Y		19	N	11	13	13	unicode-total	火		power, force; tendency	力		세:0E	권세 세, 위엄 세, 불알 세, 기회 세
勣	U+52E3	적	적	N	2015	19	N	11	13	13	unicode-total	火		achievements, conduct deserving	力		적:0N	공적 적, 사업 적
勤	U+52E4	근	근	Y		19	N	11	13	13	unicode-total	火		industrious, diligent, attentive	力		근:0E	부지런할 근
勦	U+52E6	초	초	N	2015	19	N	11	13	13	unicode-total	火		destroy, exterminate, annihilate	力		초:1N	수고롭게 할 초
勭	U+52ED	동	동	N	2015	19	N	12	14	14	unicode-total	火			力		동:N	
勲	U+52F2	훈	훈	N	2015	19	N	13	15	15	unicode-total	土		meritorious deed; merits; rank	力		훈:N	
勳	U+52F3	훈	훈	N	2015	19	N	14	16	16	unicode-total	土		meritorious deed; merits; rank	力		훈:0N	공 훈
勵	U+52F5	려	려,여	Y		19	N	15	17	17	unicode-total	金		strive; encourage	力	여	려:0E 여:0	힘쓸 려 / 힘쓸 려, 가다듬을 려
勸	U+52F8	권	권	Y		19	N	18	20	20	unicode-total	水		recommend, advise, urge	力		권:0E	권할 권
勺	U+52FA	작	작	N	2015	20	N	1	3	3	unicode-total	火		spoon, ladle; unit of volume	勹		작:0N	구기 작, 잔질할 작
勻	U+52FB	균	균	N	2015	20	N	2	4	4	unicode-total	火		equal, impartially, uniform, even	勹		균:0N	고를 균 / 가지런할 윤, 적을 윤
勾	U+52FE	구	구	N	2015	20	N	2	4	4	unicode-total	火		hook, join, connect; entice	勹		구:0N	글귀절 구
勿	U+52FF	물	물	Y		20	N	2	4	4	unicode-total	火		must not, do not; without, never	勹		물:0E	말 물, 아닐 물, 깃발 물
匀	U+5300	균,윤	균,윤	N	2015	20	N	2	4	4	unicode-total	火		equal	勹		균:N 윤:N	
匃	U+5303	개	개	N	2015	20	N	3	5	5	unicode-total	土		beggar; beg; give	勹		개:1N	청구할 개, 줄 개, 빌 개
包	U+5305	포	포	Y		20	N	3	5	5	unicode-total	土		wrap, pack, bundle; package	勹		포:0E	꾸릴 포, 용납할 포, 더부룩히 날 포, 보따리 포, 쌀 포
匈	U+5308	흉	흉	N	2015	20	N	4	6	6	unicode-total	土		breast, chest, thorax; clamor; the Hsiung Nu 'Huns'	勹		흉:0N	가슴
匊	U+530A	국	국	N	2015	20	N	6	8	8	unicode-total	金		handful	勹		국:1N	움켜 뜰 국
匌	U+530C	합	합	N	2015	20	N	6	8	8	unicode-total	金			勹		합:1N	기운 답답할 합
匍	U+530D	포	포	N	2015	20	N	7	9	9	unicode-total	水		crawl; lie prostrate	勹		포:0N	엉금엉금 길 포, 엎드러질 포
匏	U+530F	포	포	N	2015	20	N	9	11	11	unicode-total	木		gourd; musical instrument	勹		포:0N	박 포, 바가지 포, 퉁소 포
匐	U+5310	복	복	N	2015	20	N	9	11	11	unicode-total	木		fall prostrate; crawl	勹		복:0N	길 복, 엉금엉금길 복
匕	U+5315	비	비	N	2015	21	N	0	2	2	unicode-total	木		spoon, ladle; knife, dirk	匕		비:0N	비수 비
化	U+5316	화	화	Y		21	N	2	4	4	unicode-total	火		change, convert, reform; -ize	匕		화:0E	될 화
北	U+5317	배,북	배,북	Y	2015	21	N	3	5	5	unicode-total	土		north; northern; northward	匕		배:0N 북:0E	달아날 / 북녘 북, 달아날 북
匙	U+5319	시	시	N	2015	21	N	9	11	11	unicode-total	木		spoon; surname	匕		시:0N	숟가락 시, 열쇠 시
匠	U+5320	장	장	N	2015	22	N	4	6	6	unicode-total	土		craftsman, artisan; workman	匚		장:0N	장인 장, 바치 장
匡	U+5321	광	광	N	2015	22	N	4	6	6	unicode-total	土		correct, restore, revise	匚		광:0N	바룰 광, 바를 광
匣	U+5323	갑	갑	N	2015	22	N	5	7	7	unicode-total	金		small box, case, coffer	匚		갑:0N	궤 갑, 상자 갑, 궤짝 갑
匧	U+5327	협	협	N	2015	22	N	7	9	9	unicode-total	水		a trunk; a portfolio	匚		협:1N	옷상자 협, 꿰맬 협
匪	U+532A	비	비	N	2015	22	N	8	10	10	unicode-total	水		bandits, robbers, gangsters	匚		비:0N	대상자 비
匯	U+532F	회	회	N	2015	22	N	11	13	13	unicode-total	火		a concourse; to flow together, gather together; (same as 滙) to remit money	匚		회:0N	물돌 회, 물이돌아가는 회
匱	U+5331	궤	궤	N	2015	22	N	12	14	14	unicode-total	火		to lack	匚		궤:1N	갑 궤
匶	U+5336	구	구	N	2015	22	N	17	19	19	unicode-total	水		a coffin containing a corpse	匚		구:1N	柩의 古字
匸	U+5338	혜	혜	N	2015	23	N	0	2	2	unicode-total	木		box; Kangxi radical 23	匸		혜:N	감추다
匹	U+5339	필	필	Y		23	N	2	4	4	unicode-total	火		bolt of cloth; counter for horses	匸		필:0E	짝 필, 둘 필, 한마리 필, 벗 필, 무리 필
医	U+533B	예,의	예,의	N	2018	23	N	5	7	7	unicode-total	金		cure, heal; doctor, medical	匸		예:N 의:N	
匽	U+533D	언	언	N	2015	23	N	7	9	9	unicode-total	水		to hide, to secrete, to repress; to bend	匸		언:1N	숨길 언, 길 곁 언, 한데 뒷간 언
匾	U+533E	편	편	N	2015	23	N	9	11	11	unicode-total	木		flat, round split-bamboo contain	匸		편:1N	
匿	U+533F	닉	닉,익	N	2015	23	N	9	11	11	unicode-total	木		hide; go into hiding	匸	익	닉:0N 익:0	숨쉴 닉, 숨을 닉 / 숨을 닉, 숨길 닉, 덮어둘 닉, 몰래 붙을 닉, 쌀 닉, 술 담는 그릇 닉
區	U+5340	구	구	Y		23	N	9	11	11	unicode-total	木		area, district, region, ward; surname	匸		구:0E	감출 구, 지경 구
十	U+5341	십	십	Y		24	N	0	2	10	numeral-meaning	水		ten, tenth; complete; perfect	十		십:0E	열 십, 전부 십
千	U+5343	천	천	Y		24	N	1	3	3	unicode-total	火		thousand; many, numerous; very; (Cant.) a cheater, swindler	十		천:0E	일천 천
卄	U+5344	입	입	N	2015	24	N	1	3	3	unicode-total|rs-by-kangxi-pos:24.1	火		twenty, twentieth	十		입:0N	스물 입
卅	U+5345	삽	삽	N	2015	24	N	2	4	4	unicode-total	火		thirty, thirtieth	十		삽:1N	서른 삽
升	U+5347	승	승	N	2015	24	N	2	4	4	unicode-total	火		arise, go up; hoist; advance; hexagram ䷭	十		승:0N	되 승, 오를 승, 피륙의 짜인 날을 세는 단위 새 승, 괘 이름 승
午	U+5348	오	오	Y		24	N	2	4	4	unicode-total	火		seventh earthly branch	十		오:0E	낮 오, 남쪽 오, 말 오
卉	U+5349	훼	훼	N	2015	24	N	3	5	5	unicode-total	土		general term for plants; myriads	十		훼:0N	풀 훼
半	U+534A	반	반	Y		24	N	3	5	5	unicode-total	土		half	十		반:0E	반 반
卍	U+534D	만	만	N	2015	24	N	4	4	6	kangxi-sum	土		swastika, one of the auspicious signs recognized (e.g. in Chinese Tathagata Buddhism) as being on the chest of Buddha (and variously seen in statuary on the chest, soles of the feet, or palms of the hands)	十		만:0N	만자 만, 범자의만 만
卑	U+5351	비	비	Y		24	N	6	8	8	unicode-total	金		humble, low, inferior; despise	十		비:0E	낮을 비
卒	U+5352	졸	졸	Y		24	N	6	8	8	unicode-total	金		soldier; servant; at last, finally	十		졸:0E	군사 졸
卓	U+5353	탁	탁	Y		24	N	6	8	8	unicode-total	金		profound, brilliant, lofty	十		탁:0E	높을 탁, 뛰어날 탁, 책상 탁, 성씨 탁
協	U+5354	협	협	Y		24	N	6	8	8	unicode-total	金		be united; cooperate	十		협:0E	조화할 협, 맞을 협, 도울 협
南	U+5357	남	남	Y		24	N	7	9	9	unicode-total	水		south; southern part; southward	十		남:0E	남녘 남
博	U+535A	박	박	Y		24	N	10	12	12	unicode-total	木		gamble, play games; wide, broad	十		박:0E	넓을 박
卜	U+535C	복	복	Y		25	N	0	2	2	unicode-total	木		fortune telling; prophesy	卜		복:0E	점 복, 점칠 복
卞	U+535E	변	변	N	2015	25	N	2	4	4	unicode-total	火		to be impatient, in a hurry; excitable	卜		변:0N	조급할 변, 성 변
占	U+5360	점	점	Y		25	N	3	5	5	unicode-total	土		divine; observe; versify	卜		점:0E	점칠 점, 날씨 볼 점, 점령할 점
卡	U+5361	잡	잡	N	2015	25	N	3	5	5	unicode-total	土		card, punch card; calorie	卜		잡:1N	관 잡
卦	U+5366	괘	괘	N	2015	25	N	6	8	8	unicode-total	金		fortune telling; tell fortunes	卜		괘:0N	걸 괘, 점괘 괘
卨	U+5368	설	설	N	2015	25	N	9	11	11	unicode-total	木		used in old names; phonetic seol used in Korean names	卜		설:0N	사람이름 설
卬	U+536C	앙	앙	N	2015	26	N	2	4	4	unicode-total	火		lofty; high; raise; high-priced	卩		앙:1N	자기 앙
卮	U+536E	치	치	N	2015	26	N	3	5	5	unicode-total	土		measuring cup; wine container	卩		치:1N	술잔 치, 연지 치
卯	U+536F	묘	묘	Y		26	N	3	5	5	unicode-total	土		fourth earthly branch	卩		묘:0E	토끼 묘
印	U+5370	인	인	Y		26	N	4	6	6	unicode-total	土		print, seal, stamp, chop, mark	卩		인:0E	도장 인
危	U+5371	위	위	Y		26	N	4	6	6	unicode-total	土		dangerous, precarious; high; 12th lunar mansion, determinative star α Aquarii (Sadalmelik)	卩		위:0E	위태할 위, 무너질 위, 상할 위, 높을 위, 별 이름 위
卲	U+5372	소	소	N	2015	26	N	5	7	7	unicode-total	金		eminent, lofty; beautiful; surname	卩		소:1N	높을 소, 성씨 소
即	U+5373	즉	즉	N	2015	26	N	5	7	7	unicode-total	金		promptly, quickly, immediately	卩		즉:1N	卽의 俗字
却	U+5374	각	각	Y		26	N	5	7	7	unicode-total	金		still, but; decline; retreat	卩		각:0E	물리칠 각
卵	U+5375	란	난,란	Y		26	N	5	7	7	unicode-total	金		egg; ovum; roe; spawn	卩	난	난:0 란:0E	알 란 / 알 난
卷	U+5377	권	권	Y		26	N	6	8	8	unicode-total	金		scroll; curl; make a comeback	卩		권:0E	굽을 권, 책 권
卸	U+5378	사	사	N	2015	26	N	6	9	9	total-gt-rs-check	水		lay down; retire from office	卩		사:1N	풀 사
卹	U+5379	휼	휼	N	2015	26	N	6	8	8	unicode-total	金		sympathy, pity; comfort	卩		휼:1N	
卻	U+537B	각	각	N	2015	26	N	7	9	9	unicode-total	水		still, but; decline; retreat	卩		각:1N	却의 本字
卽	U+537D	즉	즉	Y		26	N	7	9	9	unicode-total	水		promptly	卩		즉:0E	곧 즉
卿	U+537F	경	경	Y	2015	26	N	10	10	12	kangxi-sum|rs-by-kangxi-pos:26.10|multi-rs:26.8=10	木		noble, high officer	卩		경:0EN	벼슬 경
厄	U+5384	액	액	Y		27	N	2	4	4	unicode-total	火		adversity, difficulty, distress	厂		액:0E	재앙 액
厎	U+538E	지	지	N	2015	27	N	5	7	7	unicode-total	金		settle	厂		지:N	
厓	U+5393	애	애	N	2015	27	N	6	8	8	unicode-total	金		precipice, shore, bank; surname	厂		애:0N	언덕 애, 물가 애
厖	U+5396	방	방	N	2015	27	N	7	9	9	unicode-total	水		bulky; thick and large; confused	厂		방:1N	클 방
厘	U+5398	리	리	N	2015	27	N	7	9	9	unicode-total	水		manage, control; thousandth part of tael	厂	이	리:0N	釐의 俗字, 티끌 리
厚	U+539A	후	후	Y		27	N	7	9	9	unicode-total	水		thick; substantial; greatly	厂		후:0E	두터울 후
厝	U+539D	조	조	N	2015	27	N	8	10	10	unicode-total	水		cut or engrave; a grave or tombstone	厂		조:1N	措와 同字
原	U+539F	원	원	Y		27	N	8	10	10	unicode-total	水		source, origin, beginning	厂		원:0E	근본 원, 거듭 원, 언덕 원, 기인할 원, 들판 원
厠	U+53A0	측	측	N	2015	27	N	9	11	11	unicode-total	木		mingle with; toilet, lavatory	厂		측:0N	뒷간 측, 평상 가장자리 측, 섞일 측, 기울 측
厥	U+53A5	궐	궐	Y		27	N	10	12	12	unicode-total	木		personal pronoun he, she, it	厂		궐:0E	그 궐
厦	U+53A6	하	하	N	2015	27	N	10	12	12	unicode-total	木		big building, mansion	厂		하:0N	큰 집 하
厭	U+53AD	염	염	N	2015	27	N	12	14	14	unicode-total	火		dislike, detest, reject; satiate	厂		염:0N	넉넉할 염, 아름다울 염, 게으를 염, 만족할 염, 미워할 염, 편안할 염
厮	U+53AE	시	시	N	2015	27	N	12	14	14	unicode-total	火		servant; to make a disturbance	厂		시:1N	부릴 시, 마부 시, 나눌 시
厲	U+53B2	려	려	N	2015	27	N	13	15	15	unicode-total	土		whetstone; grind, sharpen; whet	厂	여	려:1N	갈 려
厳	U+53B3	엄	엄	N	2015	27	N	15	16	17	kangxi-sum|kangxi-pos:27.13-14	金		strict, rigorous, rigid; stern	厂		엄:N	
厹	U+53B9	구	구	N	2015	28	N	2	4	4	unicode-total	火		spear; tribe	厶		구:1N	세모창 구
去	U+53BB	거	거	Y		28	N	3	5	5	unicode-total	土		go away, leave, depart	厶		거:0E	갈 거, 버릴 거, 오래될 거, 떨어질 거, 쫓을 거, 감출 거
參	U+53C3	삼,참	삼,참	Y	2015	28	N	9	11	11	unicode-total	木		take part in, intervene; ginseng	厶		삼:0N 참:0E	석 삼 / 간여할 참, 석 참
又	U+53C8	우	우	Y		29	N	0	2	2	unicode-total	木		and, also, again, in addition	又		우:0E	또 우, 용서할 우
叉	U+53C9	차	차	N	2015	29	N	1	3	3	unicode-total	火		crotch; fork, prong	又		차:0N	깍지낄 차, 두갈래 차
及	U+53CA	급	급	Y		29	N	2	4	4	unicode-total	火		extend; reach; come up to; and	又		급:0E	미칠 급
友	U+53CB	우	우	Y		29	N	2	4	4	unicode-total	火		friend, companion; fraternity	又		우:0E	벗 우, 합할 우
双	U+53CC	쌍	쌍	N	2015	29	N	2	4	4	unicode-total	火		set of two, pair, couple; both	又		쌍:N	
反	U+53CD	반	반	Y		29	N	2	4	4	unicode-total	火		reverse, opposite, contrary, anti	又		반:0E	돌이킬 반
叔	U+53D4	숙	숙	Y		29	N	6	8	8	unicode-total	金		father's younger brother	又		숙:0E	아재비 숙, 주울 숙, 어릴 숙, 끝 숙
取	U+53D6	취	취	Y		29	N	6	8	8	unicode-total	金		take, receive, obtain; select	又		취:0E	거둘 취, 찾을 취, 받을 취, 빼앗을 취, 장가들 취, 취할 취
受	U+53D7	수	수	Y		29	N	6	8	8	unicode-total	金		receive, accept, get; bear, stand	又		수:0E	이을 수, 얻을 수, 담을 수, 받을 수
叙	U+53D9	서	서	N	2015	29	N	7	9	9	unicode-total	水		express, state, relate, narrate	又		서:N	
叛	U+53DB	반	반	Y		29	N	7	9	9	unicode-total	水		rebel; rebellion; rebellious	又		반:0E	배반할 반
叟	U+53DF	수	수	N	2015	29	N	8	10	10	unicode-total	水		old man; elder	又		수:1N	어른 수, 쌀 씻는 소리 수
叡	U+53E1	예	예	N	2015	29	N	14	16	16	unicode-total	土		astute, profound, shrewd	又		예:0N	밝을 예, 임금 예, 어질 예
叢	U+53E2	총	총	N	2015	29	N	16	18	18	unicode-total	金		bush, shrub; thicket; collection	又		총:0N	떨기 총, 모을 총, 번잡할 총
口	U+53E3	구	구	Y		30	N	0	3	3	unicode-total	火		mouth; open end; entrance, gate	口		구:0E	입 구
古	U+53E4	고	고	Y		30	N	2	5	5	unicode-total	土		old, classic, ancient	口		고:0E	옛 고
句	U+53E5	구,귀	구,귀	Y	2015	30	N	2	5	5	unicode-total	土		sentence	口		구:0E 귀:0N	글귀절 구 / 글귀 귀
另	U+53E6	령	령	N	2015	30	N	2	5	5	unicode-total	土		another, separate, other	口	영	령:1N	나눌 령, 다를 령, 헤어질 령
叨	U+53E8	도	도	N	2015	30	N	2	5	5	unicode-total	土		talkative; quarrelous	口		도:1N	탐할 도
叩	U+53E9	고	고	N	2015	30	N	2	5	5	unicode-total	土		knock, ask; kowtow, bow	口		고:0N	두드릴 고
只	U+53EA	지	지	Y		30	N	2	5	5	unicode-total	土		only, just, simply	口		지:0E	다만 지
叫	U+53EB	규	규	Y		30	N	2	5	5	unicode-total	土		cry, shout; hail, greet, call	口		규:0E	부를 규, 부르짖을 규
召	U+53EC	소	소	Y		30	N	2	5	5	unicode-total	土		imperial decree; summon	口		소:0E	부를 소, 청할 소, 과부 소
叭	U+53ED	팔	팔	N	2015	30	N	2	5	5	unicode-total	土		trumpet	口		팔:0N	나팔 팔, 입 벌릴 팔
叮	U+53EE	정	정	N	2015	30	N	2	5	5	unicode-total	土		exhort or enjoin repeatedly	口		정:1N	단단히 부탁할 정, 정성스러울 정
可	U+53EF	가	가	Y		30	N	2	5	5	unicode-total	土		may, can, -able; possibly	口		가:0E	옳을 가
台	U+53F0	태	태	N	2015	30	N	2	5	5	unicode-total	土		platform; unit; term of address	口		태:0N	별 태, 늙을 태
叱	U+53F1	질	질	N	2015	30	N	2	5	5	unicode-total	土		scold, shout at, bawl out	口		질:0N	꾸짖을 질
史	U+53F2	사	사	Y		30	N	2	5	5	unicode-total	土		history, chronicle, annals	口		사:0E	역사 사, 사기 사
右	U+53F3	우	우	Y		30	N	2	5	5	unicode-total	土		right; west; right-wing	口		우:0E	오른쪽 우, 높일 우, 강할 우, 도울 우
叴	U+53F4	구	구	N	2015	30	N	2	5	5	unicode-total	土		a three-edged spear	口		구:1N	소리 높일 구
叵	U+53F5	파	파	N	2015	30	N	2	5	5	unicode-total	土		cannot, be unable do, improbable; thereupon	口		파:1N	못할 파, 드디어 파, 술잔 파
叶	U+53F6	협	협	N	2015	30	N	2	5	5	unicode-total	土		to harmonize, to rhyme; to unite; (borrowed for) leaf	口		협:1N	화합할 협
号	U+53F7	호	호	N	2015	30	N	2	5	5	unicode-total	土		mark, sign; symbol; number	口		호:N	
司	U+53F8	사	사	Y		30	N	2	5	5	unicode-total	土		take charge of, control, manage; officer	口		사:0E	맡을 사
吁	U+5401	우	우	N	2015	30	N	3	6	6	unicode-total	土		interjection 'Alas!'; to sigh	口		우:1N	
吃	U+5403	흘	흘	N	2015	30	N	3	6	6	unicode-total	土		eat; drink; suffer, endure, bear	口		흘:0N	말더듬을 흘, 말더듬는 흘
各	U+5404	각	각	Y		30	N	3	6	6	unicode-total	土		each, individually, every, all	口		각:0E	각각 각
合	U+5408	합	합	Y		30	N	3	6	6	unicode-total	土		combine, unite, join; gather	口		합:0E	합할 합, 같을 합, 짝 합, 대답할 합
吉	U+5409	길	길	Y		30	N	3	6	6	unicode-total	土		lucky, propitious, good	口		길:0E	길할 길
吊	U+540A	적	적	N	2015	30	N	3	6	6	unicode-total	土		condole, mourn, pity; hang	口		적:0N	슬퍼할
吋	U+540B	촌	촌	N	2015	30	N	3	6	6	unicode-total	土		English inch (寸 can be either an English or Chinese inch)	口		촌:1N	인치(inch) 촌
同	U+540C	동	동	Y		30	N	3	6	6	unicode-total	土		same, similar; together with	口		동:0E	같을 동, 한가지 동
名	U+540D	명	명	Y		30	N	3	6	6	unicode-total	土		name, rank, title, position	口		명:0E	이름 명
后	U+540E	후	후	N	2015	30	N	3	6	6	unicode-total	土		queen, empress, sovereign; (simp. for 後) behind, rear, after	口		후:0N	임금 후
吏	U+540F	리	리,이	Y		30	N	3	6	6	unicode-total	土		government official, magistrate	口	이	리:0E 이:0	벼슬아치 리, 관리 리 / 아전 리, 관리 리
吐	U+5410	토	토	Y		30	N	3	6	6	unicode-total	土		vomit, spew out, cough up	口		토:0E	토할 토, 나올 토, 펼 토
向	U+5411	향	향	Y		30	N	3	6	6	unicode-total	土		toward, direction, trend	口		향:0E	향할 향, 나아갈 향, 북쪽 창 향, 기울어질 향
君	U+541B	군	군	Y		30	N	4	7	7	unicode-total	金		sovereign, monarch, ruler, chief, prince	口		군:0E	임금 군
吝	U+541D	린	린,인	N	2015	30	N	4	7	7	unicode-total	金		stingy, miserly, parsimonious	口	인	린:0N 인:0	아낄 린, 인색할 린 / 아낄 인, 인색할 인
吟	U+541F	음	음	Y		30	N	4	7	7	unicode-total	金		sing, hum; recite; type of poetry	口		음:0E	읊을 음, 끙끙거릴 음, 탄식할 음, 턱 끄덕거릴 음, 노래할 음, 말 더듬을 음, 울 음
吠	U+5420	폐	폐	N	2015	30	N	4	7	7	unicode-total	金		bark	口		폐:0N	짖을 폐, 땅이름 폐
否	U+5426	부	부	Y		30	N	4	7	7	unicode-total	金		not, no, negative; final particle; hexagram ䷋	口		부:0E	아닐 부
吩	U+5429	분	분	N	2015	30	N	4	7	7	unicode-total	金		order, command, instruct	口		분:0N	뿜을 분
含	U+542B	함	함	Y		30	N	4	7	7	unicode-total	金		hold in mouth; cherish; contain	口		함:0E	머금을 함
听	U+542C	은	은	N	2015	30	N	4	7	7	unicode-total	金		hear; understand; obey, comply; one pound	口		은:1N	벙긋거릴 은, 들을 은, 입이 큰 모양 은
吮	U+542E	전	전	N	2015	30	N	4	7	7	unicode-total	金		suck with mouth, sip, lick	口		전:1N	빨 전
吱	U+5431	지	지	N	2015	30	N	4	7	7	unicode-total	金		chirping, squeaking, hissing	口		지:N	
吳	U+5433	오	오	N	2015	30	N	4	7	7	unicode-total	金		one of warring states; surname	口		오:0N	오나라 오, 큰소리 지를 오, 성씨 오
吶	U+5436	눌	눌	N	2015	30	N	4	7	7	unicode-total	金		raise voice, yell out loud, shout; stammer	口		눌:1N	말 더듬을 눌
吸	U+5438	흡	흡	Y		30	N	4	6	7	kangxi-sum	金		inhale, suck in; absorb; attract	口		흡:0E	숨 들이쉴 흡
吹	U+5439	취	취	Y		30	N	4	7	7	unicode-total	金		blow; puff; brag, boast	口		취:0E	불 취, 숨쉴 취, 악기 불 취, 부를 취, 충동할 취
吻	U+543B	문	문	N	2015	30	N	4	7	7	unicode-total	金		kiss; the lips; coinciding	口		문:0N	입술 문, 입가 문
吼	U+543C	후	후	N	2015	30	N	4	7	7	unicode-total	金		roar, shout; bark, howl	口		후:0N	울 후, 우는소리 후
吽	U+543D	후	후	N	2015	30	N	4	7	7	unicode-total	金		'OM'; bellow; (Cant.) dull, stupid	口		후:1N	개 싸울 우, 개 짖는 소리 우
吾	U+543E	오	오	Y		30	N	4	7	7	unicode-total	金		i, my, our; resist, impede	口		오:0E	자기 오, 아들 오, 나 오
呀	U+5440	하	하	N	2015	30	N	4	7	7	unicode-total	金		particle used to express surprise or mild emphasis; (Cant.) slurred form of the number ten	口		하:1N	입 벌릴 하
呂	U+5442	려	려,여	N	2015	30	N	4	7	7	unicode-total	金		surname; a musical note	口	여	려:0N 여:0	음률 려, 풍류 려 / 풍류 려, 등골뼈 려, 성씨 려
呆	U+5446	매	매	N	2015	30	N	4	7	7	unicode-total	金		dull; dull-minded, simple, stupid	口		매:1N	어리석을 매
呈	U+5448	정	정	N	2015	30	N	4	7	7	unicode-total	金		submit, show; appear; petition	口		정:0N	보일 정, 드러낼 정
告	U+544A	고	고	Y		30	N	4	7	7	unicode-total	金		tell, announce, inform; accuse	口		고:0E	알릴 고, 고할 고
呑	U+5451	탄	탄	N	2015	30	N	4	7	7	unicode-total	金		swallow; absorb	口		탄:0N	삼킬 탄, 휩쌀 탄, 감출 탄, 멸할 탄
呝	U+545D	액	액	N	2015	30	N	5	8	8	unicode-total	金		belch; hiccup	口		액:1N	울 액
呟	U+545F	현	현	N	2015	30	N	5	8	8	unicode-total	金		to mutter, grumble, murmur	口		현:N	
呢	U+5462	니	니	N	2015	30	N	5	8	8	unicode-total	金		interrogative or emphatic final; (Cant.) this	口	이	니:1N	소근거릴 니
呤	U+5464	령	령	N	2015	30	N	5	8	8	unicode-total	金		purine	口	영	령:1N	속삭일 령
呦	U+5466	유	유	N	2015	30	N	5	8	8	unicode-total	金		the bleating of the deer	口		유:1N	사슴 우는 소리 유, 새짐승 우는 소리 유
周	U+5468	주	주	Y		30	N	5	8	8	unicode-total	金		Zhou dynasty; circumference	口		주:0E	두루 주
呪	U+546A	주	주	N	2015	30	N	5	8	8	unicode-total	金		curse, damn, incantation	口		주:0N	빌 주, 저주 주
呫	U+546B	첩	첩	N	2015	30	N	5	8	8	unicode-total	金		whisper; lick, taste; petty	口		첩:1N	맛 볼 첩, 귀에 대고 소근거릴 첩, 앙징할 첩
呰	U+5470	자	자	N	2015	30	N	5	9	9	total-gt-rs-check	水		to slander, revile	口		자:1N	주차할 자
呱	U+5471	고	고	N	2015	30	N	5	8	8	unicode-total	金		wail, crying of child; swear at	口		고:0N	울 고, 아이우는 소리 고
味	U+5473	미	미	Y		30	N	5	8	8	unicode-total	金		taste, smell, odor; delicacy	口		미:0E	맛 미, 뜻 미
呵	U+5475	가	가	N	2015	30	N	5	8	8	unicode-total	金		scold; laughing sound; yawn	口		가:0N	꾸짖을 가
呶	U+5476	노	노	N	2015	30	N	5	8	8	unicode-total	金		talkative; clamour; hubbub	口		노:1N	들랠 노
呻	U+547B	신	신	N	2015	30	N	5	8	8	unicode-total	金		groan, moan; recite with intonation	口		신:0N	읊조릴 신, 끙끙거릴 신
呼	U+547C	호	호	Y		30	N	5	8	8	unicode-total	金		breathe sigh, exhale; call, shout	口		호:0E	부를 호, 숨 내쉴 호
命	U+547D	명	명	Y		30	N	5	8	8	unicode-total	金		life; destiny, fate, luck; an order, instruction	口		명:0E	목숨 명
呿	U+547F	거	거	N	2015	30	N	5	8	8	unicode-total	金		to yawn	口		거:1N	입 딱 벌일 거
咀	U+5480	저	저	N	2015	30	N	5	8	8	unicode-total	金		suck; chew, masticate	口		저:0N	씹을 저, 깨달을 저, 먹을 저
咄	U+5484	돌	돌	N	2015	30	N	5	8	8	unicode-total	金		noise of rage, cry out in anger	口		돌:1N	꾸짖을 돌
咆	U+5486	포	포	N	2015	30	N	5	8	8	unicode-total	金		roar	口		포:0N	고함지를 포, 짐승소리 포, 불끈 성낼 포, 으르릉거릴 포
咇	U+5487	필	필	N	2015	30	N	5	8	8	unicode-total	金		fragrant; (Cant.) to eject	口		필:1N	향기날 필
咋	U+548B	사	사	N	2015	30	N	5	8	8	unicode-total	金		question-forming particle, why? how? what?; to bite; loud	口		사:1N	잠간 사
和	U+548C	화	화	Y		30	N	5	8	8	unicode-total	金		harmony, peace; peaceful, calm	口		화:0E	화할 화
咍	U+548D	해	해	N	2015	30	N	5	8	8	unicode-total	金		laugh	口		해:1N	비웃을 해
咎	U+548E	구	구	N	2015	30	N	5	8	8	unicode-total	金		fault, defect; error, mistake	口		구:0N	허물 구
咏	U+548F	영	영	N	2015	30	N	5	8	8	unicode-total	金		sing song or poem, hum, chant	口		영:1N	노래할 영, 읊을 영
咐	U+5490	부	부	N	2015	30	N	5	8	8	unicode-total	金		instruct, order	口		부:0N	분부할 부
咠	U+54A0	집	집	N	2015	30	N	6	9	9	unicode-total	水		to whisper. to blame to slander	口		집:1N	참소할 집
咢	U+54A2	악	악	N	2015	30	N	6	9	9	unicode-total	水		sound; drumming	口		악:1N	놀랄 악
咤	U+54A4	타	타	N	2015	30	N	6	9	9	unicode-total	水		scold, bellow, shout at, roar	口		타:0N	꾸짖을 타, 슬플 타, 뿜을 타, 쩍쩍 씹는소리 타
咥	U+54A5	희	희	N	2015	30	N	6	9	9	unicode-total	水		sound of a cat; bite; laugh	口		희:1N	허허 웃을 희
咨	U+54A8	자	자	N	2015	30	N	6	9	9	unicode-total	水		inquire, consult, discuss; plan	口		자:0N	물을 자, 원망할 자
咫	U+54AB	지	지	N	2015	30	N	6	9	9	unicode-total	水		foot measure of Zhou dynasty	口		지:0N	길이 지, 여덟치 지
咬	U+54AC	교	교	N	2015	30	N	6	9	9	unicode-total	水		bite, gnaw	口		교:0N	새소리 교, 새지저귀는 소리 교
咯	U+54AF	각	각	N	2015	30	N	6	9	9	unicode-total	水		final particle	口		각:1N	토할 각
咲	U+54B2	소	소	N	2015	30	N	6	9	9	unicode-total	水		smile, laugh, giggle; snicker	口		소:N	
咳	U+54B3	해	해	N	2015	30	N	6	9	9	unicode-total	水		cough	口		해:0N	기침 해, 침 뱉을 해, 방글방글 웃을 해
咸	U+54B8	함	함	Y		30	N	6	9	9	unicode-total	水		together; all, completely; united; hexagram ䷞	口		함:0E	모두 함, 다 함
咻	U+54BB	휴	휴	N	2015	30	N	6	9	9	unicode-total	水		shout	口		휴:1N	떠들 휴
咼	U+54BC	괘	괘	N	2015	30	N	6	9	9	unicode-total	水		chat, jaw, gossip, talk; mouth	口		괘:1N	입 비뚤어질 괘
咽	U+54BD	열,인	열,인	N	2015	30	N	6	9	9	unicode-total	水		throat; pharynx	口		열:0N 인:0N	목 멜 열, 막힐 열 / 목구멍 인, 목멜 인
咿	U+54BF	이	이	N	2015	30	N	6	9	9	unicode-total	水		descriptive of creaking; laugh	口		이:1N	선웃음칠 이, 책 읽는 소리 이
哀	U+54C0	애	애	Y		30	N	6	9	9	unicode-total	水		sad, mournful, pitiful; pity	口		애:0E	슬플 애, 가여울 애
品	U+54C1	품	품	Y		30	N	6	9	9	unicode-total	水		article, product, commodity	口		품:0E	뭇 품, 품수 품, 가지 품, 벼슬 차례 품
哂	U+54C2	신	신	N	2015	30	N	6	9	9	unicode-total	水		smile, laugh at, sneer at; (Cant.) a final particle indicating doing something to the full extent possible	口		신:1N	빙그레 웃을 신, 비웃을 신
哃	U+54C3	동	동	N	2015	30	N	6	9	9	unicode-total	水			口		동:1N	클말할 동
哄	U+54C4	홍	홍	N	2015	30	N	6	9	9	unicode-total	水		coax; beguile, cheat, deceive	口		홍:0N	떠들썩할 홍
哆	U+54C6	치	치	N	2015	30	N	6	9	9	unicode-total	水		tremble, shiver, shudder, quiver	口		치:1N	입 딱 벌일 치
哇	U+54C7	와	와	N	2015	30	N	6	9	9	unicode-total	水		vomit; cry of an infant	口		와:1N	음란한 소리 와, 게울 와
哈	U+54C8	합	합	N	2015	30	N	6	9	9	unicode-total	水		sound of laughter	口		합:0N	한 모금 합, 마실 합
哉	U+54C9	재	재	Y		30	N	6	9	9	unicode-total	水		final exclamatory particle	口		재:0E	비로소 재, 답다 재, 그런가 재, 어조사 재
員	U+54E1	운,원	운,원	Y	2015	30	N	7	10	10	unicode-total	水		member; personnel, staff member	口		운:N 원:0E	관원 원, 둥글 원
哥	U+54E5	가	가	N	2015	30	N	7	10	10	unicode-total	水		elder brother	口		가:0N	노래 가, 형언니 가
哦	U+54E6	아	아	N	2015	30	N	7	10	10	unicode-total	水		oh? really? is that so?	口		아:1N	놀람의 어조사 아
哨	U+54E8	초	초	N	2015	30	N	7	10	10	unicode-total	水		whistle, blow whistle; chirp	口		초:0N	망 볼 초
哩	U+54E9	리	리	N	2015	30	N	7	10	10	unicode-total	水		mile	口	이	리:1N	어조사 리
哭	U+54ED	곡	곡	Y		30	N	7	10	10	unicode-total	水		weep, cry, wail	口		곡:0E	울 곡
哮	U+54EE	효	효	N	2015	30	N	7	10	10	unicode-total	水		cough; pant; roar	口		효:0N	으르렁거릴 효, 성낼 효
哱	U+54F1	발	발	N	2015	30	N	7	10	10	unicode-total	水			口		발:1N	어지러울 발
哲	U+54F2	철	철	Y		30	N	7	10	10	unicode-total	水		wise, sagacious; wise man, sage	口		철:0E	밝을 철
哺	U+54FA	포	포	N	2015	30	N	7	10	10	unicode-total	水		chew food; feed	口		포:0N	씹어 먹을 포, 먹일 포
哽	U+54FD	경	경	N	2015	30	N	7	10	10	unicode-total	水		choke (with grief)	口		경:1N	목멜 경
哿	U+54FF	가	가	N	2015	30	N	7	10	10	unicode-total	水		excellent; to commend to be able to	口		가:1N	좋을 가
唄	U+5504	패	패	N	2015	30	N	7	10	10	unicode-total	水		final particle of assertion	口		패:0N	염불소리 패, 노래부를 패
唆	U+5506	사	사	N	2015	30	N	7	10	10	unicode-total	水		make mischief, incite, instigate	口		사:0N	부추길 사, 가르칠 사
唇	U+5507	진	진	N	2015	30	N	7	10	10	unicode-total	水		lips	口		진:0N	놀랄 진
唉	U+5509	애	애	N	2015	30	N	7	10	10	unicode-total	水		alas, exclamation of surprise or pain	口		애:1N	대답하는 소리 애
唎	U+550E	리	리	N	2015	30	N	7	10	10	unicode-total	水		sound, noise; final particle	口	이	리:0N	가는 소리 리
唏	U+550F	희	희	N	2015	30	N	7	10	10	unicode-total	水		weep or sob; grieve	口		희:1N	슬퍼할 희
唐	U+5510	당	당	Y		30	N	7	10	10	unicode-total	水		Tang dynasty; Chinese	口		당:0E	당나라 당
唔	U+5514	오	오	N	2015	30	N	7	10	10	unicode-total	水		hold in mouth; bite; (Cant.) not, negation	口		오:1N	글 읽는 소리 오
唜	U+551C	말	말	N	2015	30	N	7	10	10	unicode-total	水			口		말:0N	끝
唫	U+552B	금	금	N	2015	30	N	8	11	11	unicode-total	木		to hum, to intone, etc. to close, to shut	口		금:1N	입 다물 금
售	U+552E	수	수	N	2015	30	N	8	11	11	unicode-total	木		sell	口		수:1N	팔 수, 갚을 수
唯	U+552F	유	유	Y		30	N	8	11	11	unicode-total	木		only; yes	口		유:0E	오직 유, 허락할 유
唱	U+5531	창	창	Y		30	N	8	11	11	unicode-total	木		sing, chant, call; ditty, song	口		창:0E	노래 창, 노래부를 창
唳	U+5533	려	려	N	2015	30	N	8	11	11	unicode-total	木		cry of bird; cry	口	여	려:1N	울 려
唵	U+5535	암	암	N	2015	30	N	8	11	11	unicode-total	木		used in Buddhist texts to transliterate non-Chinese sounds; to eat with the hand	口		암:0N	머금을
唹	U+5539	어	어	N	2015	30	N	8	11	11	unicode-total	木		to smile at	口		어:N	
唻	U+553B	래	래	N	2018	30	N	8	11	11	unicode-total	木			口	내	래:N	
唼	U+553C	삽	삽	N	2015	30	N	8	11	11	unicode-total	木		speaking evil; gobbling sound made by ducks	口		삽:1N	쪼아먹을 삽
唾	U+553E	타	타	N	2015	30	N	8	11	11	unicode-total|multi-rs:30.9=12	木		spit, spit on; saliva	口		타:0N	침 타, 버릴 타
啀	U+5540	애	애	N	2015	30	N	8	11	11	unicode-total	木		gnaw; (Cant.) to shout, yell, scold	口		애:1N	물어뜯을 애
啂	U+5542	누	누	N	2015	30	N	8	11	11	unicode-total	木			口		누:1N	
啄	U+5544	탁	탁	N	2015	30	N	8	11	11	unicode-total	木		to peck; (Cant.) to slander	口		탁:0N	쪼을 탁, 문 두드릴 탁
商	U+5546	상	상	Y		30	N	8	11	11	unicode-total	木		commerce, business, trade	口		상:0E	헤아릴 상, 장사 상
啊	U+554A	아	아	N	2015	30	N	8	10	11	kangxi-sum	木		exclamatory particle	口		아:N	
問	U+554F	문	문	Y		30	N	8	11	11	unicode-total	木		ask (about), inquire after	口		문:0E	물을 문, 알릴 문
啓	U+5553	계	계	Y		30	N	8	11	11	unicode-total	木		open; begin, commence; explain	口		계:0E	열 계
啖	U+5556	담	담	N	2015	30	N	8	11	11	unicode-total	木		eat, feed; chew, bite; entice	口		담:0N	씹을 담
啗	U+5557	담	담	N	2015	30	N	8	11	11	unicode-total	木		eat, chew, bite; entice, lure	口		담:1N	씹을 담
啜	U+555C	철	철	N	2015	30	N	8	11	11	unicode-total	木		sip, suck up; sob, weep	口		철:1N	마실 철
啞	U+555E	아	아	N	2015	30	N	8	11	11	unicode-total	木		dumb, mute; become hoarse	口		아:0N	벙어리 아, 놀랄 아
啣	U+5563	함	함	N	2015	30	N	8	12	12	total-gt-rs-check	木		hold in mouth; harbor, cherish	口		함:0N	재갈 함, 머금을 함
啻	U+557B	시	시	N	2015	30	N	9	12	12	unicode-total	木		only, merely; just like; stop at	口		시:1N	뿐 시, 쯤 시
啼	U+557C	제	제	N	2015	30	N	9	12	12	unicode-total	木		weep, whimper; howl, twitter	口		제:0N	울 제, 새지저귀는 소리 제
啽	U+557D	암	암	N	2015	30	N	9	12	12	unicode-total	木		(Cant.) to speak	口		암:1N	잠꼬대 암
啾	U+557E	추	추	N	2015	30	N	9	12	12	unicode-total	木		wailing of child; chirp	口		추:1N	두런거릴 추, 찍찍거릴 추
啿	U+557F	담	담	N	2015	30	N	9	12	12	unicode-total	木			口		담:N	
喀	U+5580	객	객	N	2015	30	N	9	12	12	unicode-total	木		vomit; used in transliterations	口		객:0N	기침할 객, 토할 객
喁	U+5581	옹	옹	N	2015	30	N	9	12	12	unicode-total	木		the mouth of a fish at the surface of the water, gasping for breath	口		옹:1N	물고기 입 오물거릴 옹 / 서로 부를 우
喃	U+5583	남	남	N	2015	30	N	9	12	12	unicode-total	木		keep talking, chattering; mumble	口		남:1N	재잘거릴 남
善	U+5584	선	선	Y		30	N	9	12	12	unicode-total	木		good, virtuous, charitable, kind	口		선:0E	착할 선
喆	U+5586	철	철	N	2015	30	N	9	12	12	unicode-total	木		a sage; wise; sagacious	口		철:0N	哲과 同字, 밝을 철
喇	U+5587	나,라	나,라	N	2015	30	N	9	12	12	unicode-total	木		horn, bugle; lama; final particle	口		나:0N 라:0N	나팔 라, 라마교 라 / 나팔 / 말굽히할 랄
喉	U+5589	후	후	N	2015	30	N	9	12	12	unicode-total	木		throat, gullet, larynx; guttural	口		후:0N	목구멍 후
喊	U+558A	함	함	N	2015	30	N	9	12	12	unicode-total	木		shout, call out, yell; howl; cry	口		함:0N	소리 함, 고함칠 함
喋	U+558B	첩	첩	N	2015	30	N	9	12	12	unicode-total	木		nag; chatter, babble, twitter	口		첩:1N	재잘거릴 첩
喑	U+5591	음	음	N	2015	30	N	9	12	12	unicode-total	木		to be dumb; the sobbing of infants	口		음:1N	소리지를 음, 안간힘 쓸 음, 목 쉴 음
喓	U+5593	요	요	N	2015	30	N	9	12	12	unicode-total	木		chirping, buzzing; (Cant.) to call out	口		요:1N	벌레소리 요
喔	U+5594	악	악	N	2015	30	N	9	12	12	unicode-total	木		descriptive of crying or of crowing	口		악:1N	닭 우는 소리 악, 아첨해 웃는 소리 악
喘	U+5598	천	천	N	2015	30	N	9	12	12	unicode-total	木		pant, gasp, breathe heavily	口		천:0N	헐떡거릴 천, 헐떡일 천
喙	U+5599	훼	훼	N	2015	30	N	9	12	12	unicode-total	木		beak, bill, snout; pant	口		훼:0N	부리 훼, 주둥이 훼
喚	U+559A	환	환	N	2015	30	N	9	12	12	unicode-total	木		call, summon; invite; be called	口		환:0N	부를 환
喜	U+559C	희	희	Y		30	N	9	12	12	unicode-total	木		like, love, enjoy; joyful thing	口		희:0E	기뻐할 희, 기쁠 희
喝	U+559D	갈	갈	N	2015	30	N	9	12	12	unicode-total	木		drink; shout, call out	口		갈:0N	꾸짖을 갈, 성낸 소리 갈 / 목 쉴 애
喞	U+559E	즉	즉	N	2015	30	N	9	12	12	unicode-total	木		chirping of insects; pump	口		즉:1N	두런거릴 즐
喟	U+559F	위	위	N	2015	30	N	9	12	12	unicode-total	木		heave sigh, sigh	口		위:1N	한숨쉴 위
喣	U+55A3	후	후	N	2015	30	N	9	12	12	unicode-total	木		to breathe upon	口		후:1N	불 후
喤	U+55A4	황	황	N	2015	30	N	9	12	12	unicode-total	木		ah; harmony	口		황:1N	어린아이 울음 황
喧	U+55A7	훤	훤	N	2015	30	N	9	12	12	unicode-total	木		lively, noisy; clamor, talk loudly	口		훤:0N	의젓할 훤, 지껄일 훤
喨	U+55A8	량	량	N	2015	30	N	9	12	12	unicode-total	木		wail, cry, yell; neigh	口	양	량:1N	소리 맑을 량
喩	U+55A9	유	유	N	2015	30	N	9	12	12	unicode-total	木		metaphor	口		유:0N	깨우쳐 줄 유, 알릴 유, 비유할 유, 깨우칠 유
喪	U+55AA	상	상	Y		30	N	9	12	12	unicode-total	木		mourning; mourn; funeral	口		상:0E	죽을 상, 상사 상
喫	U+55AB	끽	끽	N	2015	30	N	9	12	12	unicode-total	木		eat; drink; suffer, endure, bear	口		끽:0N	마실 끽
喬	U+55AC	교	교	N	2015	30	N	9	12	12	unicode-total	木		tall, lofty; proud, stately	口		교:0N	높을 교
單	U+55AE	단	단	Y		30	N	9	12	12	unicode-total	木		single, individual, only; lone	口		단:0E	홀로 단 / 고을이름 선
嗃	U+55C3	학	학	N	2015	30	N	10	13	13	unicode-total	火		to flute	口		학:N	
嗅	U+55C5	후	후	N	2015	30	N	10	13	13	unicode-total	火		smell, scent, sniff; olfactive	口		후:0N	맡을 후, 냄새맡을 후
嗇	U+55C7	색	색	N	2015	30	N	10	13	13	unicode-total	火		miserly, thrifty, stingy; stopped up, constipated	口		색:0N	아낄 색, 인색할 색
嗉	U+55C9	소	소	N	2015	30	N	10	13	13	unicode-total	火		bird's crop; wine pot	口		소:1N	멀떠구니 소
嗑	U+55D1	합	합	N	2015	30	N	10	13	13	unicode-total	火		eat seeds; reproach; loquacious	口		합:1N	잔말할 합, 웃는 소리 합, 입 다물 합, 괘 이름 합
嗔	U+55D4	진	진	N	2015	30	N	10	13	13	unicode-total	火		be angry at, scold, rebuke	口		진:0N	성낼 진, 꾸짖을 진
嗚	U+55DA	오	오	Y		30	N	10	13	13	unicode-total	火		sound of crying, sobbing	口		오:0E	탄식할 오
嗛	U+55DB	겸	겸	N	2015	30	N	10	13	13	unicode-total	火		pouch; hold; content	口		겸:1N	부족히 여길 겸, 겸손 겸, 입에 밥 물고 있을 겸
嗜	U+55DC	기	기	N	2015	30	N	10	13	13	unicode-total	火		be fond of, have weakness for	口		기:0N	즐길 기
嗟	U+55DF	차	차	N	2015	30	N	10	12	13	kangxi-sum	火		sigh, alas	口		차:0N	탄식할 차, 슬플 차
嗠	U+55E0	락	락	N	2015	30	N	10	13	13	unicode-total	火			口	낙	락:1N	
嗢	U+55E2	올	올	N	2015	30	N	10	13	13	unicode-total	火		a loud, prolonged laugh	口		올:1N	목 멜 올
嗣	U+55E3	사	사	N	2015	30	N	10	13	13	unicode-total	火		to connect, inherit; descendants, heirs	口		사:0N	이을 사, 대이을 사
嗤	U+55E4	치	치	N	2015	30	N	10	13	13	unicode-total	火		laugh at, ridicule, sneer; snort	口		치:0N	비웃을 치, 냉소 치
嗷	U+55F7	오	오	N	2015	30	N	11	13	14	kangxi-sum	火		loud clamor; sound of wailing	口		오:1N	여럿이 걱정할 오
嗽	U+55FD	수	수	N	2015	30	N	11	14	14	unicode-total	火		cough, gargle, clear throat	口		수:0N	기침할 수, 입가실 수
嗾	U+55FE	주	주	N	2015	30	N	11	14	14	unicode-total	火		to set a dog on; incite, instigate	口		주:0N	시킬
嗿	U+55FF	탐	탐	N	2015	30	N	11	14	14	unicode-total	火		gobble	口		탐:1N	여럿이 먹는 소리 탐
嘄	U+5604	교	교	N	2015	30	N	11	14	14	unicode-total	火			口		교:1N	부르짖을 교
嘆	U+5606	탄	탄	N	2015	30	N	11	14	14	unicode-total	火		sigh, admire	口		탄:0N	한숨쉴 탄, 탄식할 탄
嘈	U+5608	조	조	N	2015	30	N	11	14	14	unicode-total	火		noisy	口		조:1N	지껄일 조
嘉	U+5609	가	가	N	2015	30	N	11	14	14	unicode-total	火		excellent; joyful; auspicious	口		가:0N	아름다울 가
嘌	U+560C	표	표	N	2015	30	N	11	14	14	unicode-total	火		fast, speedy	口		표:1N	휙 불 표, 몰아갈 표
嘍	U+560D	루	루	N	2015	30	N	11	14	14	unicode-total	火		used in onomatopoetic expressions	口	누	루:1N	시끄러울 루
嘎	U+560E	알	알	N	2015	30	N	11	14	14	unicode-total	火		sound of laughter; bad, malevolent	口		알:1N	새소리 알
嘏	U+560F	가,하	가,하	N	2015	30	N	11	14	14	unicode-total	火		felicity, prosperity; large and strong	口		가:N 하:N	
嘐	U+5610	교	교	N	2015	30	N	11	14	14	unicode-total	火		final exclamatory particle	口		교:1N	닭 울 교
嘒	U+5612	혜	혜	N	2015	30	N	11	14	14	unicode-total	火		sharp	口		혜:1N	가냘플 혜
嘔	U+5614	구	구	N	2015	30	N	11	14	14	unicode-total	火		to vomit; annoy, enrage	口		구:0N	토할 구, 게워내는 구
嘕	U+5615	언	언	N	2018	30	N	11	14	14	unicode-total	火			口		언:N	
嘖	U+5616	책	책	N	2015	30	N	11	14	14	unicode-total	火		interjection of approval or admiration	口		책:1N	외칠 책
嘗	U+5617	상	상	Y		30	N	11	14	14	unicode-total	火		taste; experience, experiment	口		상:0E	맛볼 상
嘩	U+5629	화	화	N	2015	30	N	12	13	15	kangxi-sum	土		rushing sound; gush forward	口		화:1N	譁와 同字
嘬	U+562C	최	최	N	2015	30	N	12	15	15	unicode-total	土		to lap; to suck	口		최:1N	물 최, 산적 한 입에 넣을 최
嘯	U+562F	소	소	N	2015	30	N	12	16	16	total-gt-rs-check	土		roar, howl, scream; whistle	口		소:0N	휘파람 소, 세게 뿜을 소, 읊을 소
嘲	U+5632	조	조	N	2015	30	N	12	15	15	unicode-total	土		ridicule, deride, scorn, jeer at	口		조:0N	조롱할 조, 희롱할 조
嘴	U+5634	취	취	N	2015	30	N	12	16	16	total-gt-rs-check	土		mouth, lips	口		취:0N	부리 취
嘶	U+5636	시	시	N	2015	30	N	12	15	15	unicode-total	土		neighing of a horse; gravel voiced, husky throated; (Cant.) to hiccough	口		시:0N	말 울 시, 목 쉴 시, 울부짖을 시, 말이우는 시
嘷	U+5637	호	호	N	2015	30	N	12	15	15	unicode-total	土		the roaring of wild beasts; to howl, to wail, to bawl	口		호:1N	짖을 호, 외칠 호
嘸	U+5638	무	무	N	2015	30	N	12	15	15	unicode-total	土		unclear; an expletive; not	口		무:1N	분명하지 않을 무, 모호한 모양 무
嘹	U+5639	료	료	N	2015	30	N	12	15	15	unicode-total	土		used describe clarity of voice; resonant	口	요	료:1N	울 료
嘻	U+563B	희	희	N	2015	30	N	12	15	15	unicode-total	土		mirthful, happy; interjection	口		희:1N	웃을 희
嘿	U+563F	묵	묵	N	2015	30	N	12	15	15	unicode-total	土		be silent, be quiet	口		묵:1N	고요할 묵, 말 아니할 묵
噁	U+5641	오	오	N	2015	30	N	12	15	15	unicode-total	土		nastiness; nauseate: sickening	口		오:1N	성낼 오
噉	U+5649	담	담	N	2015	30	N	12	14	15	kangxi-sum	土		bite, chew; (Cant.) like this, in this way	口		담:1N	씹을 담
噋	U+564B	톤	톤	N	2015	30	N	12	15	15	unicode-total	土		to swallow hastily; to gobble up	口		톤:1N	啍과 同字
噍	U+564D	초	초	N	2015	30	N	12	15	15	unicode-total	土		chew; eat; munch	口		초:1N	먹을 초
噎	U+564E	열	열	N	2015	30	N	12	15	15	unicode-total	土		choke; hiccup	口		열:1N	목 멜 열
噏	U+564F	흡	흡	N	2015	30	N	12	15	15	unicode-total	土		inhale, absorb, imbibe; compress; (Cant.) to talk, say, tell	口		흡:1N	숨 들이쉴 흡
噓	U+5653	허	허	N	2015	30	N	11	15	15	total-gt-rs-check|kangxi-pos:30.12-13	土		exhale; blow out; deep sigh; hiss; praise, flatter; lie	口		허:0N	불 허, 뿜을 허, 탄식할 허
噤	U+5664	금	금	N	2015	30	N	13	16	16	unicode-total	土		close; be silent, be unable speak	口		금:1N	입 다물 금
噥	U+5665	농	농	N	2015	30	N	13	16	16	unicode-total	土		whisper	口		농:1N	달게 먹을 농
器	U+5668	기	기	Y		30	N	13	16	16	unicode-total	土		receptacle, vessel; instrument	口		기:0E	그릇 기
噩	U+5669	악	악	N	2015	30	N	13	16	16	unicode-total	土		bad, ill-omened, unlucky	口		악:1N	놀랄 악
噪	U+566A	조	조	N	2015	30	N	13	16	16	unicode-total	土		be noisy; chirp loudly	口		조:1N	떠들썩할 조
噫	U+566B	희	희	N	2015	30	N	13	16	16	unicode-total	土		belch; alas	口		희:0N	탄식할 희, 슬플 희
噬	U+566C	서	서	N	2015	30	N	13	16	16	unicode-total	土		bite; gnaw; snap at	口		서:1N	씹을 서
噭	U+566D	교	교	N	2015	30	N	13	16	16	unicode-total	土		shout	口		교:1N	부르짖을 교
噯	U+566F	애	애	N	2015	30	N	13	16	16	unicode-total	土		interjection; exclamation	口		애:1N	트림할 애
噲	U+5672	쾌	쾌	N	2015	30	N	13	16	16	unicode-total	土		swallow, gulp down; greedy	口		쾌:1N	목구멍 쾌, 훨할 쾌
噴	U+5674	분	분	N	2015	30	N	13	15	16	kangxi-sum|kangxi-pos-residual:12>13	土		spurt, blow out, puff out	口		분:0N	뿜을 분, 뿜어낼 분
噵	U+5675	도	도	N	2018	30	N	13	15	16	kangxi-sum	土			口		도:N	
噶	U+5676	갈	갈	N	2015	30	N	13	15	16	kangxi-sum	土		used in transliterations	口		갈:1N	벼슬이름 갈, 땅이름 갈
噾	U+567E	음	음	N	2018	30	N	14	17	17	unicode-total	金			口		음:N	
嚀	U+5680	녕	녕	N	2015	30	N	14	17	17	unicode-total	金		enjoin, instruct; charge	口	영	녕:1N	정녕할 녕
嚄	U+5684	획	획	N	2015	30	N	14	16	17	kangxi-sum	金		roar	口		획:1N	외칠 획
嚆	U+5686	효	효	N	2015	30	N	14	16	17	kangxi-sum	金		give forth sound, make noise	口		효:0N	울릴 효, 부르짖을 효
嚇	U+5687	하,혁	하,혁	N	2015	30	N	14	17	17	unicode-total	金		scare, frighten; intimidate	口		하:1N 혁:N	놀라게 할 하 / 노할 혁, 꾸짖을 혁
嚙	U+5699	교	교	N	2015	30	N	15	18	18	unicode-total	金		bite, gnaw	口		교:1N	깨물 교
嚚	U+569A	은	은	N	2015	30	N	15	18	18	unicode-total	金		argumentative, talkative	口		은:1N	어리석을 은, 말다툼할 은, 불칙하게 말할 은
嚥	U+56A5	연	연	N	2015	30	N	16	19	19	unicode-total	水		swallow, gulp	口		연:0N	침 삼킬 연, 목구멍 연
嚧	U+56A7	로	로	N	2015	30	N	16	19	19	unicode-total	水			口	노	로:N	
嚬	U+56AC	빈	빈	N	2015	30	N	16	19	19	unicode-total	水		frown	口		빈:0N	찡그릴 빈
嚮	U+56AE	향	향	N	2015	30	N	16	17	19	kangxi-sum	水		guide, direct; incline to, favor	口		향:0N	향할 향, 누릴 향, 울릴 향, 받을 향
嚳	U+56B3	곡	곡	N	2015	30	N	17	20	20	unicode-total	水		mythical emperor; to inform quickly; an urgent communication	口		곡:1N	
嚴	U+56B4	엄	엄	Y		30	N	17	20	20	unicode-total	水		strict, rigorous, rigid; stern	口		엄:0E	굳셀 엄, 공경할 엄, 엄할 엄
嚶	U+56B6	앵	앵	N	2015	30	N	17	20	20	unicode-total	水		seek friends; also used in names; the call of a bird	口		앵:1N	새 소리 앵
嚼	U+56BC	작	작	N	2015	30	N	18	20	21	kangxi-sum	木		prattle, be glib	口		작:0N	씹을 작
囀	U+56C0	전	전	N	2015	30	N	18	21	21	unicode-total	木		sing, chirp, warble, twitter	口		전:1N	새 지저귈 전, 후렴 전
囁	U+56C1	섭	섭	N	2015	30	N	18	21	21	unicode-total	木		move lips as when speaking; hesitation	口		섭:1N	말하려다 멈출 섭, 중얼거릴 섭, 입 다물 섭
囂	U+56C2	효	효	N	2015	30	N	18	21	21	unicode-total	木		be noisy; treat with contempt	口		효:1N	시끄럽다 효
囃	U+56C3	잡	잡	N	2015	30	N	18	21	21	unicode-total	木		to play (on an instrument); to accompany; to banter, jeer	口		잡:1N	장단 잡을 잡
囈	U+56C8	예	예	N	2015	30	N	19	21	22	kangxi-sum	木		talk in one's sleep, somniloquy	口		예:1N	잠꼬대할 예, 헛소리할 예
囉	U+56C9	라	라	N	2015	30	N	19	22	22	unicode-total	木		exclamatory final particle, nag	口	나	라:1N	소리 읽힐 라
囊	U+56CA	낭	낭	N	2015	30	N	19	22	22	unicode-total|multi-rs:145.17=23	木		bag, purse, sack; put in bag	口		낭:0N	주머니 낭
囑	U+56D1	촉	촉	N	2015	30	N	21	24	24	unicode-total	火		order, tell, instruct, leave word	口		촉:0N	부탁할 촉
囚	U+56DA	수	수	Y		31	N	2	5	5	unicode-total	土		prisoner, convict; confine	囗		수:0E	가둘 수, 갇힐 수, 묶일 수
四	U+56DB	사	사	Y		31	N	2	5	4	numeral-meaning	火		four	囗		사:0E	넉 사, 넷 사
回	U+56DE	회	회	Y		31	N	3	6	6	unicode-total	土		return, turn around; a time	囗		회:0E	돌 회, 돌아올 회
囟	U+56DF	신	신	N	2015	31	N	3	6	6	unicode-total	土		top of the head; skull	囗		신:1N	숨구멍 신, 정수리 신
因	U+56E0	인	인	Y		31	N	3	6	6	unicode-total	土		cause, reason; by; because (of)	囗		인:0E	인할 인
囦	U+56E6	연	연	N	2015	31	N	4	7	7	unicode-total	金			囗		연:1N	물 깊을 연
囧	U+56E7	경	경	N	2015	31	N	4	7	7	unicode-total	金			囗		경:N	
囫	U+56EB	홀	홀	N	2015	31	N	4	7	7	unicode-total	金		entire, whole	囗		홀:1N	온전할 홀
囮	U+56EE	와	와	N	2015	31	N	4	7	7	unicode-total	金		inveigle, decoy; cheat	囗		와:1N	새 후릴 와
困	U+56F0	곤	곤	Y		31	N	4	7	7	unicode-total	金		to surround, besiege; to be surrounded; difficult; hexagram ䷮	囗		곤:0E	괴로울 곤, 곤할 곤
囷	U+56F7	균	균	N	2015	31	N	5	8	8	unicode-total	金		round-shaped storage bin for grain	囗		균:1N	둥근곳집 균
囹	U+56F9	령	령,영	N	2015	31	N	5	8	8	unicode-total	金		prison, enclosure	囗	영	령:0N 영:0	옥 령, 감옥 령 / 감옥 령
固	U+56FA	고	고	Y		31	N	5	8	8	unicode-total	金		to become solid, solidify; strength	囗		고:0E	굳을 고
国	U+56FD	국	국	N	2015	31	N	5	8	8	unicode-total	金		nation, country, nation-state	囗		국:N	
囿	U+56FF	유	유	N	2015	31	N	6	9	9	unicode-total	水		pen up; limit, constrain	囗		유:1N	엔담 유, 고루할 유
圁	U+5701	은	은	N	2015	31	N	7	10	10	unicode-total	水			囗		은:1N	물이름 은
圂	U+5702	혼	혼	N	2015	31	N	7	10	10	unicode-total	水		pig-sty; privy	囗		혼:1N	뒷간 혼
圃	U+5703	포	포	N	2015	31	N	7	10	10	unicode-total	水		garden, cultivated field	囗		포:0N	채마밭 포, 밭 갈 포, 곳 포, 산이름 포, 나물밭 포
圄	U+5704	어	어	N	2015	31	N	7	10	10	unicode-total	水		prison, jail	囗		어:0N	가둘 어, 옥 어
圇	U+5707	륜	륜	N	2015	31	N	8	11	11	unicode-total	木		all, complete, entire	囗	윤	륜:N	
圈	U+5708	권	권	N	2015	31	N	8	11	11	unicode-total	木		to circle; a circle; corral	囗		권:0N	둥글 권
圉	U+5709	어	어	N	2015	31	N	8	11	11	unicode-total	木		stable, corral, enclosure; frontier, border	囗		어:1N	마부 어, 변방 어
圊	U+570A	청	청	N	2015	31	N	8	11	11	unicode-total	木		rest room	囗		청:1N	뒷간 청
國	U+570B	국	국	Y		31	N	8	11	11	unicode-total	木		nation, country, nation-state	囗		국:0E	나라 국
圍	U+570D	위	위	Y		31	N	9	12	12	unicode-total	木		surround, encircle, corral	囗		위:0E	둘레 위, 에워 쌀 위, 한아람 위, 지킬 위
園	U+5712	원	원	Y		31	N	10	13	13	unicode-total	火		garden; park, orchard	囗		원:0E	동산 원, 능 원, 울타리 원
圓	U+5713	원	원	Y		31	N	10	13	13	unicode-total	火		circle; round, circular; complete	囗		원:0E	둥글 원, 원만할 원, 화폐의 단위 원
圖	U+5716	도	도	Y		31	N	11	14	14	unicode-total	火		diagram; chart, map, picture	囗		도:0E	그림 도
團	U+5718	단	단	Y		31	N	11	14	14	unicode-total	火		sphere, ball, circle; mass, lump	囗		단:0E	둥글 단
圜	U+571C	환	원,환	N	2015	31	N	13	16	16	unicode-total	土		circle, surround; encircle	囗		원:1 환:N	두를 환
土	U+571F	토	토	Y		32	N	0	3	3	unicode-total	火	土	soil, earth; items made of earth	土		토:0E	흙 토, 뿌리 토, 나라 토, 뭍 토
在	U+5728	재	재	Y		32	N	3	6	6	unicode-total	土	土	be at, in, on; consist in, rest	土		재:0E	있을 재, 살 재, 살필 재, 곳 재
圩	U+5729	우	우	N	2015	32	N	3	6	6	unicode-total	土	土	dike, embankment	土		우:N	
圪	U+572A	을	을	N	2015	32	N	3	6	6	unicode-total	土	土	(圪墶) a pimple; a mound	土		을:N	
圬	U+572C	오	오	N	2015	32	N	3	6	6	unicode-total	土	土	plaster over with layer of mud	土		오:1N	흙손 오
圭	U+572D	규	규	N	2015	32	N	3	6	6	unicode-total	土	土	jade pointed at top	土		규:0N	서옥 규
圮	U+572E	비	비	N	2015	32	N	3	6	6	unicode-total	土	土	destroyed, ruined; to subvert to injure	土		비:1N	무너질 비
地	U+5730	지	지	Y		32	N	3	6	6	unicode-total	土	土	earth; soil, ground; region	土		지:0E	땅 지
圻	U+573B	기,은	기,은	N	2015	32	N	4	7	7	unicode-total	金	土	border, boundary	土		기:0N 은:N	경기 기, 지경 기 / 언덕 은
圾	U+573E	급	급	N	2015	32	N	4	6	7	kangxi-sum	金	土	garbage, rubbish; shaking; danger	土		급:1N	위태할 급
址	U+5740	지	지	N	2015	32	N	4	7	7	unicode-total	金	土	site, location, land for house	土		지:0N	터 지
坁	U+5741	지	지	N	2015	32	N	4	7	7	unicode-total	金	土		土		지:N	
坂	U+5742	판	판	N	2015	32	N	4	7	7	unicode-total	金	土	hillside, inconvenient places	土		판:0N	언덕 판, 산비탈 판, 순나라 서울이름 판
均	U+5747	균,연	균,연	Y	2015	32	N	4	7	7	unicode-total	金	土	equal, even, fair; all, also	土		균:0E 연:N	고를 균
坊	U+574A	방	방	N	2015	32	N	4	7	7	unicode-total	金	土	neighborhood, urban subdivision; (J) priest's residence; (Buddhist) priest; boy	土		방:0N	동네 방, 고을이름 방
坌	U+574C	분	분	N	2015	32	N	4	7	7	unicode-total	金	土	dust, earth; a bank of earth; to dig; to bring together	土		분:1N	먼지 분
坍	U+574D	담	담	N	2015	32	N	4	7	7	unicode-total	金	土	collapse; landslide	土		담:0N	물이 언덕 찰 담 / 언덕
坎	U+574E	감	감	N	2015	32	N	4	7	7	unicode-total	金	土	pit, hole; snare, trap; crisis; trigram ☵; hexagram ䷜	土		감:0N	구덩이 감, 험할 감, 작은 잔 감, 괘 이름 감, 불우하여 뜻을 이루지 못할 감
坏	U+574F	배	배	N	2015	32	N	4	7	7	unicode-total	金	土	rotten, spoilt, bad, broken down	土		배:1N	언덕 배
坐	U+5750	좌	좌	Y		32	N	4	7	7	unicode-total	金	土	sit; seat; ride, travel by	土		좌:0E	앉을 좌
坑	U+5751	갱	갱	N	2015	32	N	4	7	7	unicode-total	金	土	pit, hole; bury, trap; harry	土		갱:0N	빠질 갱, 묻을 갱, 구덩이 갱
坡	U+5761	파	파	N	2015	32	N	5	8	8	unicode-total	金	土	slope, bank, hillside	土		파:0N	언덕 파, 제방 파
坤	U+5764	곤	곤	Y		32	N	5	8	8	unicode-total	金	土	earth; feminine, female; trigram ☷; hexagram ䷁	土		곤:0E	땅 곤
坦	U+5766	탄	탄	N	2015	32	N	5	8	8	unicode-total	金	土	flat, smooth; self-possessed	土		탄:0N	너그러울 탄, 평평할 탄, 넓을 탄
坧	U+5767	척	척	N	2015	32	N	5	8	8	unicode-total	金	土		土		척:1N	기지 척
坨	U+5768	타	이,타	N	2015	32	N	5	8	8	unicode-total	金	土	a lump, heap	土		이:1 타:N	
坩	U+5769	감	감	N	2015	32	N	5	8	8	unicode-total	金	土	earthenware, earthenware vessel	土		감:1N	도가니 감
坪	U+576A	평	평	N	2015	32	N	5	8	8	unicode-total	金	土	level ground; Japanese measure	土		평:0N	벌판 평, 평평할 평, 평수 평
坮	U+576E	대	대	N	2015	32	N	5	8	8	unicode-total	金	土	platform; unit; term of address	土		대:0N	들 대, 집대 대
坰	U+5770	경	경	N	2015	32	N	5	8	8	unicode-total	金	土	wilds	土		경:0N	들 경
坱	U+5771	앙	앙	N	2015	32	N	5	8	8	unicode-total	金	土	dust	土		앙:1N	티끌 앙
坳	U+5773	요	요	N	2015	32	N	5	8	8	unicode-total	金	土	a hollow in the ground, a cavity, depression; undulating, depressed	土		요:1N	凹와 同字
坵	U+5775	구	구	N	2015	32	N	5	8	8	unicode-total	金	土	earthenware, earthenware vessel	土		구:0N	丘의 俗字, 언덕 구
坷	U+5777	가	가	N	2015	32	N	5	8	8	unicode-total	金	土	clod of earth, lump of soil	土		가:1N	험할 가
坸	U+5778	구	구	N	2015	32	N	5	8	8	unicode-total	金	土		土		구:1N	垢와 同字
坻	U+577B	지	지	N	2015	32	N	5	8	8	unicode-total	金	土	an islet, a rock in a river; an embankment; to stop	土		지:1N	모래섬 지
坼	U+577C	탁	탁	N	2015	32	N	5	8	8	unicode-total	金	土	split, tear, open	土		탁:0N	찢을 탁, 터질 탁, 난산할 탁, 싹 트일 탁
垂	U+5782	수	수	Y		32	N	5	8	8	unicode-total	金	土	let down; suspend, hand; down	土		수:0E	드리울 수, 변방 수, 거의 수, 남길 수
垈	U+5788	대	대	N	2015	32	N	5	8	8	unicode-total	金	土	used in place names; Japanese -nuta; Korean -dae	土		대:0N	터 대, 집터 대
型	U+578B	형	형	N	2015	32	N	6	9	9	unicode-total	水	土	pattern, model, type; law; mold	土		형:0N	거푸집 형, 본보기 형
垌	U+578C	동	동	N	2015	32	N	6	9	9	unicode-total	水	土	a field; used in place names	土		동:1N	항아리 동
垓	U+5793	해	해	N	2015	32	N	6	9	9	unicode-total	水	土	border, boundary, frontier	土		해:0N	땅 가장자리 해, 햇수 해, 계단 해
垕	U+5795	후	후	N	2015	32	N	6	9	9	unicode-total	水	土	used in place names	土		후:1N	厚의 古字
垞	U+579E	택	타,택	N	2015	32	N	6	9	9	unicode-total	水	土	small mound; place name; hillock	土		타:1 택:N	
垠	U+57A0	은	은	N	2015	32	N	6	9	9	unicode-total	水	土	boundary, bank of stream or river	土		은:0N	언덕 은, 하늘 가장자리 은, 경계 은
垢	U+57A2	구	구	N	2015	32	N	6	9	9	unicode-total	水	土	dirt, filth, stains; dirty	土		구:0N	때 구, 더러울 구, 먼지 구
垣	U+57A3	원	원	N	2015	32	N	6	9	9	unicode-total	水	土	low wall	土		원:0N	낮은 담 원, 보호하는 사람 원, 별 이름 원
垤	U+57A4	질	질	N	2015	32	N	6	9	9	unicode-total	水	土	ant-hill, small mound; hill	土		질:1N	개밋둑 질
垸	U+57B8	완	완	N	2015	32	N	7	10	10	unicode-total	水	土	a dyke, embankment	土		완:1N	회 섞어 바를 완
垽	U+57BD	은	은	N	2015	32	N	7	10	10	unicode-total	水	土	(Cant.) sediment, precipitate	土		은:1N	해감 은, 찌끼 은
埃	U+57C3	애	애	N	2015	32	N	7	10	10	unicode-total	水	土	fine dust, dirt	土		애:0N	티끌 애, 속세 애, 먼지 애
埆	U+57C6	각	각	N	2015	32	N	7	10	10	unicode-total	水	土	stony	土		각:1N	메마를 각
埇	U+57C7	용	용	N	2015	32	N	7	10	10	unicode-total	水	土	name of bridge	土		용:0N	골목길 용, 길 돋울 용
埈	U+57C8	준	준	N	2015	32	N	7	10	10	unicode-total	水	土	high, steep, towering; stern	土		준:0N	가파를 준, 높을 준
埉	U+57C9	협	협	N	2015	32	N	7	10	10	unicode-total	水	土		土		협:1N	
埋	U+57CB	매	매	Y		32	N	7	10	10	unicode-total	水	土	bury, secrete, conceal	土		매:0E	묻을 매
城	U+57CE	성	성	Y	2015	32	N	7	9	10	kangxi-sum|kangxi-pos-residual:6>7	水	土	castle; city, town; municipality	土		성:0EN	보루 성, 재 성, 서울 성
埏	U+57CF	연	연	N	2015	32	N	7	9	10	kangxi-sum	水	土	a boundary, a limit	土		연:1N	땅 가장자리 연
埑	U+57D1	철	철	N	2015	32	N	7	10	10	unicode-total	水	土		土		철:1N	밝을 철
埒	U+57D2	랄	랄	N	2015	32	N	7	10	10	unicode-total	水	土	enclosure, dike, embankment	土	날	랄:1N	바자울 랄
埜	U+57DC	야	야	N	2015	32	N	8	11	11	unicode-total	木	土	open country, field; wilderness	土		야:1N	들판 야
域	U+57DF	역	역	Y		32	N	8	11	11	unicode-total	木	土	district, region, boundary; land	土		역:0E	경계 역, 범위 역, 지경 역
埠	U+57E0	부	부	N	2015	32	N	8	11	11	unicode-total	木	土	port city	土		부:0N	선창 부, 부두 부
埤	U+57E4	비	비	N	2015	32	N	8	11	11	unicode-total	木	土	add, increase, attach; low fence	土		비:1N	더할 비
埩	U+57E9	정	정	N	2015	32	N	8	9	11	kangxi-sum	木	土		土		정:N	
埭	U+57ED	태	태	N	2015	32	N	8	11	11	unicode-total	木	土	a dam, a jock; inclined plane on a canal, where boats can be hauled up or down	土		태:1N	보뚝 태
埮	U+57EE	담	담	N	2015	32	N	8	11	11	unicode-total	木	土		土		담:N	
埰	U+57F0	채	채	N	2015	32	N	8	11	11	unicode-total	木	土	fief	土		채:0N	영지 채, 사패땅 채
埳	U+57F3	감	감	N	2015	32	N	8	11	11	unicode-total	木	土	a pit, a hole, a snare, a danger; a crisis; a mortar	土		감:1N	구덩이 감
埴	U+57F4	식	식	N	2015	32	N	8	11	11	unicode-total	木	土	soil with large clay content	土		식:0N	찰진흙 식, 흙 이길 식, 더듬어 걸을 식 / 찰진흙 치, 흙 이길 치
埶	U+57F6	예	예	N	2015	32	N	8	11	11	unicode-total	木	土	art	土		예:N	
執	U+57F7	집	집	Y		32	N	8	11	11	unicode-total	木	土	hold in hand; keep; carry out	土		집:0E	잡을 집
培	U+57F9	배	배	Y		32	N	8	11	11	unicode-total	木	土	bank up with dirt; cultivate	土		배:0E	북돋을 배, 북돋울 배 / 무덤 부
基	U+57FA	기	기	Y		32	N	8	11	11	unicode-total	木	土	foundation, base	土		기:0E	터 기
埻	U+57FB	준	준	N	2015	32	N	8	11	11	unicode-total	木	土	bull's-eye, target	土		준:1N	과녘 준
埼	U+57FC	기	기	N	2015	32	N	8	11	11	unicode-total	木	土	headland	土		기:0N	崎와 同字, 언덕머리 기
埽	U+57FD	소	소	N	2015	32	N	8	11	11	unicode-total	木	土	broom; to sweep, clear away	土		소:1N	쓸 소, 그릴 소, 언덕 소
堀	U+5800	굴	굴	N	2015	32	N	8	11	11	unicode-total	木	土	cave, hole	土		굴:0N	굴뚝 굴
堂	U+5802	당	당	Y		32	N	8	11	11	unicode-total	木	土	hall; government office	土		당:0E	집 당
堃	U+5803	곤	곤	N	2015	32	N	8	11	11	unicode-total	木	土	compliance; obedience; female	土		곤:1N	따 곤
堄	U+5804	예	예	N	2015	32	N	8	11	11	unicode-total	木	土	parapet	土		예:N	
堅	U+5805	견	견	Y		32	N	8	11	11	unicode-total	木	土	hard, strong, firm; resolute	土		견:0E	굳을 견, 굳셀 견, 반드시 견
堆	U+5806	퇴	퇴	N	2015	32	N	8	11	11	unicode-total	木	土	heap, pile, crowd; pile up	土		퇴:0N	흙무더기 퇴 놓을 퇴, 언덕 퇴
堇	U+5807	근	근	N	2018	32	N	8	11	11	unicode-total	木	土	yellow loam; clay; season; few	土		근:N	
堈	U+5808	강	강	N	2015	32	N	8	11	11	unicode-total	木	土	earthen jug, crock, cistern	土		강:0N	언덕 강, 밭 두둑 강, 독 강
堉	U+5809	육	육	N	2015	32	N	8	11	11	unicode-total	木	土	ground, fertile land	土		육:0N	기름진 땅 육
堊	U+580A	악	악	N	2015	32	N	8	11	11	unicode-total	木	土	white earth; to daub with white mud	土		악:0N	흰 흙 악
堋	U+580B	붕	붕	N	2015	32	N	8	11	11	unicode-total	木	土	bury	土		붕:1N	
堗	U+5817	돌	돌	N	2015	32	N	9	12	12	unicode-total	木	土		土		돌:1N	굴똑 돌
堙	U+5819	인	인	N	2015	32	N	9	12	12	unicode-total	木	土	bury; dam, block up	土		인:1N	막을 인
堝	U+581D	과	과	N	2015	32	N	9	11	12	kangxi-sum	木	土	crucible	土		과:1N	도가니 과
堞	U+581E	첩	첩	N	2015	32	N	9	12	12	unicode-total	木	土	plate	土		첩:0N	성가퀴 첩, 담 첩
堠	U+5820	후	후	N	2015	32	N	9	12	12	unicode-total	木	土	battlements, battlemented walls	土		후:1N	봉화대 후
堡	U+5821	보	보	N	2015	32	N	9	12	12	unicode-total	木	土	fort, fortress; town, village	土		보:0N	작은 성 보
堣	U+5823	우	우	N	2015	32	N	9	12	12	unicode-total	木	土		土		우:1N	
堤	U+5824	제	제	Y		32	N	9	12	12	unicode-total	木	土	dike	土		제:0E	둑 제, 방축 제
堥	U+5825	무	무	N	2018	32	N	9	12	12	unicode-total	木	土		土		무:N	
堦	U+5826	계	계	N	2015	32	N	9	12	12	unicode-total	木	土	stairs; a flight of steps; a degree, a class, a rank or step	土		계:1N	섬돌 계
堧	U+5827	연	연	N	2015	32	N	9	12	12	unicode-total	木	土	adjoin	土		연:0N	빈 땅 연, 변두리땅 연
堪	U+582A	감	감	N	2015	32	N	9	12	12	unicode-total	木	土	adequately capable of, worthy of	土		감:0N	견딜 감, 이길 감, 맡을 감, 하늘 감, 산 모양이 기괴할 감
堭	U+582D	황	황	N	2015	32	N	9	12	12	unicode-total	木	土	a dry moat outside a city wall; a dry ditch	土		황:N	
堯	U+582F	요	요	N	2015	32	N	9	12	12	unicode-total	木	土	a legendary ancient emperor-sage	土		요:0N	높을 요, 요임금 요
堰	U+5830	언	언	N	2015	32	N	9	12	12	unicode-total	木	土	dam; embankment, dike, bank	土		언:0N	방죽 언
報	U+5831	보	보	Y		32	N	9	12	12	unicode-total	木	土	report, tell, announce	土		보:0E	갚을 보
場	U+5834	장	장	Y		32	N	9	12	12	unicode-total	木	土	open space, field, market	土		장:0E	마당 장
堵	U+5835	도	도	N	2015	32	N	9	11	12	kangxi-sum	木	土	wall; stop, prevent; stop up	土		도:0N	담 도
堺	U+583A	계	계	N	2015	32	N	9	12	12	unicode-total	木	土	person's name	土		계:0N	界와 同字, 지경 계
塉	U+5849	척	척	N	2015	32	N	10	13	13	unicode-total	火	土		土		척:1N	메마른 땅 척
塊	U+584A	괴	괴	Y		32	N	10	13	13	unicode-total	火	土	piece, lump; dollar	土		괴:0E	흙덩이 괴, 흙덩어리 괴
塋	U+584B	영	영	N	2015	32	N	10	13	13	unicode-total	火	土	grave, tomb, cemetery	土		영:0N	무덤 영, 산소 영
塌	U+584C	탑	탑	N	2015	32	N	10	13	13	unicode-total	火	土	fall in ruins, collapse	土		탑:1N	낮은 땅 탑, 초벌갈 탑, 떨어질 탑
塍	U+584D	승	승	N	2015	32	N	10	13	13	unicode-total	火	土	a raised path between fields, a dike	土		승:1N	
塏	U+584F	개	개	N	2015	32	N	10	13	13	unicode-total	火	土	high and dry place	土		개:0N	시원한 땅 개
塐	U+5850	소	소	N	2015	32	N	10	13	13	unicode-total	火	土	model in clay, sculpt; plastics	土		소:1N	塑와 同字
塑	U+5851	소	소	N	2015	32	N	10	13	13	unicode-total	火	土	model in clay, sculpt; plastics	土		소:0N	허수아비 소
塒	U+5852	시	시	N	2015	32	N	10	13	13	unicode-total	火	土	roost	土		시:1N	홰 시
塔	U+5854	탑	탑	Y		32	N	10	12	13	kangxi-sum	火	土	tower, spire, tall building	土		탑:0E	탑 탑
塗	U+5857	도	도	Y		32	N	10	13	13	unicode-total	火	土	smear, daub, apply, spread; paint	土		도:0E	바를 도, 진흙 도
塘	U+5858	당	당	N	2015	32	N	10	13	13	unicode-total	火	土	pond; tank; dike, embankment	土		당:0N	연못 당
塚	U+585A	총	총	N	2015	32	N	10	13	13	unicode-total	火	土	cemetery; tomb, burial mound	土		총:0N	冢의 俗字, 무덤 총
塞	U+585E	새,색	새,색	Y	2015	32	N	10	13	13	unicode-total	火	土	stop up, block, seal, cork; pass, frontier; fortress	土		새:0E 색:0N	변방 새, 변망 새 / 막힐 색, 변망 색
塡	U+5861	전,진	전,진	N	2015	32	N	10	13	13	unicode-total	火	土	fill in, fill up; make good	土		전:0N 진:N	메일 전, 북소리 전, 순종할 전, 병들 전, 막힐 전
塢	U+5862	오	오	N	2015	32	N	10	13	13	unicode-total	火	土	entrenchment, bank, low wall	土		오:0N	산 언덕 오, 마을 오
塤	U+5864	훈	훈	N	2015	32	N	10	13	13	unicode-total	火	土	instrument	土		훈:0N	壎과 同字, 질나팔 훈
塵	U+5875	진	진	N	2015	32	N	11	14	14	unicode-total	火	土	dust, dirt, ashes, cinders	土		진:0N	띠끌 진, 티끌 진
塹	U+5879	참	참	N	2015	32	N	11	14	14	unicode-total	火	土	moat, trench, pit, cavity	土		참:0N	구덩이 참
塼	U+587C	전	전	N	2015	32	N	11	14	14	unicode-total	火	土	brick	土		전:0N	벽돌 전
塽	U+587D	상	상	N	2015	32	N	11	14	14	unicode-total	火	土	plateau	土		상:1N	높고밝은땅 상
塾	U+587E	숙	숙	N	2015	32	N	11	14	14	unicode-total	火	土	village school; private tutorage	土		숙:0N	사랑방 숙, 기숙사 숙, 서당 숙
墀	U+5880	지	지	N	2015	32	N	11	15	15	total-gt-rs-check	土	土	porch; courtyard; steps leading	土		지:1N	계단 위의 공지 지
墁	U+5881	만	만	N	2015	32	N	11	14	14	unicode-total	火	土	to plaster; to pave	土		만:1N	흙손 만
境	U+5883	경	경	Y		32	N	11	14	14	unicode-total	火	土	boundary, frontier; area, region	土		경:0E	지경 경
墅	U+5885	서	서	N	2015	32	N	11	14	14	unicode-total	火	土	villa, country house	土		서:0N	농막 서
墉	U+5889	용	용	N	2015	32	N	11	14	14	unicode-total	火	土	wall; fortified wall; small wall	土		용:0N	작은 성 용, 담벽 용, 골목길 용
墊	U+588A	점	점	N	2015	32	N	11	14	14	unicode-total	火	土	advance money, pay for another	土		점:1N	빠질 점, 축축할 점
墌	U+588C	척	척	N	2015	32	N	11	14	14	unicode-total	火	土		土		척:N	
墍	U+588D	기	기	N	2015	32	N	11	14	14	unicode-total	火	土	paint, decorate	土		기:1N	맥질할 기
墐	U+5890	근	근	N	2015	32	N	11	14	14	unicode-total	火	土	to build with soil, plaster over with mud	土		근:1N	진흙 근
墓	U+5893	묘	묘	Y		32	N	11	14	14	unicode-total	火	土	grave, tomb	土		묘:0E	무덤 묘
墜	U+589C	추	추	N	2015	32	N	12	14	15	kangxi-sum	土	土	fall down, drop, sink, go to ruin	土		추:0N	떨어질 추, 잃을 추, 추락할 추
墝	U+589D	요	요	N	2015	32	N	12	15	15	unicode-total	土	土	stony	土		요:1N	메마른 밭 요, 자갈 땅 요
增	U+589E	증	증	Y		32	N	12	15	15	unicode-total	土	土	increase, add to, augment	土		증:0E	불을 증, 더할 증
墟	U+589F	허	허	N	2015	32	N	12	14	15	kangxi-sum	土	土	high mound; hilly countryside; wasteland	土		허:0N	옛 터 허, 장 허, 큰 두덕 허, 옛성터 허
墡	U+58A1	선	선	N	2015	32	N	12	15	15	unicode-total	土	土	chalk	土		선:1N	백토 선
墣	U+58A3	복	복	N	2015	32	N	12	15	15	unicode-total	土	土		土		복:1N	흙덩이 복
墨	U+58A8	묵	묵	Y		32	N	12	15	15	unicode-total|rs-by-kangxi-pos:32.12	土	土	ink; writing	土		묵:0E	먹 묵, 형벌 이름 묵
墩	U+58A9	돈	돈	N	2015	32	N	12	15	15	unicode-total	土	土	heap, mound, block of stone	土		돈:0N	돈대 돈
墫	U+58AB	준	준	N	2015	32	N	12	15	15	unicode-total	土	土	cup	土		준:1N	樽·罇과 同字
墮	U+58AE	타	타	Y		32	N	12	15	15	unicode-total	土	土	fall, sink, let fall; degenerate	土		타:0E	떨어질 타, 상투 타, 잃을 타
墰	U+58B0	담	담	N	2015	32	N	12	15	15	unicode-total	土	土	an earthenware jar; a jug	土		담:1N	목긴 술병 담
墱	U+58B1	등	등	N	2015	32	N	12	15	15	unicode-total	土	土	stone steps, stairs up a platform	土		등:1N	자드락길 등
墳	U+58B3	분	분	Y		32	N	12	15	15	unicode-total	土	土	grave, mound; bulge; bulging	土		분:0E	무덤 분
墺	U+58BA	오	오	N	2015	32	N	13	15	16	kangxi-sum	土	土	four walls	土		오:0N	방 구들 오, 물가 언덕 오, 뭍 오
墻	U+58BB	장	장	Y		32	N	13	16	16	unicode-total	土	土	wall	土		장:0E	牆과 同字, 담 장
墾	U+58BE	간	간	N	2015	32	N	13	16	16	unicode-total	土	土	cultivate, reclaim, to farm land	土		간:0N	따비질할 간, 개간할 간
壁	U+58C1	벽	벽	Y		32	N	13	16	16	unicode-total	土	土	partition wall; walls of a house; 14th lunar mansion, determinative star γ Pegasi (Algenib)	土		벽:0E	벽 벽
壃	U+58C3	강	강	N	2015	32	N	13	16	16	unicode-total	土	土		土		강:1N	疆과 同字
壅	U+58C5	옹	옹	N	2015	32	N	13	16	16	unicode-total	土	土	to obstruct	土		옹:0N	막을 옹, 북돋울 옹
壇	U+58C7	단	단	Y		32	N	13	16	16	unicode-total	土	土	altar; arena, examination hall	土		단:0E	제터 단
壎	U+58CE	훈	훈	N	2015	32	N	14	17	17	unicode-total	金	土	instrument	土		훈:0N	진나팔 훈, 질나팔 훈
壑	U+58D1	학	학	N	2015	32	N	14	17	17	unicode-total	金	土	bed of torrent, narrow ravine	土		학:0N	골짜기 학
壓	U+58D3	압	압	Y		32	N	14	17	17	unicode-total	金	土	press; oppress; crush; pressure	土		압:0E	누를 압
壔	U+58D4	도	도	N	2015	32	N	14	17	17	unicode-total	金	土	a mound, a tumulus	土		도:1N	작은 성 도
壕	U+58D5	호	호	N	2015	32	N	14	17	17	unicode-total	金	土	trench, ditch, channel, moat	土		호:0N	해자 호, 성밑해자 호
壘	U+58D8	루	누,루	N	2015	32	N	15	18	18	unicode-total	金	土	rampart, military wall	土	누	누:0 루:0N	진 루 / 진 누
壙	U+58D9	광	광	N	2015	32	N	15	17	18	kangxi-sum	金	土	tomb, grave: prairie; open wilderness	土		광:0N	광 광, 텅빈 광
壚	U+58DA	로	로	N	2015	32	N	16	19	19	unicode-total	水	土	black clods of earth; shop, hut	土	노	로:1N	흑토 로
壜	U+58DC	담	담	N	2015	32	N	16	19	19	unicode-total	水	土	earthen jar or jug	土		담:1N	술병 담
壝	U+58DD	유	유	N	2015	32	N	16	18	19	kangxi-sum	水	土	a mound, embankment; the earthen altar to the god of the soil	土		유:1N	토담 유, 단 둘러쌓은 담 유
壞	U+58DE	괴	괴	Y		32	N	16	19	19	unicode-total	水	土	bad, spoil(ed), ruin, destroy	土		괴:0E	무너질 괴
壟	U+58DF	롱	농,롱	N	2015	32	N	16	19	19	unicode-total	水	土	grave, mound; ridge in field	土	농	농:0 롱:0N	언덕 롱 / 밭두둑 농, 언덕 농
壡	U+58E1	예	예	N	2015	29	N	17	19	19	unicode-total	水			又		예:N	
壤	U+58E4	양	양	Y		32	N	17	20	20	unicode-total	水	土	soil, loam, earth; rich	土		양:0E	흙 양, 풍년들 양, 기름진흙 양
士	U+58EB	사	사	Y		33	N	0	3	3	unicode-total	火		scholar, gentleman; soldier	士		사:0E	선비 사, 벼슬 사
壬	U+58EC	임	임	Y		33	N	1	4	4	unicode-total	火		ninth heavenly stem	士		임:0E	아홉째천간 임
壮	U+58EE	장	장	N	2015	33	N	3	6	6	unicode-total	土		big, large; robust; name of tribe	士		장:N	
壯	U+58EF	장	장	Y		33	N	4	7	7	unicode-total	金		big, large; robust; name of tribe	士		장:0E	씩씩할 장, 장할 장
壹	U+58F9	일	일	N	2015	33	N	9	12	12	unicode-total	木		number one	士		일:0N	한 일, 하나 일
壺	U+58FA	호	호	N	2015	33	N	9	12	12	unicode-total	木		jar, pot, jug, vase; surname	士		호:0N	병 호, 단지 호, 항아리 호
壻	U+58FB	서	서	N	2015	33	N	9	12	12	unicode-total	木		son-in-law; husband	士		서:0N	사위 서
壽	U+58FD	수	수	Y		33	N	11	14	14	unicode-total	火		old age, long life; lifespan	士		수:0E	목숨 수, 장수할 수, 나이 수, 축복할 수
夆	U+5906	봉	봉	N	2015	34	N	4	7	7	unicode-total	金		resist	夂		봉:1N	끌 봉
夈	U+5908	재	재	N	2015	34	N	6	9	9	unicode-total	水			夂		재:1N	
夏	U+590F	하	하	Y		35	N	7	10	10	unicode-total	水		summer; great, grand, big	夊		하:0E	여름 하
夐	U+5910	형	형	N	2015	35	N	11	14	14	unicode-total	火		long, faraway; pre-eminent	夊		형:1N	멀 형, 바라보는 모양 형
夔	U+5914	기	기	N	2015	35	N	19	21	22	kangxi-sum	木		one-legged monster; walrus	夊		기:0N	조심할 기, 외발짐승 기
夕	U+5915	석	석	Y		36	N	0	3	3	unicode-total	火		evening, night, dusk; slanted	夕		석:0E	저녁 석
外	U+5916	외	외	Y		36	N	2	5	5	unicode-total	土		out, outside, external; foreign	夕		외:0E	바깥 외, 다를 외, 잃을 외, 아버지 외
夙	U+5919	숙	숙	N	2015	36	N	3	6	6	unicode-total	土		early in morning, dawn; previous	夕		숙:0N	이를 숙, 이미 숙, 빠를 숙, 일찍 일어날 숙
多	U+591A	다	다	Y		36	N	3	6	6	unicode-total	土		much, many; more than, over	夕		다:0E	많을 다
夛	U+591B	다	다	N	2015	36	N	3	6	6	unicode-total	土		much, many; more than, over	夕		다:N	
夜	U+591C	야	야	Y		36	N	5	8	8	unicode-total	金		night, dark; in night; by night	夕		야:0E	밤 야
夢	U+5922	몽	몽	Y		36	N	11	14	14	unicode-total	火		dream; visionary; wishful	夕		몽:0E	꿈 몽
夤	U+5924	인	인	N	2015	36	N	11	14	14	unicode-total	火		distant place; remote; deep	夕		인:1N	조심할 인
夥	U+5925	과	과	N	2015	36	N	11	14	14	unicode-total	火		companion; partner; assistant	夕		과:1N	많을 과
大	U+5927	대	대	Y		37	N	0	3	3	unicode-total	火		big, great, vast, large, high	大		대:0E	클 대, 큰 대
天	U+5929	천	천	Y		37	N	1	4	4	unicode-total	火		sky, heaven; god, celestial	大		천:0E	하늘 천
太	U+592A	태	태	Y		37	N	1	4	4	unicode-total	火		very, too, much; big; extreme	大		태:0E	클 태, 굵을 태, 심할 태, 처음 태, 콩 태
夫	U+592B	부	부	Y		37	N	1	4	4	unicode-total	火		man, male adult, husband; those	大		부:0E	지아비 부
夬	U+592C	쾌	쾌	N	2015	37	N	1	4	4	unicode-total	火		parted; fork; certain; hexagram ䷪	大		쾌:1N	결단할 쾌, 나누어 정할 쾌, 괘 이름 쾌
夭	U+592D	요	요	N	2015	37	N	1	4	4	unicode-total	火		young, fresh-looking; die young	大		요:0N	어여쁠 요, 무성할 요, 재앙 요, 일찍 죽을 요, 뱃속에 든 아이 요, 끊어 죽일 요
央	U+592E	앙	앙	Y		37	N	2	5	5	unicode-total	土		center, conclude, run out; beg	大		앙:0E	가운데 앙
夯	U+592F	항	항	N	2015	37	N	2	5	5	unicode-total	土		heavy load, burden; lift up	大		항:1N	멜 항, 다질 항
失	U+5931	실	실	Y		37	N	2	5	5	unicode-total	土		lose; make mistake, neglect	大		실:0E	잃을 실, 그르칠 실
夲	U+5932	도	도	N	2015	37	N	2	5	5	unicode-total	土		advance quickly; to go back and forth; origin, source	大		도:N	
夷	U+5937	이	이	Y		37	N	3	6	6	unicode-total	土		ancient barbarian tribes	大		이:0E	동쪽 오랑캐 이, 평평할 이, 기꺼울 이, 상할 이, 베풀 이, 괘 이름 이
夸	U+5938	과	과	N	2015	37	N	3	6	6	unicode-total	土		extravagant, luxurious; handsome	大		과:1N	자랑할 과
夽	U+593D	운	운	N	2015	37	N	4	7	7	unicode-total	金			大		운:N	
夾	U+593E	협	협	N	2015	37	N	4	7	7	unicode-total	金		be wedged or inserted between	大		협:0N	곁 협, 낄 협, 잡을 협, 성씨 협, 가까울 협
奄	U+5944	엄	엄	N	2015	37	N	5	8	8	unicode-total	金		ere long; remain, tarry; feeble	大		엄:0N	문득 엄, 가릴 엄, 그칠 엄, 오랠 엄, 문뜩 엄
奇	U+5947	기	기	Y		37	N	5	8	8	unicode-total	金		strange, unusual, uncanny, occult	大		기:0E	기이할 기
奈	U+5948	나,내	나,내	Y	2015	37	N	5	8	8	unicode-total	金		but, how; bear, stand, endure	大		나:0N 내:0E	어찌 나 / 어찌 내
奉	U+5949	봉	봉	Y		37	N	5	8	8	unicode-total	金		offer; receive; serve; respect	大		봉:0E	받들 봉
奌	U+594C	점	점	N	2015	37	N	5	8	8	unicode-total	金		dot, speck, spot; point, degree	大		점:N	
奎	U+594E	규	규	N	2015	37	N	6	9	9	unicode-total	水		stride of man; 15th lunar mansion, determinative star η Andromedae	大		규:0N	별 규
奏	U+594F	주	주	Y		37	N	6	9	9	unicode-total	水		memorialize emperor; report	大		주:0E	아뢸 주
奐	U+5950	환	환	N	2015	37	N	6	9	9	unicode-total	水		be numerous, brilliant	大		환:0N	빛날 환, 클 환
契	U+5951	계,글,설	계,글,설	Y	2015	37	N	6	9	9	unicode-total	水		deed, contract, bond; engrave	大		계:0E 글:0N 설:N	맺을 계, 계약할 계 / 부족 이름 글, 계약할 글
奔	U+5954	분	분	Y		37	N	5	8	8	unicode-total|kangxi-pos:37.6-7	金		run fast, flee; rush about; run	大		분:0E	달릴 분, 달아날 분
奕	U+5955	혁	혁	N	2015	37	N	6	9	9	unicode-total	水		in sequence, orderly; abundant	大		혁:0N	아름다울 혁, 클 혁, 차례 혁, 바둑 혁, 빛날 혁, 근심할 혁
套	U+5957	투	투	N	2015	37	N	7	10	10	unicode-total	水		case, cover, wrapper, envelope	大		투:0N	전례 투, 덮게 투
奘	U+5958	장	장	N	2015	37	N	7	10	10	unicode-total	水		large, powerful, stout, thick	大		장:1N	클 장
奚	U+595A	해	해	Y		37	N	7	10	10	unicode-total	水		where? what? how? why?; servant	大		해:0E	어찌 해, 종 해, 큰 배 해
奜	U+595C	비	비	N	2015	37	N	8	11	11	unicode-total	木		big	大		비:N	
奠	U+5960	전	전	N	2015	37	N	9	12	12	unicode-total	木		pay respect; settle	大		전:0N	정할 전
奢	U+5962	사	사	N	2015	37	N	9	12	12	unicode-total	木		extravagant, wasteful; exaggerate	大		사:0N	사치할 사
奧	U+5967	오	오	N	2015	37	N	10	13	13	unicode-total	火		mysterious, obscure, profound	大		오:0N	속 오, 비밀 오, 깊을 오
奪	U+596A	탈	탈	Y		37	N	11	14	14	unicode-total	火		take by force, rob, snatch	大		탈:0E	빼앗을 탈, 잃어버릴 탈, 좁은 길 탈, 깎을 탈
奫	U+596B	윤	윤	N	2015	37	N	11	15	15	total-gt-rs-check	土		deep and broad (expanse of water); abyss	大		윤:0N	물 깊을 윤, 물이 충충할 윤, 물이 층층한 윤
奬	U+596C	장	장	Y		37	N	11	14	14	unicode-total	火		prize, reward; give award to	大		장:0E	도울 장, 클 장
奭	U+596D	석	석	N	2015	37	N	12	15	15	unicode-total	土		red; anger; ire; surname	大		석:0N	클 석
奮	U+596E	분	분	Y		37	N	13	16	16	unicode-total	土		strive, exert effort; arouse	大		분:0E	떨칠 분, 성낼 분
奱	U+5971	련	련	N	2018	37	N	19	22	22	unicode-total|kangxi-pos:37.14-15	木			大	연	련:N	
奲	U+5972	다,차	다,차	N	2015	37	N	21	23	24	kangxi-sum	火			大		다:N 차:N	
女	U+5973	녀	녀,여	Y		38	N	0	3	3	unicode-total	火		woman, girl; feminine; Kangxi radical 38; 10th lunar mansion, determinative star ε Aquarii (Albali)	女	여	녀:0E 여:0	계집 녀 / 계집 녀, 시집보낼 녀
奴	U+5974	노	노	Y		38	N	2	5	5	unicode-total	土		slave, servant	女		노:0E	종 노
奶	U+5976	내	내	N	2015	38	N	2	5	5	unicode-total	土		milk; woman's breasts; nurse	女		내:1N	젖 내
奸	U+5978	간	간	N	2015	38	N	3	6	6	unicode-total	土		crafty, villainous, false	女		간:0N	범할 간, 간악할 간, 간사할 간
好	U+597D	호	호	Y		38	N	3	6	6	unicode-total	土		good, excellent, fine; well	女		호:0E	좋을 호, 옳을 호
如	U+5982	여	여	Y		38	N	3	6	6	unicode-total	土		if, supposing; as if; like, as	女		여:0E	같을 여, 만약 여, 어떠할 여, 이를 여
妃	U+5983	비	비	Y		38	N	3	6	6	unicode-total	土		wife, spouse; imperial concubine	女		비:0E	왕비 비
妄	U+5984	망	망	Y		38	N	3	6	6	unicode-total	土		absurd, foolish, reckless; false	女		망:0E	허망할 망, 망령될 망
妊	U+598A	임	임	N	2015	38	N	4	7	7	unicode-total	金		conceive, be pregnant	女		임:0N	아이밸 임
妌	U+598C	정	정	N	2015	38	N	4	7	7	unicode-total	金			女		정:N	
妍	U+598D	연	연	N	2015	38	N	6	7	9	kangxi-sum|kangxi-pos:38.4	水		beautiful, handsome; seductive	女		연:N	
妑	U+5991	파	파	N	2015	38	N	4	7	7	unicode-total	金			女		파:1N	새앙머리 파, 갈래머리 파
妒	U+5992	투	투	N	2015	38	N	4	7	7	unicode-total	金		jealous, envious	女		투:1N	투기할 투, 미워할 투, 강샘할 투, 부러워할 투
妓	U+5993	기	기	N	2015	38	N	4	7	7	unicode-total	金		prostitute	女		기:0N	기생 기
妖	U+5996	요	요	N	2015	38	N	4	7	7	unicode-total	金		strange, weird, supernatural	女		요:0N	요괴로울 요, 생긋생긋 웃는 모양 요, 요사할 요
妗	U+5997	금	금	N	2015	38	N	4	7	7	unicode-total	金		wife of mother's brother	女		금:0N	외숙모 금, 싱글벙글 금
妘	U+5998	운	운	N	2018	38	N	4	7	7	unicode-total	金		surname	女		운:N	
妙	U+5999	묘	묘	Y		38	N	4	7	7	unicode-total	金		mysterious, subtle; exquisite	女		묘:0E	묘할 묘
妝	U+599D	장	장	N	2015	38	N	4	7	7	unicode-total	金		to adorn oneself, dress up, use make-up	女		장:1N	꾸밀 장
妟	U+599F	안	안	N	2018	38	N	4	7	7	unicode-total	金			女		안:N	
妣	U+59A3	비	비	N	2015	38	N	4	7	7	unicode-total	金		one's deceased mother	女		비:1N	죽은 어미 비
妤	U+59A4	여	여	N	2015	38	N	4	7	7	unicode-total	金		beautiful, fair, handsome	女		여:N	
妥	U+59A5	타	타	Y		38	N	4	7	7	unicode-total	金		satisfactory, appropriate	女		타:0E	편안할 타, 일 없을 타, 타협할 타, 떨어질 타
妧	U+59A7	완	완	N	2015	38	N	4	7	7	unicode-total	金			女		완:1N	좋을 완, 고울 완
妨	U+59A8	방	방	Y		38	N	4	7	7	unicode-total	金		interfere with, impede, obstruct	女		방:0E	방해할 방, 거리낄 방
妬	U+59AC	투	투	N	2015	38	N	5	8	8	unicode-total	金		jealous, envious	女		투:0N	투기할 투, 자식 없는 계집 투, 질투할 투
妮	U+59AE	니	니	N	2018	38	N	5	8	8	unicode-total	金		maid, servant girl; cute girl	女	이	니:N	
妯	U+59AF	축	축	N	2015	38	N	5	8	8	unicode-total	金		wives of one's brothers; sister-i	女		축:1N	동서 축
妱	U+59B1	초	초	N	2018	38	N	5	8	8	unicode-total	金			女		초:N	
妲	U+59B2	달	달	N	2015	38	N	5	8	8	unicode-total	金		concubine of last ruler of the Shang dynasty	女		달:1N	계집의 이름 달
妵	U+59B5	주	주	N	2015	38	N	5	8	8	unicode-total	金		person's name	女		주:N	예쁠, 사람 이름
妶	U+59B6	현	현	N	2015	38	N	5	8	8	unicode-total	金			女		현:N	
妸	U+59B8	아	아	N	2015	38	N	5	8	8	unicode-total	金		person	女		아:N	
妹	U+59B9	매	매	Y		38	N	5	8	8	unicode-total	金		younger sister	女		매:0E	누이 매, 손아랫누이 매
妻	U+59BB	처	처	Y		38	N	5	8	8	unicode-total	金		wife	女		처:0E	아내 처
妾	U+59BE	첩	첩	Y		38	N	5	8	8	unicode-total	金		concubine	女		첩:0E	첩 첩
妿	U+59BF	아	아	N	2015	38	N	5	8	8	unicode-total	金			女		아:N	
姁	U+59C1	후	후	N	2015	38	N	5	8	8	unicode-total	金		beauty	女		후:N	
姃	U+59C3	정	정	N	2015	38	N	5	8	8	unicode-total	金			女		정:0N	계집단정할
姆	U+59C6	모	모	N	2015	38	N	5	8	8	unicode-total	金		child's governess; matron	女		모:0N	여스승 모
姈	U+59C8	령	령	N	2015	38	N	5	8	8	unicode-total	金			女	영	령:1N	계집 슬기로울 령
姉	U+59C9	자	자	N	2015	38	N	5	7	8	kangxi-sum	金		elder sister	女		자:0N	姊의 俗字, 손윗누이 자
姊	U+59CA	자	자	Y		38	N	5	7	8	kangxi-sum	金		elder sister	女		자:E	
始	U+59CB	시	시	Y		38	N	5	8	8	unicode-total	金		begin, start; then, only then	女		시:0E	비로소 시, 처음 시, 시작할 시, 별이름 시
姍	U+59CD	산	산	N	2015	38	N	5	8	8	unicode-total	金		slander; ridicule; proceed slowly	女		산:1N	헐뜯을 산
姐	U+59D0	저	저	N	2015	38	N	5	8	8	unicode-total	金		elder sister, young lady	女		저:0N	맏누이 저, 아가씨 저, 교만할 저
姑	U+59D1	고	고	Y		38	N	5	8	8	unicode-total	金		father's sister; husband's mother	女		고:0E	시어미 고, 시어머니 고
姒	U+59D2	사	사	N	2015	38	N	5	7	8	kangxi-sum	金		wife of elder brother	女		사:1N	동서 사
姓	U+59D3	성	성	Y		38	N	5	8	8	unicode-total	金		one's family name; clan, people	女		성:0E	일가 성, 아이 낳을 성, 백성 성
委	U+59D4	위	위	Y		38	N	5	8	8	unicode-total	金		appoint, send, commission	女		위:0E	맡길 위, 버릴 위, 맘에 든든할 위, 벼이삭 고개 숙일 위
姙	U+59D9	임	임	N	2015	38	N	6	9	9	unicode-total	水		conceive, be pregnant	女		임:0N	妊과 同字, 아이밸 임
姚	U+59DA	요	요	N	2015	38	N	6	9	9	unicode-total	水		handsome, elegant; surname	女		요:0N	어여쁠 요, 날랠 요, 멀 요, 예쁠 요
姜	U+59DC	강	강	N	2015	38	N	6	9	9	unicode-total	水		surname; ginger	女		강:0N	성씨 강, 강할 강
姝	U+59DD	주	주	N	2015	38	N	6	9	9	unicode-total	水		a beautiful girl	女		주:0N	예쁠 주
姞	U+59DE	길	길	N	2015	38	N	6	9	9	unicode-total	水		concubine	女		길:1N	성 길
姟	U+59DF	해	해	N	2018	38	N	6	9	9	unicode-total	水			女		해:N	
姢	U+59E2	연	연	N	2015	38	N	6	9	9	unicode-total	水		beautiful, graceful	女		연:N	
姣	U+59E3	교	교	N	2015	38	N	6	9	9	unicode-total	水		beautiful, handsome, pretty	女		교:1N	예쁠 교
姤	U+59E4	구	구	N	2015	38	N	6	9	9	unicode-total	水		mate; copulate; good; hexagram ䷫	女		구:1N	만날 구
姥	U+59E5	모	모	N	2015	38	N	6	9	9	unicode-total	水		maternal grandmother; midwife	女		모:1N	할미 모
姦	U+59E6	간	간	Y		38	N	6	9	9	unicode-total	水		adultery, debauchery; debauch	女		간:0E	간사할 간
姨	U+59E8	이	이	N	2015	38	N	6	9	9	unicode-total	水		mother/wife's sister; concubine	女		이:0N	이모 이, 처이모 이
姪	U+59EA	질	질	Y		38	N	6	9	9	unicode-total	水		brother's child	女		질:0E	조카 질
姫	U+59EB	희	희	N	2015	38	N	6	9	9	unicode-total	水		beauty; imperial concubine	女		희:N	
姬	U+59EC	희	희	N	2015	38	N	7	10	10	unicode-total|kangxi-pos:38.6	水		beauty; imperial concubine	女		희:0N	성 희, 계집 희
姮	U+59EE	항	항	N	2015	38	N	6	9	9	unicode-total	水		lady	女		항:0N	항아 항, 달에 사는 미녀 항, 달 부르는 다른 이름 항, 계집이름 항
姰	U+59F0	순	순	N	2015	38	N	6	9	9	unicode-total	水			女		순:N	
姲	U+59F2	안	안	N	2015	38	N	6	9	9	unicode-total	水			女		안:N	
姷	U+59F7	유	유	N	2015	38	N	6	9	9	unicode-total	水			女		유:N	
姸	U+59F8	연	연	N	2015	38	N	6	9	9	unicode-total	水		beautiful	女		연:0N	고을 연, 사랑스러울 연, 고울 연
姹	U+59F9	차	차	N	2015	38	N	6	9	9	unicode-total	水		beautiful, colorful; girl	女		차:N	
姺	U+59FA	신	신	N	2015	38	N	6	9	9	unicode-total	水		name of an ancient state	女		신:1N	나라이름 신
姻	U+59FB	인	인	Y		38	N	6	9	9	unicode-total	水		relatives by marriage	女		인:0E	혼인 인, 혼인할 인
姼	U+59FC	제	제	N	2015	38	N	6	9	9	unicode-total	水			女		제:N	
姿	U+59FF	자	자	Y		38	N	6	9	9	unicode-total	水		one's manner, carriage, bearing	女		자:0E	맵시 자
威	U+5A01	위	위	Y		38	N	6	9	9	unicode-total	水		pomp, power; powerful; dominate	女		위:0E	위엄 위, 두려울 위
娃	U+5A03	와,왜	와,왜	N	2015	38	N	6	9	9	unicode-total	水		baby; doll; pretty girl	女		와:N 왜:0N	어여쁜 계집 왜, 얼굴 아름다울 왜, 예쁜계집 왜
娉	U+5A09	빙	빙	N	2015	38	N	7	10	10	unicode-total	水		beautiful, attractive, charming, graceful	女		빙:1N	장가들다 빙
娊	U+5A0A	현	현	N	2015	38	N	7	10	10	unicode-total	水			女		현:N	
娍	U+5A0D	성	성	N	2015	38	N	7	9	10	kangxi-sum	水			女		성:N	
娑	U+5A11	사	사	N	2015	38	N	7	10	10	unicode-total	水		dance, frolic; lounge; saunter	女		사:0N	춤출 사, 춤추는모양 사
娓	U+5A13	미	미	N	2015	38	N	7	10	10	unicode-total	水		comply; complying, agreeable	女		미:1N	장황할 미, 힘쓸 미
娘	U+5A18	낭	낭	Y		38	N	7	10	10	unicode-total	水		mother; young girl; woman; wife	女		낭:0E	아가씨 낭, 젊은계집 낭
娙	U+5A19	형	형	N	2015	38	N	7	10	10	unicode-total	水		beautiful woman	女		형:1N	여관 이름 형, 예쁠 형
娛	U+5A1B	오	오	Y		38	N	7	10	10	unicode-total	水		pleasure, enjoyment, amusement	女		오:0E	즐거울 오
娜	U+5A1C	나	나	N	2015	38	N	7	9	10	kangxi-sum	水		elegant, graceful, delicate	女		나:0N	아리따울 나, 휘청거릴 나
娟	U+5A1F	연	연	N	2015	38	N	7	10	10	unicode-total	水		beautiful, graceful	女		연:0N	어여쁠 연, 춤추는 모양 연
娠	U+5A20	신	신	N	2015	38	N	7	10	10	unicode-total	水		pregnant	女		신:0N	아이밸 신, 마부 신, 임신할 신
娣	U+5A23	제	제	N	2015	38	N	7	10	10	unicode-total	水		younger sister, sister-in-law	女		제:1N	여동생 제
娥	U+5A25	아	아	N	2015	38	N	7	10	10	unicode-total	水		be beautiful; good; surname	女		아:0N	예쁠 아
娧	U+5A27	태	태	N	2015	38	N	7	10	10	unicode-total	水			女		태:1N	기뻐할 태, 더딜 태
娩	U+5A29	만	만	N	2015	38	N	7	10	10	unicode-total	水		give birth child; complaisant	女		만:0N	해산할 만
娫	U+5A2B	연	연	N	2015	38	N	7	9	10	kangxi-sum	水			女		연:N	
娭	U+5A2D	애	애	N	2015	38	N	7	10	10	unicode-total	水		amuse	女		애:1N	계집종 애
娵	U+5A35	추	추	N	2015	38	N	8	11	11	unicode-total	木		star	女		추:1N	젊을 추, 물고기 추, 예쁜 여자 추
娶	U+5A36	취	취	N	2015	38	N	8	11	11	unicode-total	木		marry, take wife	女		취:0N	장가들 취, 중개인 취
娼	U+5A3C	창	창	N	2015	38	N	8	11	11	unicode-total	木		prostitute, harlot	女		창:0N	몸 파는 여자 창, 창녀 창
娿	U+5A3F	아	아	N	2015	38	N	8	10	11	kangxi-sum	木		beautiful, graceful	女		아:1N	아리따울 아
婀	U+5A40	아	아	N	2015	38	N	8	10	11	kangxi-sum	木		be beautiful, be graceful	女		아:1N	娿와 同字
婁	U+5A41	루	루	N	2015	38	N	8	11	11	unicode-total	木		surname; to wear; 16th lunar mansion, determinative star β Arietis (Sheratan)	女	누	루:0N	별 이름 루, 어리석은 루
婆	U+5A46	파	파	N	2015	38	N	8	11	11	unicode-total	木		old woman; grandmother	女		파:0N	할머니 파, 너풀너풀 춤출 파, 할미 파
婇	U+5A47	채	채	N	2015	38	N	8	11	11	unicode-total	木			女		채:N	
婉	U+5A49	완,원	완,원	N	2015	38	N	8	11	11	unicode-total	木		amiable, congenial; restrained	女		완:0N 원:N	순할 완, 예쁠 완, 젊을 완
婋	U+5A4B	호,효	호,효	N	2015	38	N	8	11	11	unicode-total	木			女		호:N 효:N	
婌	U+5A4C	숙	숙	N	2015	38	N	8	11	11	unicode-total	木			女		숙:1N	궁녀 벼슬이름 숙
婐	U+5A50	와	와	N	2015	38	N	8	11	11	unicode-total	木		maid	女		와:1N	정숙할 와, 단정할 와
婑	U+5A51	유	유	N	2015	38	N	8	11	11	unicode-total	木			女		유:N	
婚	U+5A5A	혼	혼	Y		38	N	8	11	11	unicode-total	木		get married; marriage, wedding	女		혼:0E	혼인할 혼
婠	U+5A60	완	완	N	2015	38	N	8	11	11	unicode-total	木			女		완:N	
婢	U+5A62	비	비	Y		38	N	8	11	11	unicode-total	木		servant girl; your servant	女		비:0E	여자종 비, 여종 비
婣	U+5A63	인	인	N	2015	38	N	8	12	12	total-gt-rs-check	木		marriage connections, a bride	女		인:1N	姻과 同字
婦	U+5A66	부	부	Y		38	N	8	11	11	unicode-total	木		married women; woman; wife	女		부:0E	며느리 부
婧	U+5A67	정,청	정,청	N	2015	38	N	8	11	11	unicode-total	木		modest; supple	女		정:1N 청:N	
婩	U+5A69	안	안	N	2015	38	N	8	11	11	unicode-total	木			女		안:N	
婪	U+5A6A	람	람	N	2015	38	N	8	11	11	unicode-total	木		covet; covetous, avaricious	女	남	람:1N	탐할 람
婭	U+5A6D	아	아	N	2015	38	N	8	11	11	unicode-total	木		mutual term of address used by sons-in-law; a brother-in-law	女		아:N	
婷	U+5A77	정	정	N	2015	38	N	9	12	12	unicode-total	木		pretty; attractive; graceful	女		정:1N	아리따울 정, 쌀쌀할 정
婿	U+5A7F	서	서	N	2015	38	N	9	12	12	unicode-total	木		son-in-law; husband	女		서:1N	사위 서
媄	U+5A84	미	미	N	2015	38	N	9	12	12	unicode-total	木		beautiful	女		미:1N	빛 고울 미
媍	U+5A8D	부	부	N	2015	38	N	9	12	12	unicode-total	木		woman, wife	女		부:1N	婦와 同字
媐	U+5A90	이	이	N	2015	38	N	10	13	13	unicode-total|kangxi-pos:38.9	火			女		이:N	
媒	U+5A92	매	매	Y		38	N	9	12	12	unicode-total	木		go-between, matchmaker; medium	女		매:0E	중매 매
媓	U+5A93	황	황	N	2015	38	N	9	12	12	unicode-total	木			女		황:1N	어머니 황
媕	U+5A95	암	암	N	2015	38	N	9	12	12	unicode-total	木		undecided	女		암:1N	머뭇거릴 암
媚	U+5A9A	미	미	N	2015	38	N	9	12	12	unicode-total	木		charming, attractive; flatter	女		미:0N	아첨할 미, 풍치가 아름다울 미, 예쁠 미
媛	U+5A9B	원	원	N	2015	38	N	9	12	12	unicode-total	木		beauty, beautiful woman	女		원:0N	아리따운 여자 원, 여자 벼슬이름 원, 예쁜계집 원
媞	U+5A9E	시,제	시,제	N	2015	38	N	9	12	12	unicode-total	木		at ease	女		시:N 제:N	
媟	U+5A9F	설	설	N	2015	38	N	9	12	12	unicode-total	木		lust after, act indecently; lewd	女		설:1N	깔볼 설
媢	U+5AA2	모	모	N	2015	38	N	9	12	12	unicode-total	木		be jealous of, be envious	女		모:1N	강새암 할 모
媤	U+5AA4	시	시	N	2015	38	N	9	12	12	unicode-total	木		husband's family	女		시:0N	시집 시
媧	U+5AA7	왜	왜	N	2015	38	N	9	11	12	kangxi-sum	木		mythological snail goddess	女		왜:1N	여자이름 왜 / 사람 이름 과
媪	U+5AAA	온	오,온	N	2015	38	N	9	12	12	unicode-total	木		old woman; lower-class woman	女		오:1 온:N	할미 오, 땅귀신 오
媳	U+5AB3	식	식	N	2015	38	N	10	13	13	unicode-total	火		daughter-in-law	女		식:1N	며느리 식
媵	U+5AB5	잉	잉	N	2015	38	N	10	13	13	unicode-total	火		a maid who accompanies bride to her new home; to escort; a concubine	女		잉:1N	보낼 잉
媺	U+5ABA	미	미	N	2015	38	N	10	13	13	unicode-total	火		beautiful	女		미:1N	착하고 아름다울 미
媻	U+5ABB	반	반	N	2015	38	N	10	13	13	unicode-total	火		to move	女		반:1N	비틀거릴 반
媼	U+5ABC	온	온	N	2015	38	N	10	13	13	unicode-total	火		old woman; lower-class woman	女		온:1N	
媽	U+5ABD	마	마	N	2015	38	N	10	13	13	unicode-total	火		mother, mama	女		마:1N	어미 마
媾	U+5ABE	구	구	N	2015	38	N	10	13	13	unicode-total	火		marry; be on friendly terms with	女		구:1N	겹사돈 구
媿	U+5ABF	괴	괴	N	2015	38	N	10	12	13	kangxi-sum	火		ashamed, conscience-stricken	女		괴:1N	창피줄 괴
嫁	U+5AC1	가	가	N	2015	38	N	10	13	13	unicode-total	火		to marry, give a daughter in marriage	女		가:0N	시집갈 가
嫂	U+5AC2	수	수	N	2015	38	N	10	12	13	kangxi-sum	火		sister-in-law, elder brother's wife	女		수:0N	형수 수
嫄	U+5AC4	원	원	N	2015	38	N	10	13	13	unicode-total	火		an ancient emperor's mother's name, Qiang Yuan, consort to Gu	女		원:0N	여자이름 원
嫈	U+5AC8	앵	앵	N	2015	38	N	10	13	13	unicode-total	火		lady	女		앵:1N	예쁠 앵
嫉	U+5AC9	질	질	N	2015	38	N	10	13	13	unicode-total	火		jealousy; be jealous of	女		질:0N	미워할 질, 질투할 질
嫋	U+5ACB	뇨	뇨	N	2015	38	N	10	13	13	unicode-total	火		slender and delicate	女	요	뇨:1N	날릴 뇨
嫌	U+5ACC	혐	혐	Y		38	N	10	13	13	unicode-total	火		hate, detest; suspect; criticize	女		혐:0E	싫어할 혐, 의심할 혐, 유쾌하지 않을 혐
嫕	U+5AD5	예	예	N	2015	38	N	11	14	14	unicode-total	火		compliant, yielding; easy-going	女		예:N	
嫖	U+5AD6	표	표	N	2015	38	N	11	14	14	unicode-total	火		patronize prostitutes, frequent	女		표:1N	가벼울 표, 날랠 표, 색에 빠질 표
嫗	U+5AD7	구	구	N	2015	38	N	11	14	14	unicode-total	火		old woman, hag	女		구:1N	할미 구
嫙	U+5AD9	선	선	N	2015	38	N	11	14	14	unicode-total	火			女		선:1N	예쁠 선
嫚	U+5ADA	만	만	N	2015	38	N	11	14	14	unicode-total	火		scorn, despise; be rude, affront	女		만:1N	업신여길 만
嫛	U+5ADB	예	예	N	2015	38	N	11	14	14	unicode-total	火		compliant, yielding; easy-going a newborn child	女		예:1N	유순할 예, 갓난아이 예
嫝	U+5ADD	강	강	N	2015	38	N	11	14	14	unicode-total	火			女		강:N	
嫠	U+5AE0	리	리	N	2015	38	N	11	14	14	unicode-total	火		a widow	女	이	리:1N	과부 리
嫡	U+5AE1	적	적	N	2015	38	N	11	14	14	unicode-total	火		legal wife, child of legal wife	女		적:0N	정실 적, 맏아들 적
嫢	U+5AE2	규	규	N	2015	38	N	11	14	14	unicode-total	火			女		규:1N	가는 허리 규
嫣	U+5AE3	언	언	N	2015	38	N	11	14	14	unicode-total	火		charming, fascinating; gay	女		언:1N	생긋생긋 웃을 언
嫤	U+5AE4	근	근	N	2015	38	N	11	14	14	unicode-total	火			女		근:N	
嫥	U+5AE5	전	전	N	2015	38	N	11	14	14	unicode-total	火			女		전:1N	아름다울 전
嫦	U+5AE6	항	항	N	2015	38	N	11	14	14	unicode-total	火		name of a moon goddess	女		항:0N	항아
嫩	U+5AE9	눈	눈	N	2015	38	N	11	14	14	unicode-total	火		soft, tender, delicate; young	女		눈:0N	언약할 눈, 연약할 눈
嫫	U+5AEB	모	모	N	2015	38	N	11	13	14	kangxi-sum	火		Huangdi's ugly concubine; nurse	女		모:1N	예쁠 모
嫬	U+5AEC	서	서	N	2018	38	N	11	14	14	unicode-total	火			女		서:N	
嫭	U+5AED	호	호	N	2015	38	N	11	14	14	unicode-total	火		beautiful woman	女		호:1N	
嫮	U+5AEE	호	호	N	2015	38	N	11	14	14	unicode-total	火			女		호:1N	아름다울 호, 시기할 호
嫯	U+5AEF	오	오	N	2015	38	N	11	13	14	kangxi-sum	火			女		오:1N	업신여길 오
嫶	U+5AF6	초	초	N	2015	38	N	12	15	15	unicode-total	土			女		초:1N	수척할 초
嫺	U+5AFA	한	한	N	2015	38	N	12	15	15	unicode-total	土		refined, elegant, gracious	女		한:1N	우아할 한
嫻	U+5AFB	한	한	N	2015	38	N	12	15	15	unicode-total	土		elegant, refined; skillful	女		한:1N	우아할 한
嫽	U+5AFD	료	료	N	2015	38	N	12	15	15	unicode-total	土		play with; (Cant.) to provoke	女	요	료:1N	외조모 료
嬀	U+5B00	규	규	N	2015	38	N	12	15	15	unicode-total	土		name of a river in Shanxi; crafty	女		규:1N	성 규
嬅	U+5B05	화	화	N	2015	38	N	12	13	15	kangxi-sum	土		beautiful; used in girls' names	女		화:0N	여자 이름 화, 탐스러울 화
嬈	U+5B08	요	요	N	2015	38	N	12	15	15	unicode-total	土		graceful, charming, fascinating	女		요:1N	예쁜체 할 요
嬉	U+5B09	희	희	N	2015	38	N	12	15	15	unicode-total	土		enjoy; play, amuse oneself	女		희:0N	즐길 희, 아름다울 희
嬋	U+5B0B	선	선	N	2015	38	N	12	15	15	unicode-total	土		beautiful, lovely, pretty, graceful	女		선:0N	고울 선
嬌	U+5B0C	교	교	N	2015	38	N	12	15	15	unicode-total	土		seductive and loveable; tender	女		교:0N	아리따울 교
嬖	U+5B16	폐	폐	N	2015	38	N	13	16	16	unicode-total	土		favorite; a minion	女		폐:0N	사랑할 폐, 윗사람으로부터 사랑받을 폐, 벼슬이름 폐
嬙	U+5B19	장	장	N	2015	38	N	13	16	16	unicode-total	土		lady	女		장:1N	궁녀 장
嬛	U+5B1B	현	현	N	2015	38	N	13	16	16	unicode-total	土		apt, clever; sycophant, flatterer	女		현:1N	산뜻할 현
嬥	U+5B25	조	조	N	2015	38	N	14	17	17	unicode-total	金			女		조:1N	날씬할 조
嬨	U+5B28	자	자	N	2015	38	N	14	16	17	kangxi-sum	金			女		자:1N	계집성품너그러고순할 자
嬪	U+5B2A	빈	빈	N	2015	38	N	14	17	17	unicode-total	金		court lady; palace maid	女		빈:0N	아내 빈, 귀녀 빈
嬭	U+5B2D	내	내	N	2015	38	N	14	17	17	unicode-total	金		milk; suckle; breasts	女		내:1N	젖 내
嬰	U+5B30	영	영	N	2015	38	N	14	17	17	unicode-total	金		baby, infant; bother	女		영:1N	어릴 영, 더할 영, 머리치장할 영, 물요괴 영, 갓난아이 영
嬲	U+5B32	뇨	뇨	N	2015	38	N	14	17	17	unicode-total	金		frolic, play with; flirt with; (Cant.) angry	女	요	뇨:1N	샘낼 뇨
嬴	U+5B34	영	영	N	2015	38	N	13	16	16	unicode-total	土		to win; to have a surplus; surname	女		영:1N	성씨 영, 풀어낼 영, 가득할 영, 아름다울 영
嬾	U+5B3E	란	란	N	2015	38	N	16	19	19	unicode-total	水		lazy, languid, listless	女	난	란:1N	게으를 란
嬿	U+5B3F	연	연	N	2015	38	N	16	19	19	unicode-total	水		lovely	女		연:1N	아름다울 연
孀	U+5B40	상	상	N	2015	38	N	17	20	20	unicode-total	水		widow	女		상:0N	과부 상
孃	U+5B43	양	양	N	2015	38	N	17	20	20	unicode-total	水		troubled, oppressed; fat; mother	女		양:0N	계집아이 양, 아씨 양
孅	U+5B45	섬	섬	N	2015	38	N	17	20	20	unicode-total	水		slender, thin; sharp-pointed	女		섬:1N	가늘 섬
孌	U+5B4C	련	련	N	2015	38	N	19	22	22	unicode-total	木		lovely, beautiful; docile, obedient	女	연	련:1N	아름다울 련
子	U+5B50	자	자	Y		39	N	0	3	3	unicode-total	火		offspring, child; fruit, seed of; first earthly branch	子		자:0E	아들 자
孑	U+5B51	혈	혈	N	2015	39	N	0	3	3	unicode-total	火		remaining, left-over; lonely	子		혈:0N	외로울 혈, 나머지 혈, 창갈구리 혈
孔	U+5B54	공	공	Y		39	N	1	4	4	unicode-total	火		opening, hole, orifice; great	子		공:0E	구멍 공
孕	U+5B55	잉	잉	N	2015	39	N	2	5	5	unicode-total	土		be pregnant; pregnancy	子		잉:0N	아이밸 잉
孖	U+5B56	자	자	N	2015	39	N	3	6	6	unicode-total	土		twins	子		자:1N	쌍둥이 자
字	U+5B57	자	자	Y		39	N	3	6	6	unicode-total	土		letter, character, word	子		자:0E	글자 자
存	U+5B58	존	존	Y		39	N	3	6	6	unicode-total	土		exist, live, be; survive; remain	子		존:0E	있을 존
孚	U+5B5A	부	부	N	2015	39	N	4	7	7	unicode-total	金		brood over eggs; have confidence	子		부:0N	미쁠 부, 믿을 부
孛	U+5B5B	패	패	N	2015	39	N	4	7	7	unicode-total	金		comet	子		패:1N	혜성 패
孜	U+5B5C	자	자	N	2015	39	N	4	7	7	unicode-total	金		be as diligent as possible	子		자:0N	힘쓸 자, 부지런할 자
孝	U+5B5D	효	효	Y		39	N	4	7	7	unicode-total	金		filial piety, obedience; mourning	子		효:0E	효도 효, 효도할 효
孟	U+5B5F	맹	맹	Y		39	N	5	8	8	unicode-total	金		first in series; great, eminent	子		맹:0E	맏 맹
孡	U+5B61	태	태	N	2015	39	N	5	8	8	unicode-total	金			子		태:1N	
季	U+5B63	계	계	Y		39	N	5	8	8	unicode-total	金		quarter of year; season; surname	子		계:0E	끝 계
孤	U+5B64	고	고	Y		39	N	5	8	8	unicode-total	金		orphan, fatherless; solitary	子		고:0E	외로울 고
孥	U+5B65	노	노	N	2015	39	N	5	8	8	unicode-total	金		one's children	子		노:1N	자식 노
学	U+5B66	학	학	N	2015	39	N	5	8	8	unicode-total	金		learning, knowledge; school	子		학:N	
孩	U+5B69	해	해	N	2015	39	N	6	9	9	unicode-total	水		baby, child; children	子		해:0N	어린아이 해, 방글방글 웃을 해
孫	U+5B6B	손	손	Y		39	N	7	10	10	unicode-total	水		grandchild, descendent; surname	子		손:0E	손자 손, 움 돋을 손, 순할 손, 피할 손
孰	U+5B70	숙	숙	Y		39	N	8	11	11	unicode-total	木		who? which? what? which one?	子		숙:0E	누구 숙, 어느 숙, 살필 숙, 익을 숙
孱	U+5B71	잔	잔	N	2015	39	N	9	12	12	unicode-total	木		weak, unfit, frail, feeble	子		잔:0N	잔약할 잔
孵	U+5B75	부	부	N	2015	39	N	11	14	14	unicode-total	火		sit on eggs, hatch	子		부:0N	알 깔 부
孶	U+5B76	자	자	N	2015	39	N	11	13	14	kangxi-sum	火		(variant of 孳) to breed in large numbers	子		자:1N	부지런할 자
學	U+5B78	학	학	Y		39	N	13	16	16	unicode-total	土		learning, knowledge; school	子		학:0E	배울 학
孺	U+5B7A	유	유	N	2015	39	N	14	17	17	unicode-total	金		child; blood relation; affection	子		유:0N	젖먹이 유, 사모할 유, 딸릴 유
孼	U+5B7C	얼	얼	N	2015	39	N	16	19	19	unicode-total	水		misfortune; sin, evil	子		얼:0N	첩자식 얼, 요물 얼, 첩의자식 얼
孿	U+5B7F	산	산	N	2015	39	N	19	22	22	unicode-total	木		twins	子		산:1N	쌍둥이 산
宁	U+5B81	저	저	N	2015	40	N	2	5	5	unicode-total	土		calm, peaceful, serene; healthy	宀		저:1N	조회 받는 곳 저, 멈출 저
宂	U+5B82	용	용	N	2015	40	N	2	5	5	unicode-total	土		scattered, mixed affairs; duties; occupation business	宀		용:1N	번잡할 용, 바쁠 용, 떠돌아 다닐 용
宅	U+5B85	댁,택	댁,택	Y	2015	40	N	3	6	6	unicode-total	土		residence, dwelling, home; grave	宀		댁:0N 택:0E	집 댁 / 집 택, 자리 택, 살 택, 정할 택, 묘 구덩이 택
宇	U+5B87	우	우	Y		40	N	3	6	6	unicode-total	土		house; building, structure; eaves	宀		우:0E	집 우, 처마 기슭 우, 하늘 우
守	U+5B88	수	수	Y		40	N	3	6	6	unicode-total	土		defend, protect, guard, conserve	宀		수:0E	지킬 수, 보살필 수, 원님 수, 기다릴 수
安	U+5B89	안	안	Y		40	N	3	6	6	unicode-total	土		peaceful, tranquil, quiet	宀		안:0E	편안할 안, 어찌 안
宋	U+5B8B	송	송	N	2015	40	N	4	7	7	unicode-total	金		Song dynasty; surname	宀		송:0N	송나라 송, 성씨 송
完	U+5B8C	완	완	Y		40	N	4	7	7	unicode-total	金		complete, finish, settle; whole	宀		완:0E	완전할 완, 끝날 완, 지킬 완
宏	U+5B8F	굉	굉	N	2015	40	N	4	7	7	unicode-total	金		wide, spacious, great, vast	宀		굉:0N	클 굉, 넓을 굉
宓	U+5B93	복	복	N	2015	40	N	5	8	8	unicode-total	金		quiet, silent; in good health	宀		복:0N	성 복, 편안할 복
宕	U+5B95	탕	탕	N	2015	40	N	5	8	8	unicode-total	金		stone quarry; cave dwelling	宀		탕:0N	골집 탕, 방탕할 탕, 석수 탕
宖	U+5B96	횡	횡	N	2015	40	N	5	8	8	unicode-total	金			宀		횡:0N	집 울릴 횡, 평안할 횡
宗	U+5B97	종	종	Y		40	N	5	8	8	unicode-total	金		lineage, ancestry; ancestor, clan	宀		종:0E	마루 종
官	U+5B98	관	관	Y		40	N	5	8	8	unicode-total	金		official, public servant	宀		관:0E	벼슬 관
宙	U+5B99	주	주	Y		40	N	5	8	8	unicode-total	金		time as concept; infinite time	宀		주:0E	집 주
定	U+5B9A	정	정	Y		40	N	5	8	8	unicode-total	金		decide, settle, fix	宀		정:0E	정할 정, 편안할 정, 고요할 정
宛	U+5B9B	완	완	N	2015	40	N	5	8	8	unicode-total	金		seem, as if, crooked	宀		완:0N	어슴푸레할 완, 언덕 위 언덕 완, 굽을 완
宜	U+5B9C	의	의	Y		40	N	5	8	8	unicode-total	金		suitable, right, fitting, proper	宀		의:0E	옳을 의, 마땅할 의, 유순할 의
宝	U+5B9D	보	보	N	2015	40	N	5	8	8	unicode-total	金		treasure, jewel; precious, rare	宀		보:N	
実	U+5B9F	실	실	N	2015	40	N	5	8	8	unicode-total	金		real, true; honest, sincere	宀		실:N	
客	U+5BA2	객	객	Y		40	N	6	9	9	unicode-total	水		guest, traveller; customer	宀		객:0E	손님 객, 부칠 객, 나그네 객, 지날 객
宣	U+5BA3	선	선	Y		40	N	6	9	9	unicode-total	水		declare, announce, proclaim	宀		선:0E	베풀 선
室	U+5BA4	실	실	Y		40	N	6	9	9	unicode-total	水		room, home, house, chamber; 13th lunar mansion, determinative star α Pegasi (Markab)	宀		실:0E	집 실, 아내 실, 방 실
宥	U+5BA5	유	유	N	2015	40	N	6	9	9	unicode-total	水		forgive, pardon, indulge	宀		유:0N	너그러울 유, 죄 사할 유, 도울 유
宦	U+5BA6	환	환	N	2015	40	N	6	9	9	unicode-total	水		officialdom, government official	宀		환:0N	벼슬 환, 환관 환
宬	U+5BAC	성	성	N	2015	40	N	7	9	10	kangxi-sum	水		archives; surname	宀		성:0N	사고 성, 도서실 성, 창고 성, 사기창고 성
宮	U+5BAE	궁	궁	Y		40	N	7	10	10	unicode-total	水		palace, temple, dwelling, enclose	宀		궁:0E	굴궐 궁, 궁궐 궁
宰	U+5BB0	재	재	Y		40	N	7	10	10	unicode-total	水		to slaughter; to rule	宀		재:0E	주관할 재, 다스릴 재, 재상 재, 으뜸 재, 삶을 재
害	U+5BB3	해	해	Y		40	N	7	10	10	unicode-total	水		injure, harm; destroy, kill	宀		해:0E	해할 해, 시기할 해, 죽일 해
宴	U+5BB4	연	연	Y		40	N	7	10	10	unicode-total	水		to entertain, feast; a feast, banquet	宀		연:0E	잔치할 연, 편안할 연
宵	U+5BB5	소	소	N	2015	40	N	7	10	10	unicode-total	水		night, evening, dark	宀		소:0N	밤 소, 작을 소, 벌레이름 소
家	U+5BB6	가	가	Y		40	N	7	10	10	unicode-total	水		house, home, residence; family	宀		가:0E	집 가
宸	U+5BB8	신	신	N	2015	40	N	7	10	10	unicode-total	水		imperial; imperial palace	宀		신:0N	집 신, 처마 신, 대궐 신
容	U+5BB9	용	용	Y		40	N	7	10	10	unicode-total	水		looks, appearance; figure, form	宀		용:0E	얼굴 용, 감쌀 용, 용서할 용
宿	U+5BBF	수,숙	수,숙	Y	2015	40	N	8	11	11	unicode-total	木		stop, rest, lodge, stay overnight; constellation	宀		수:N 숙:0E	잘 숙, 지킬 숙, 머물 숙
寀	U+5BC0	채	채	N	2015	40	N	8	11	11	unicode-total	木		feudal estate	宀		채:0N	녹봉 채, 동관 채
寂	U+5BC2	적	적	Y		40	N	8	11	11	unicode-total	木		still, silent, quiet; desolate	宀		적:0E	고요할 적, 쓸쓸할 적
寃	U+5BC3	원	원	N	2015	40	N	8	11	11	unicode-total	木		grievance, injustice, wrong	宀		원:0N	원통할 원, 굽힐 원, 죄 없을 원
寄	U+5BC4	기	기	Y		40	N	8	11	11	unicode-total	木		send, transmit, mail; rely on	宀		기:0E	부칠 기, 붙여살 기
寅	U+5BC5	인	인	Y		40	N	8	11	11	unicode-total	木		to respect, reverence; respectfully; third earthly branch	宀		인:0E	세째지지 인, 범 인
密	U+5BC6	밀	밀	Y		40	N	8	11	11	unicode-total	木		dense, thick, close; intimate	宀		밀:0E	빽빽할 밀
寇	U+5BC7	구	구	N	2015	40	N	8	11	11	unicode-total	木		bandits, thieves; enemy; invade	宀		구:0N	도둑 구, 불한당 구
富	U+5BCC	부	부	Y		40	N	9	12	12	unicode-total	木		abundant, ample; rich, wealthy	宀		부:0E	가멸 부, 부자 부
寐	U+5BD0	매	매	N	2015	40	N	9	12	12	unicode-total	木		sleep; be asleep	宀		매:0N	잠잘 매, 잔다 매
寒	U+5BD2	한	한	Y		40	N	9	12	12	unicode-total	木		cold, wintry, chilly	宀		한:0E	찰 한
寓	U+5BD3	우	우	N	2015	40	N	9	12	12	unicode-total	木		residence; lodge; dwell	宀		우:0N	살 우, 부탁할 우, 빙자할 우, 붙어살 우
寔	U+5BD4	식	식	N	2015	40	N	9	12	12	unicode-total	木		real, true, solid, honest	宀		식:0N	이 식, 참 식, 뿐 식
寖	U+5BD6	침	침	N	2015	40	N	10	13	13	unicode-total	火		gradually, step by step, little	宀		침:1N	젖을 침, 점점 침
寗	U+5BD7	녕	녕	N	2015	40	N	10	13	13	unicode-total	火		a surname; peaceful; rather	宀	영	녕:0N	편안할 녕, 차라리 녕
寘	U+5BD8	치	치	N	2015	40	N	10	13	13	unicode-total	火		put aside, put down; discard	宀		치:1N	둘 치, 폐할 치, 쉴 치
寛	U+5BDB	관	관	N	2015	40	N	10	13	13	unicode-total	火		broad	宀		관:N	
寞	U+5BDE	막	막	N	2015	40	N	11	13	14	kangxi-sum	火		silent, still, lonely, solitary	宀		막:0N	쓸쓸할 막
察	U+5BDF	찰	찰	Y		40	N	11	14	14	unicode-total	火		examine, investigate; notice	宀		찰:0E	살필 찰
寡	U+5BE1	과	과	Y		40	N	11	14	14	unicode-total	火		widowed; alone, friendless	宀		과:0E	적을 과
寢	U+5BE2	침	침	Y		40	N	11	14	14	unicode-total	火		sleep, rest; bed chamber	宀		침:0E	잠잘 침, 쉴 침, 방 침, 못생길 침
寤	U+5BE4	오	오	N	2015	40	N	11	14	14	unicode-total	火		few, scarce; empty, deserted	宀		오:0N	잠 깨어날 오, 깨달을 오, 잠깰 오
實	U+5BE6	실,지	실,지	Y	2018	40	N	11	14	14	unicode-total	火		real, true, solid, honest	宀		실:0E 지:N	열매 실
寧	U+5BE7	녕	녕,령,영	Y		40	N	11	14	14	unicode-total	火		repose, serenity, peace; peaceful	宀	영	녕:0E 령:0 영:0	편안할 녕 / 편안할 령 / 편안할 녕, 차라리 녕, 어찌 녕
寨	U+5BE8	채	채	N	2015	40	N	11	14	14	unicode-total	火		stockade, stronghold, outpost; brothel	宀		채:0N	울짱 채, 나무우리 채
審	U+5BE9	심	심	Y		40	N	12	15	15	unicode-total	土		examine, investigate; judge	宀		심:0E	살필 심
寫	U+5BEB	사	사	Y		40	N	12	15	15	unicode-total	土		write; draw, sketch; compose	宀		사:0E	베낄 사
寬	U+5BEC	관	관	Y		40	N	12	15	15	unicode-total	土		broad, wide; spacious, vast	宀		관:0E	너그러울 관
寭	U+5BED	혜	혜	N	2015	40	N	12	15	15	unicode-total	土			宀		혜:1N	밝힐 혜, 깨달을 혜
寮	U+5BEE	료	료,요	N	2015	40	N	12	15	15	unicode-total	土		shanty, hut, shack	宀	요	료:0N 요:0	벼슬아쳐 료, 동관 료 / 동관 료, 관리 료, 중의 집 료
寯	U+5BEF	준	준	N	2015	40	N	13	15	16	kangxi-sum	土		to accumulate; to amass; to store up, superior, handsome, refined, eminent	宀		준:0N	모일 준
寰	U+5BF0	환	환	N	2015	40	N	13	16	16	unicode-total	土		great domain, country, world	宀		환:1N	기내 환
寵	U+5BF5	총	총	N	2015	40	N	16	19	19	unicode-total	水		favorite, concubine; favor	宀		총:0N	사랑할 총, 임금께 총애받을 총, 은혜 총, 첩 총
寶	U+5BF6	보	보	Y		40	N	17	20	20	unicode-total	水		treasure, jewel; precious, rare	宀		보:0E	보배 보
寸	U+5BF8	촌	촌	Y		41	N	0	3	3	unicode-total	火		inch; small, tiny; Kangxi radical 41	寸		촌:0E	치 촌, 마디 촌, 헤아릴 촌, 조금 촌
寺	U+5BFA	사	사	Y		41	N	3	6	6	unicode-total	土		court, office; temple, monastery	寸		사:0E	절 사 / 내관 시
寿	U+5BFF	수	수	N	2015	41	N	4	7	7	unicode-total	金		old age, long life; lifespan	寸		수:N	
封	U+5C01	봉	봉	Y		41	N	6	9	9	unicode-total	水		letter, envelope; feudal; one pound	寸		봉:0E	봉할 봉
射	U+5C04	사	사	Y		41	N	7	10	10	unicode-total	水		shoot, eject, issue forth, emit	寸		사:0E	궁술 사, 쏠 사
尅	U+5C05	극	극	N	2015	41	N	7	10	10	unicode-total	水		subdue, destroy, overcome	寸		극:1N	剋과 同字
将	U+5C06	장	장	N	2015	41	N	6	10	10	total-gt-rs-check	水		will, going to, future; general	寸		장:N	
將	U+5C07	장	장	Y		41	N	8	11	11	unicode-total	木		will, going to, future; general	寸		장:0E	장차 장, 장수 장
專	U+5C08	전	전	Y		41	N	8	11	11	unicode-total	木		monopolize, take sole possession	寸		전:0E	오로지 전, 전일할 전
尉	U+5C09	위	위	N	2015	41	N	8	11	11	unicode-total	木		officer, military rank	寸		위:0N	벼슬이름 위, 눌릴 위
尊	U+5C0A	존	존	Y		41	N	9	12	12	unicode-total	木		respect, revere, venerate; honor	寸		존:0E	존귀할 존, 높을 존
尋	U+5C0B	심	심	Y		41	N	9	12	12	unicode-total	木		seek, search, look for; ancient	寸		심:0E	찾을 심
尌	U+5C0C	주	주	N	2015	41	N	9	12	12	unicode-total	木		standing (something) up	寸		주:1N	세울 주
對	U+5C0D	대	대	Y		41	N	11	14	14	unicode-total	火		correct, right; facing, opposed	寸		대:0E	마주볼 대, 대답할 대
導	U+5C0E	도	도	Y		41	N	12	15	15	unicode-total	土		direct, guide, lead, conduct	寸		도:0E	이끌 도, 인도할 도
小	U+5C0F	소	소	Y		42	N	0	3	3	unicode-total	火		small, tiny, insignificant	小		소:0E	작을 소, 좁을 소, 적을 소, 어릴 소, 적게 여길 소
少	U+5C11	소	소	Y		42	N	1	4	4	unicode-total	火		few, less, inadequate	小		소:0E	적을 소, 조금 소, 멸시할 소, 잠깐 소, 젊을 소
尔	U+5C14	이	이	N	2015	42	N	2	5	5	unicode-total	土		you; that, those; final particle	小		이:1N	爾와 同字
尖	U+5C16	첨	첨	Y		42	N	3	6	6	unicode-total	土		sharp, pointed, acute, keen	小		첨:0E	뾰족할 첨
尙	U+5C19	상	상	Y		42	N	5	8	8	unicode-total	金		still, yet; even; fairly, rather	小		상:0E	오히려 상
尟	U+5C1F	선	선	N	2015	42	N	10	13	13	unicode-total	火		surname; fresh	小		선:1N	尠과 同字
尤	U+5C24	우	우	Y		43	N	1	4	4	unicode-total	火		especially, particularly	尢		우:0E	가장 우, 더욱 우, 탓할 우
尨	U+5C28	방	방	N	2015	43	N	4	7	7	unicode-total	金		shaggy haired dog; variegated	尢		방:0N	삽살개 방
就	U+5C31	취	취	Y		43	N	9	12	12	unicode-total	木		just, simply; to come, go to; to approach, near	尢		취:0E	좇을 취, 이룰 취, 곧 취, 가령 취, 능할 취, 저자 취, 나아갈 취
尸	U+5C38	시	시	N	2015	44	N	0	3	3	unicode-total	火		corpse; to impersonate the dead; to preside; Kangxi radical 44	尸		시:0N	시동 시, 주검 시, 시체 시
尹	U+5C39	윤	윤	N	2015	44	N	1	4	4	unicode-total|rs-by-kangxi-pos:44.1	火		govern; oversee; director	尸		윤:0N	다스릴 윤, 바를 윤, 벼슬이름 윤, 믿을 윤
尺	U+5C3A	척	척	Y		44	N	1	4	4	unicode-total	火		Chinese measure approx. 'foot'	尸		척:0E	자 척
尻	U+5C3B	고	고	N	2015	44	N	2	5	5	unicode-total	土		end of spine; buttocks, sacrum	尸		고:0N	꽁무니 고
尼	U+5C3C	니	니	N	2015	44	N	2	5	5	unicode-total	土		Buddhist nun; transliteration	尸	이	니:0N	여승 니, 여자중 니
尽	U+5C3D	진	진	N	2015	44	N	3	6	6	unicode-total	土		exhaust, use up; deplete	尸		진:N	
尾	U+5C3E	미	미	Y		44	N	4	7	7	unicode-total	金		tail, extremity; end, stern; 6th lunar mansion, determinative star μ¹ Scorpii (Xamidimura)	尸		미:0E	꼬리 미, 등 미
尿	U+5C3F	뇨	뇨,요	N	2015	44	N	4	7	7	unicode-total	金		urine; urinate	尸	요	뇨:0N 요:0	오줌 뇨
局	U+5C40	국	국	Y		44	N	4	7	7	unicode-total	金		bureau, office; circumstance	尸		국:0E	부분 국, 판 국
屁	U+5C41	비	비	N	2015	44	N	4	7	7	unicode-total	金		break wind; fart; buttocks	尸		비:1N	방귀 비
居	U+5C45	거	거	Y		44	N	5	8	8	unicode-total	金		live, dwell, reside, sit	尸		거:0E	살 거, 곳 거, 앉을 거, 놓을 거, 쌓을 거
屆	U+5C46	계	계	N	2015	44	N	5	8	8	unicode-total	金		numerary adjunct for time, term	尸		계:0N	이를 계, 다다를 계
屇	U+5C47	전	전	N	2015	44	N	5	8	8	unicode-total	金		cave; hole	尸		전:1N	구멍 전
屈	U+5C48	굴	굴	Y		44	N	5	8	8	unicode-total	金		bend, flex; bent, crooked; crouch	尸		굴:0E	굽을 굴
屋	U+5C4B	옥	옥	Y		44	N	6	9	9	unicode-total	水		house; room; building, shelter	尸		옥:0E	집 옥, 지붕 옥, 거북 덮개 옥
屍	U+5C4D	시	시	N	2015	44	N	6	9	9	unicode-total	水		corpse, carcass	尸		시:0N	주검 시, 송장 시, 시체 시
屎	U+5C4E	시,히	시,히	N	2015	44	N	6	9	9	unicode-total	水		excrement, shit, dung	尸		시:0N 히:N	똥 시, 변 시
屐	U+5C50	극	극	N	2015	44	N	7	10	10	unicode-total	水		wooden shoes, clogs	尸		극:1N	나막신 극
屑	U+5C51	설	설	N	2015	44	N	7	10	10	unicode-total	水		bits, scraps, crumbs, fragments	尸		설:0N	가루 설, 구차할 설
展	U+5C55	전	전	Y		44	N	7	10	10	unicode-total	水		open, unfold; stretch, extend	尸		전:0E	펼칠 전, 열릴 전, 살필 전
屛	U+5C5B	병	병	Y		44	N	8	11	11	unicode-total	木		folding screen	尸		병:0E	병풍 병
屠	U+5C60	도	도	N	2015	44	N	9	12	12	unicode-total	木		butcher, slaughter, massacre	尸		도:0N	잡을 도, 죽일 도
屢	U+5C62	루	누,루	Y		44	N	11	14	14	unicode-total	火		frequently, often, again and again	尸	누	누:0 루:0E	창 루 / (빛이 들어오는)창 누
層	U+5C64	층	층	Y		44	N	12	15	15	unicode-total	土		story, layer, floor, stratum	尸		층:0E	겹 층, 거듭 층, 층층대 층
履	U+5C65	리	리,이	Y		44	N	12	15	15	unicode-total	土		footwear, shoes; walk on, tread; hexagram ䷉	尸	이	리:0E 이:0	신 리, 밟을 리 / 가죽신 리, 신을 리, 밟을 리
屨	U+5C68	구	구	N	2015	44	N	14	17	17	unicode-total	金		straw sandals; tread on	尸		구:1N	삼으로 짠 신 구
屬	U+5C6C	속	속	Y		44	N	18	21	21	unicode-total	木		class, category, type; to belong to	尸		속:0E	무리 속, 좇을 속, 붙이 속, 거느릴 속, 붙일 속 / 이을 촉, 닿을 촉, 부탁할 촉, 모을 촉, 조심할 촉
屯	U+5C6F	둔	둔	Y		45	N	1	4	4	unicode-total|kangxi-pos:45.0	火		village, hamlet; camp; station; hexagram ䷂	屮		둔:0E	진칠 둔
山	U+5C71	산	산	Y		46	N	0	3	3	unicode-total	火	土	mountain, hill, peak	山		산:0E	뫼 산
屳	U+5C73	선	선	N	2015	46	N	2	5	5	unicode-total	土	土		山		선:1N	날 선
屹	U+5C79	흘	흘	N	2015	46	N	3	6	6	unicode-total	土	土	to rise high; to stand erect	山		흘:0N	산 우뚝솟을 흘, 산모양 흘
屺	U+5C7A	기	기	N	2015	46	N	3	6	6	unicode-total	土	土	a hill with trees or grass-- some give the opposite meaning	山		기:1N	민둥산 기
岈	U+5C88	하	하	N	2015	46	N	4	7	7	unicode-total	金	土	嵖岈山, a mountain in Suìpíng county, Hénán	山		하:1N	휑뎅그렁할 하
岊	U+5C8A	절	절	N	2015	46	N	4	7	7	unicode-total	金	土	foothill	山		절:1N	산 모퉁이 우뚝 내밀 절
岌	U+5C8C	급	급	N	2015	46	N	4	6	7	kangxi-sum	金	土	perilous, hazardous; high, steep	山		급:1N	높을 급
岏	U+5C8F	완	완	N	2015	46	N	4	7	7	unicode-total	金	土		山		완:1N	산 뾰족할 완
岐	U+5C90	기	기	N	2015	46	N	4	7	7	unicode-total	金	土	high; majestic; fork in road	山		기:0N	갈림길 기, 높을 기
岑	U+5C91	잠	잠	N	2015	46	N	4	7	7	unicode-total	金	土	steep, precipitous; peak	山		잠:0N	봉우리 잠, 높을 잠
岒	U+5C92	겸	겸	N	2015	46	N	4	7	7	unicode-total	金	土		山		겸:1N	
岔	U+5C94	차	차	N	2015	46	N	4	7	7	unicode-total	金	土	diverge, branch off; fork in road	山		차:1N	갈림길 차
岝	U+5C9D	작	작	N	2015	46	N	5	8	8	unicode-total	金	土	name of a mountain in Shandong	山		작:1N	산 높을 작
岡	U+5CA1	강	강	N	2015	46	N	5	8	8	unicode-total	金	土	ridge or crest of hill	山		강:0N	멧동 강, 산등성이 강
岣	U+5CA3	구	구	N	2015	46	N	5	8	8	unicode-total	金	土	a hill in Hunan	山		구:1N	산이름 구
岥	U+5CA5	파	파	N	2015	46	N	5	8	8	unicode-total	金	土		山		파:1N	산 비알질 파
岦	U+5CA6	립	립	N	2015	46	N	5	8	8	unicode-total	金	土		山	입	립:1N	산 우뚝할 립
岧	U+5CA7	초	초	N	2015	46	N	5	8	8	unicode-total	金	土	peak; cliff; precipice	山		초:1N	산이 높을 초
岨	U+5CA8	저	저	N	2015	46	N	5	8	8	unicode-total	金	土	uneven	山		저:1N	돌산에 흙 덮일 저
岩	U+5CA9	암	암	N	2015	46	N	5	8	8	unicode-total	金	土	cliff; rocks; mountain	山		암:0N	巖의 俗字, 바위 암
岪	U+5CAA	불	불	N	2015	46	N	5	8	8	unicode-total	金	土		山		불:1N	산길 불
岫	U+5CAB	수	수	N	2015	46	N	5	8	8	unicode-total	金	土	mountain peak; cave, cavern	山		수:0N	바위구멍 수, 바위굴 수
岬	U+5CAC	갑	갑	N	2015	46	N	5	8	8	unicode-total	金	土	cape; promontory, headland	山		갑:0N	산 허구리 갑, 줄이 느런할 갑, 산허리 갑
岭	U+5CAD	령	령	N	2015	46	N	5	8	8	unicode-total	金	土	mountain ridge, mountain peak	山	영	령:1N	산 이름 령
岱	U+5CB1	대	대	N	2015	46	N	5	8	8	unicode-total	金	土	Daishan, one of the Five Sacred Mountains in China	山		대:0N	태산 대, 산이름 대
岳	U+5CB3	악	악	Y		46	N	5	8	8	unicode-total	金	土	mountain peak; surname	山		악:0E	큰 산 악
岵	U+5CB5	호	호	N	2015	46	N	5	8	8	unicode-total	金	土	hill	山		호:0N	산 호, 산초목 호
岷	U+5CB7	민	민	N	2015	46	N	5	8	8	unicode-total	金	土	Minshan mountain range in northern Sichuan and southern Gansu, Min River	山		민:0N	산이름 민
岸	U+5CB8	안	안	Y		46	N	5	8	8	unicode-total	金	土	bank, shore; beach, coast	山		안:0E	물가 언덕 안
岺	U+5CBA	령	령	N	2015	46	N	5	8	8	unicode-total	金	土	mountain ridge, mountain peak	山	영	령:0N	재 령, 깊은산 령
岾	U+5CBE	점	점	N	2015	46	N	5	8	8	unicode-total	金	土	mountain pass (Korean)	山		점:0N	고개 점, 절이름 점
峀	U+5CC0	수	수	N	2015	46	N	5	8	8	unicode-total	金	土	mountain peak; cave, cavern	山		수:0N	岫와 同字, 바위굴 수
峋	U+5CCB	순	순	N	2015	46	N	6	9	9	unicode-total	水	土	ranges of hills stretching on beyond another irregular peaks	山		순:N	
峒	U+5CD2	동	동	N	2015	46	N	6	9	9	unicode-total	水	土	mountain in Gansu province	山		동:1N	산이름 동
峙	U+5CD9	치	치	N	2015	46	N	6	9	9	unicode-total	水	土	stand erect, stand up; pile up	山		치:0N	산이 우뚝 솟을 치, 갖출 치, 쌓을 치, 산우뚝할 치
峠	U+5CE0	상	상	N	2015	46	N	6	9	9	unicode-total	水	土	mountain pass; crisis, climax	山		상:0N	고개 상
峨	U+5CE8	아	아	N	2015	46	N	7	10	10	unicode-total	水	土	lofty	山		아:0N	산 높을 아
峩	U+5CE9	아	아	N	2015	46	N	7	10	10	unicode-total	水	土	lofty	山		아:1N	峨와 同字
峭	U+5CED	초	초	N	2015	46	N	7	10	10	unicode-total	水	土	steep, precipitous, rugged	山		초:1N	가파를 초
峯	U+5CEF	봉	봉	Y		46	N	7	10	10	unicode-total	水	土	peak, summit; hump of camel	山		봉:0E	봉우리 봉, 산봉우리 봉
峰	U+5CF0	봉	봉	N	2015	46	N	7	10	10	unicode-total	水	土	peak, summit; hump of camel	山		봉:0N	峯과 同字, 봉우리 봉
峱	U+5CF1	노	노	N	2015	46	N	7	10	10	unicode-total	水	土	name of a mountain in Shāndōng	山		노:1N	산이름 노
峴	U+5CF4	현	현	N	2015	46	N	7	10	10	unicode-total	水	土	steep hill; mountain in Hubei	山		현:0N	고개 현, 산이름 현
島	U+5CF6	도	도	Y		46	N	7	10	10	unicode-total	水	土	island	山		도:0E	섬 도
峻	U+5CFB	준	준	N	2015	46	N	7	10	10	unicode-total	水	土	high, steep, towering; stern	山		준:0N	높을 준
峽	U+5CFD	협	협	N	2015	46	N	7	10	10	unicode-total	水	土	gorge, strait, ravine; isthmus	山		협:0N	물 낀 두메 협, 산이름 협
崆	U+5D06	공	공	N	2015	46	N	8	11	11	unicode-total	木	土	Kongtong mountain	山		공:1N	산이름 공
崇	U+5D07	숭	숭	Y		46	N	8	11	11	unicode-total	木	土	esteem, honor, revere, venerate	山		숭:0E	높을 숭, 공경할 숭, 마칠 숭, 산이름 숭
崍	U+5D0D	래	래	N	2015	46	N	8	11	11	unicode-total	木	土	mountain in Sichuan province	山	내	래:0N	산 이름 래
崎	U+5D0E	기	기	N	2015	46	N	8	11	11	unicode-total	木	土	rough, uneven, jagged, rugged	山		기:0N	험할 기, 산길험할 기
崐	U+5D10	곤	곤	N	2015	46	N	8	11	11	unicode-total	木	土	Kunlun mountains in Jiangsu	山		곤:1N	곤륜산 곤
崑	U+5D11	곤	곤	N	2015	46	N	8	11	11	unicode-total	木	土	Kunlun mountains in Jiangsu province.	山		곤:0N	산이름 곤
崔	U+5D14	최	최	N	2015	46	N	8	11	11	unicode-total	木	土	high, lofty, towering; surname	山		최:0N	산 우뚝할 최, 높고 가파를 최, 성씨 최
崕	U+5D15	애	애	N	2015	46	N	8	11	11	unicode-total	木	土	cliff, precipice; precipitous	山		애:1N	崖와 同字
崖	U+5D16	애	애	N	2015	46	N	8	11	11	unicode-total	木	土	cliff, precipice; precipitous	山		애:0N	낭떠러지 애
崗	U+5D17	강	강	N	2015	46	N	8	11	11	unicode-total	木	土	post; position	山		강:0N	岡의 俗字, 산등성이 강
崘	U+5D18	륜	륜	N	2015	46	N	8	11	11	unicode-total	木	土	Kunlun mountains in Jiangsu	山	윤	륜:N	
崙	U+5D19	륜	륜,윤	N	2015	46	N	8	11	11	unicode-total	木	土	Kunlun mountains in Jiangsu	山	윤	륜:0N 윤:0	산 이름 륜 / 곤륜산 륜, 나라이름 륜, 산이름 윤
崛	U+5D1B	굴	굴	N	2015	46	N	8	11	11	unicode-total	木	土	towering, eminent; rise abruptly	山		굴:1N	산 높을 굴
崟	U+5D1F	음	음	N	2015	46	N	8	11	11	unicode-total	木	土	cliffs	山		음:1N	멧부리 음, 산 높을 음
崢	U+5D22	쟁	쟁	N	2015	46	N	8	11	11	unicode-total	木	土	high, lofty, noble; steep, perilous	山		쟁:1N	가파를 쟁, 산 높을 쟁
崤	U+5D24	효	효	N	2015	46	N	8	11	11	unicode-total	木	土	mountain in Henan	山		효:1N	산 이름 효
崦	U+5D26	엄	엄	N	2015	46	N	8	11	11	unicode-total	木	土	a mountain in Kansu, where there is a cave into which the sun is said to sink at night	山		엄:1N	해 지는 산 이름 엄
崧	U+5D27	숭	숭	N	2015	46	N	8	11	11	unicode-total	木	土	high mountain; lofty, eminent	山		숭:0N	산 불끈 솟을 숭, 산 웅장할 숭, 산이름 숭
崩	U+5D29	붕	붕	Y		46	N	8	11	11	unicode-total	木	土	rupture, split apart, collapse	山		붕:0E	무너질 붕, 산무너질 붕
崴	U+5D34	외	외	N	2015	46	N	9	12	12	unicode-total	木	土	high, lofty; precipitous	山		외:1N	평평치 아니할 외
崽	U+5D3D	재	재	N	2015	46	N	9	12	12	unicode-total	木	土	a child, a servant; a diminutive	山		재:1N	
嵁	U+5D41	감	감	N	2015	46	N	9	12	12	unicode-total	木	土	rugged	山		감:1N	산 험할 감
嵂	U+5D42	률	률	N	2015	46	N	9	12	12	unicode-total	木	土	lofty	山	율	률:1N	가파를 률
嵄	U+5D44	미	미	N	2015	46	N	9	12	12	unicode-total	木	土		山		미:N	
嵋	U+5D4B	미	미	N	2015	46	N	9	12	12	unicode-total	木	土	Omei mountain in Sichuan	山		미:0N	산이름 미
嵌	U+5D4C	감	감	N	2015	46	N	9	12	12	unicode-total	木	土	inlay, set in; fall into; rugged	山		감:0N	깊은 골 감, 곁굴 감, 깊은 산 감, 산골짜기 감
嵎	U+5D4E	우	우	N	2015	46	N	9	12	12	unicode-total	木	土	mountain recess; canyon	山		우:1N	산모퉁이
嵐	U+5D50	람	남,람	N	2015	46	N	9	12	12	unicode-total	木	土	mountain mist, mountain haze	山	남	남:0 람:0N	남기 람 / 남기 남
嵓	U+5D53	암	암	N	2015	46	N	9	12	12	unicode-total	木	土		山		암:1N	바위 암, 가파를 암
嵔	U+5D54	외	외	N	2015	46	N	9	12	12	unicode-total	木	土		山		외:1N	산이름 외, 산 높을 외
嵩	U+5D69	숭	숭	N	2015	46	N	10	13	13	unicode-total	火	土	high, lofty; one of the 5 peaks, situated in Hunan	山		숭:0N	높을 숭, 산이름 숭
嵬	U+5D6C	외	외	N	2015	46	N	10	13	13	unicode-total	火	土	high; rugged, rocky, precipitous	山		외:0N	산 뾰족할 외, 산 울뚝질뚝할 외, 험할 외
嵯	U+5D6F	차	차	N	2015	46	N	10	12	13	kangxi-sum	火	土	high, towering; irregular, rugged	山		차:0N	우뚝 솟을 차, 험할 차 / 산 울뚝질뚝할 치
嵰	U+5D70	겸	겸	N	2018	46	N	10	13	13	unicode-total	火	土		山		겸:N	
嵱	U+5D71	용	용	N	2015	46	N	10	13	13	unicode-total	火	土		山		용:1N	봉우리 쭝굿쭝굿할 용
嶁	U+5D81	루	루	N	2015	46	N	11	14	14	unicode-total	火	土	Goulou mountain peak in Hunan	山	누	루:1N	봉우리 루
嶂	U+5D82	장	장	N	2015	46	N	11	14	14	unicode-total	火	土	cliff; mountain barrier	山		장:1N	높고 가파른 산 장
嶄	U+5D84	참	참	N	2015	46	N	11	14	14	unicode-total	火	土	high, steep, precipitous; new	山		참:1N	높을 참
嶆	U+5D86	조	조	N	2015	46	N	11	14	14	unicode-total	火	土		山		조:N	
嶇	U+5D87	구	구	N	2015	46	N	11	14	14	unicode-total	火	土	steep, sheer; rugged, rough	山		구:0N	산험준할 구
嶋	U+5D8B	도	도	N	2015	46	N	11	14	14	unicode-total	火	土	island	山		도:0N	섬 도
嶒	U+5D92	증	증	N	2015	46	N	12	15	15	unicode-total	土	土	towering, lofty, steep	山		증:1N	산 높고 험할 증
嶔	U+5D94	금	금	N	2015	46	N	12	15	15	unicode-total	土	土	lofty, towering	山		금:1N	높고 험할 금
嶕	U+5D95	초	초	N	2015	46	N	12	15	15	unicode-total	土	土		山		초:1N	높을 초
嶙	U+5D99	린	린	N	2015	46	N	12	15	15	unicode-total	土	土	precipitous	山	인	린:1N	가파를 린
嶝	U+5D9D	등	등	N	2015	46	N	12	15	15	unicode-total	土	土	path leading up a mountain	山		등:0N	고개 등, 비탈 등
嶠	U+5DA0	교	교	N	2015	46	N	12	15	15	unicode-total	土	土	high pointed mountain	山		교:0N	뾰족하게 높을 교, 산길험할 교
嶢	U+5DA2	요	요	N	2015	46	N	12	15	15	unicode-total	土	土	high or tall	山		요:0N	높을 요, 산이높은 요
嶧	U+5DA7	역	역	N	2015	46	N	13	16	16	unicode-total	土	土	a range of peaks in Shandong and Jiangsu; the name of a mountain	山		역:1N	연달아 있는 산 역
嶪	U+5DAA	업	업	N	2015	46	N	13	16	16	unicode-total	土	土		山		업:0N	산이 높고 웅장할 업, 산높은모양 업
嶫	U+5DAB	업	업	N	2015	46	N	13	16	16	unicode-total	土	土		山		업:1N	嶪과 同字
嶮	U+5DAE	험	험	N	2015	46	N	13	16	16	unicode-total	土	土	high, steep, precipitous	山		험:1N	산 가파를 험
嶰	U+5DB0	해	해	N	2015	46	N	13	16	16	unicode-total	土	土	gorge	山		해:1N	골짝 사이 해, 골 이름 해
嶷	U+5DB7	의	의	N	2015	46	N	14	17	17	unicode-total	金	土	a range of mountains in Hunan province	山		의:1N	산이름 의
嶸	U+5DB8	영	영	N	2015	46	N	14	17	17	unicode-total	金	土	high, steep; lofty, towering	山		영:0N	산 높을 영, 산이험한 영
嶺	U+5DBA	령	령,영	Y		46	N	14	17	17	unicode-total	金	土	mountain ridge, mountain peak	山	영	령:0E 영:0	재 령, 산고개 령 / 고개 령, 봉우리 령, 산고개 영
嶼	U+5DBC	서	서	N	2015	46	N	14	16	17	kangxi-sum	金	土	island; (Cant.) 大嶼山 daai6jyu4saan1 Lantau Island	山		서:0N	섬 서
嶽	U+5DBD	악	악	N	2015	46	N	14	17	17	unicode-total	金	土	mountain peak, summit	山		악:0N	높은 산 악, 큰산 악
嶾	U+5DBE	은	은	N	2015	46	N	14	17	17	unicode-total	金	土		山		은:N	
巉	U+5DC9	참	참	N	2015	46	N	17	20	20	unicode-total	水	土	steep, rugged, jagged, precipitous	山		참:1N	가파를 참
巋	U+5DCB	규	규	N	2015	46	N	17	21	21	total-gt-rs-check	木	土	grand, stately; secure, lasting	山		규:1N	
巍	U+5DCD	외	외	N	2015	46	N	18	20	21	kangxi-sum	木	土	high, lofty, majestic, eminent	山		외:0N	높을 외, 높고 튼 모양 외
巑	U+5DD1	찬	찬	N	2015	46	N	19	22	22	unicode-total	木	土		山		찬:1N	높이 솟을 찬
巒	U+5DD2	만	만	N	2015	46	N	19	22	22	unicode-total	木	土	mountain range; pointed mountain	山		만:0N	뫼 만, 산봉우리 만
巓	U+5DD3	전	전	N	2015	46	N	19	22	22	unicode-total	木	土	summit of mountain	山		전:1N	산 꼭대기 전
巖	U+5DD6	암	암	Y		46	N	20	23	23	unicode-total	火	土	cliff, precipice; cave, grotto	山		암:0E	바위 암, 험할 암
巚	U+5DDA	헌	헌	N	2015	46	N	20	23	23	unicode-total	火	土		山		헌:1N	봉우리 헌, 시루봉 헌
川	U+5DDD	천	천	Y		47	N	0	3	3	unicode-total	火	水	stream, river; flow; boil	巛		천:0E	내 천
州	U+5DDE	주	주	Y		47	N	3	6	6	unicode-total	土	水	administrative division, state	巛		주:0E	고을 주
巠	U+5DE0	경	경	N	2015	47	N	4	7	7	unicode-total	金	水	streams running underground; flowing water	巛		경:N	
巡	U+5DE1	순	순	Y		47	N	4	6	7	kangxi-sum|rs-by-kangxi-pos:47.4|multi-rs:162.3=10	金	水	patrol, go on circuit, cruise	巛		순:0E	돌 순, 순행할 순, 두루 순
巢	U+5DE2	소	소	N	2015	47	N	8	11	11	unicode-total	木	水	nest, living quarter in tree	巛		소:0N	새집 소, 집 지을 소, 새 보금자리 소, 적진 망보는 높을 수레 소, 도둑굴 소, 큰 피리 소, 채소이름 소
工	U+5DE5	공	공	Y		48	N	0	3	3	unicode-total	火		labor, work; worker, laborer	工		공:0E	장인 공
左	U+5DE6	좌	좌	Y		48	N	2	5	5	unicode-total	土		left; east; unorthodox, improper	工		좌:0E	왼 좌, 왼쪽 좌
巧	U+5DE7	교	교	Y		48	N	2	5	5	unicode-total	土		skillful, ingenious, clever	工		교:0E	공교할 교, 교묘할 교
巨	U+5DE8	거	거	Y		48	N	2	5	5	unicode-total	土		large, great, enormous; chief	工		거:0E	클 거, 많을 거, 억 거
巫	U+5DEB	무	무	N	2015	48	N	4	7	7	unicode-total	金		wizard, sorcerer, witch, shaman	工		무:0N	무당 무, 산 이름 무
差	U+5DEE	차	차	Y		48	N	7	10	10	unicode-total	水		to differ; different, wrong; nearly, almost; an officer	工		차:0E	어긋날 차, 어길 차
己	U+5DF1	기	기	Y		49	N	0	3	3	unicode-total	火		self, oneself; personal, private; 6th heavenly stem	己		기:0E	자기 기, 몸 기
已	U+5DF2	이	이	Y		49	N	0	3	3	unicode-total	火		already; finished; stop	己		이:0E	이미 이, 그칠 이, 버릴 이, 너무 이
巳	U+5DF3	사	사	Y		49	N	0	3	3	unicode-total	火		sixth earthly branch	己		사:0E	여섯째 지지 사, 뱀 사
巴	U+5DF4	파	파	N	2015	49	N	1	4	4	unicode-total	火		greatly desire, anxiously hope	己		파:0N	꼬리 파, 뱀 파, 땅이름 파
巷	U+5DF7	항	항	Y		49	N	6	9	9	unicode-total	水		alley, lane	己		항:0E	거리 항, 마을 항, 복도 항, 내시 항, 골목 항
巸	U+5DF8	이,희	이,희	N	2015	49	N	6	10	10	total-gt-rs-check	水			己		이:N 희:N	
巹	U+5DF9	근	근	N	2015	49	N	6	9	9	unicode-total	水			己		근:1N	받들 근
巽	U+5DFD	손	손	N	2015	49	N	9	12	12	unicode-total	木		south-east; mild, modest, obedient; trigram ☴; hexagram ䷸	己		손:0N	사양할 손, 낮은체 할 손, 부드러울 손, 괘 이름 손, 동과 남의 사이방향 손
巾	U+5DFE	건	건	N	2015	50	N	0	3	3	unicode-total	火		kerchief; towel; turban; Kangxi radical 50	巾		건:0N	수건 건, 덮을 건
市	U+5E02	시	시	Y		50	N	2	5	5	unicode-total	土		market, fair; city, town; trade	巾		시:0E	저자 시, 흥정할 시, 집 많은 동리 시
布	U+5E03	포	포	Y		50	N	2	5	5	unicode-total	土		cotton cloth, textiles, linen	巾		포:0E	베 포, 피륙 포, 벌릴 포, 돈 포, 베풀 포
帆	U+5E06	범	범	N	2015	50	N	3	6	6	unicode-total	土		sail; boat	巾		범:0N	돛 범
帉	U+5E09	분	분	N	2015	50	N	4	7	7	unicode-total	金			巾		분:1N	걸레 분, 행주 분
希	U+5E0C	희	희	Y		50	N	4	7	7	unicode-total	金		rare; hope, expect, strive for	巾		희:0E	바랄 희
帑	U+5E11	탕	탕	N	2015	50	N	5	8	8	unicode-total	金		a treasury; public funds	巾		탕:0N	나라 곳집 탕, 처자식 탕 / 처자식 노
帕	U+5E15	말	말	N	2015	50	N	5	8	8	unicode-total	金		turban, kerchief, veil; wrap	巾		말:1N	머리 동이수건 파
帖	U+5E16	첩	첩	N	2015	50	N	5	8	8	unicode-total	金		invitation card; notice	巾		첩:0N	표제 첩, 문서 첩
帙	U+5E19	질	질	N	2015	50	N	5	8	8	unicode-total	金		book cover; satchel or bag	巾		질:0N	책갑 질
帚	U+5E1A	추	추	N	2015	50	N	5	8	8	unicode-total	金		broom, broomstick	巾		추:1N	비 추, 털 추
帛	U+5E1B	백	백	N	2015	50	N	5	8	8	unicode-total	金		silks, fabrics; wealth, property	巾		백:0N	비단 백
帝	U+5E1D	제	제	Y		50	N	6	9	9	unicode-total	水		supreme ruler, emperor; god	巾		제:0E	임금 제
帠	U+5E20	예	예	N	2015	50	N	6	9	9	unicode-total	水			巾		예:N	
帥	U+5E25	솔,수	솔,수	Y	2015	50	N	6	9	9	unicode-total	水		commander, commander-in-chief	巾		솔:N 수:0E	주장할 수, 장수 수
帨	U+5E28	세	세	N	2015	50	N	7	10	10	unicode-total	水		handkerchief, kerchief, shawl	巾		세:1N	차는 수건 세, 손수건 세
師	U+5E2B	사	사	Y		50	N	7	10	10	unicode-total	水		teacher, master, specialist; multitude, troops; hexagram ䷆	巾		사:0E	스승 사
席	U+5E2D	석	석	Y		50	N	7	10	10	unicode-total	水		seat; mat; take seat; banquet	巾		석:0E	자리 석
帳	U+5E33	장	장	Y		50	N	8	11	11	unicode-total	木		tent; screen, mosquito net	巾		장:0E	휘장 장막 장
帶	U+5E36	대	대	Y		50	N	8	11	11	unicode-total	木		belt, girdle, band, strap, zone	巾		대:0E	띠 대
帷	U+5E37	유	유	N	2015	50	N	8	11	11	unicode-total	木		tent; curtain, screen	巾		유:1N	휘장 유
常	U+5E38	상	상	Y		50	N	8	11	11	unicode-total	木		common, normal, frequent, regular	巾		상:0E	항상 상
帽	U+5E3D	모	모	N	2015	50	N	9	12	12	unicode-total	木		hat, cap; cap-like tops	巾		모:0N	모자 모
帿	U+5E3F	후	후	N	2015	50	N	9	12	12	unicode-total	木		marquis, lord; target in archery	巾		후:0N	과녁 후
幀	U+5E40	정	정	N	2015	50	N	9	12	12	unicode-total	木		picture, scroll; one of pair of	巾		정:0N	그림족자 정
幃	U+5E43	위	위	N	2015	50	N	9	12	12	unicode-total	木		curtain that forms wall	巾		위:1N	향낭 위, 홑휘장 위
幄	U+5E44	악	악	N	2015	50	N	9	12	12	unicode-total	木		tent; mosquito net	巾		악:0N	장막 악
幅	U+5E45	폭	폭	Y		50	N	9	12	12	unicode-total	木		piece, strip, breadth of, hem	巾		폭:0E	폭 폭, 겉치레할 폭
幇	U+5E47	방	방	N	2015	50	N	9	12	12	unicode-total	木		help, assist; defend; shoe upper	巾		방:0N	幫과 同字, 도울 방
幌	U+5E4C	황	황	N	2015	50	N	10	13	13	unicode-total	火		curtain, cloth screen	巾		황:0N	휘장 황
幎	U+5E4E	멱	멱	N	2015	50	N	10	13	13	unicode-total	火		cover-cloth, cover with cloth	巾		멱:1N	덮을 멱
幔	U+5E54	만	만	N	2015	50	N	11	14	14	unicode-total	火		curtain, screen, tent	巾		만:1N	막 만
幕	U+5E55	막	막	Y		50	N	11	13	14	kangxi-sum	火		curtain, screen, tent	巾		막:0E	막 막, 장막 막
幘	U+5E58	책	책	N	2015	50	N	11	14	14	unicode-total	火		turban; conical cap	巾		책:1N	건 책
幞	U+5E5E	복	복	N	2015	50	N	12	15	15	unicode-total	土		turban	巾		복:1N	건 복
幟	U+5E5F	치	치	N	2015	50	N	12	15	15	unicode-total	土		flag, pennant; sign; fasten	巾		치:0N	깃대 치, 표기 치
幡	U+5E61	번	번	N	2015	50	N	12	15	15	unicode-total	土		pennant, banner, streamer, flag	巾		번:0N	기 번, 수건 번
幢	U+5E62	당	당	N	2015	50	N	12	15	15	unicode-total	土		carriage curtain; sun screen	巾		당:0N	기 당
幣	U+5E63	폐	폐	Y		50	N	12	14	15	kangxi-sum	土		currency, coins, legal tender	巾		폐:0E	폐백 폐, 예물 폐, 재물 폐, 돈 폐
幨	U+5E68	첨	첨	N	2015	50	N	13	16	16	unicode-total	土		curtain	巾		첨:1N	휘장 첨
幪	U+5E6A	몽	몽	N	2015	50	N	14	16	17	kangxi-sum	金		cover, shelter, screen; protect	巾		몽:1N	덮을 몽
幫	U+5E6B	방	방	N	2015	50	N	14	17	17	unicode-total	金		to help, assist; to defend; shoe upper	巾		방:1N	도울 방
幬	U+5E6C	주	주	N	2015	50	N	14	17	17	unicode-total	金		cover up; curtain	巾		주:1N	휘장 주
幰	U+5E70	헌	헌	N	2015	50	N	16	19	19	unicode-total	水		curtain at front of carriage	巾		헌:1N	수레 안장 헌, 휘장 헌
幱	U+5E71	란	란	N	2015	50	N	17	20	20	unicode-total	水		official dress	巾	난	란:1N	내리다지 란
干	U+5E72	간	간	Y		51	N	0	3	3	unicode-total	火		oppose, offend; invade; dried	干		간:0E	방패 간
平	U+5E73	평	평	Y		51	N	2	5	5	unicode-total	土		flat, level, even; peaceful	干		평:0E	평탄할 평, 바를 평, 고를 평, 다스릴 평, 쉬울 평, 풍년 평, 화친할 평, 재관관 평, 평평할 평
年	U+5E74	년	년,연	Y		51	N	3	6	6	unicode-total	土		year; new-years; person's age	干	연	년:0E 연:0	해 년 / 해 년, 나이 년, 나아갈 년
并	U+5E76	병	병	N	2015	51	N	5	6	8	kangxi-sum|kangxi-pos:51.3-4	金		combine, annex; also, what's more	干		병:N	
幷	U+5E77	병	병	N	2015	51	N	5	8	8	unicode-total	金		combine	干		병:0N	아우를
幸	U+5E78	행	행	Y		51	N	5	8	8	unicode-total	金		luck(ily), favor, fortunately	干		행:0E	다행할 행, 바랄 행
幹	U+5E79	간	간	Y		51	N	10	13	13	unicode-total	火		trunk of tree or of human body	干		간:0E	줄기 간, 우물난간 간
幺	U+5E7A	요	요	N	2015	52	N	0	3	3	unicode-total	火		one; tiny, small	幺		요:1N	작을 요, 어릴 요, 작다 요
幻	U+5E7B	환	환	N	2015	52	N	1	4	4	unicode-total	火		illusion, fantasy, mirage	幺		환:0N	변할 환, 허깨비 환
幼	U+5E7C	유	유	Y		52	N	2	5	5	unicode-total	土		infant, young child; immature	幺		유:0E	어릴 유, 사랑할 유
幽	U+5E7D	유	유	Y		52	N	6	9	9	unicode-total	水		quiet, secluded, tranquil; dark	幺		유:0E	숨을 유, 그윽할 유, 적을 유, 어두울 유, 귀신 유, 저승 유, 깊을 유
幾	U+5E7E	기	기	Y		52	N	9	12	12	unicode-total	木		how many? how much?; a few, some	幺		기:0E	기미 기, 몇 기
广	U+5E7F	엄	엄	N	2015	53	N	0	3	3	unicode-total	火		wide, extensive, broad; rad. 53	广		엄:1N	바윗집 엄
庀	U+5E80	비	비	N	2015	53	N	2	5	5	unicode-total	土		to prepare; to regulate to hand up	广		비:N	
広	U+5E83	광	광	N	2015	53	N	2	5	5	unicode-total	土		broad, wide, extensive	广		광:N	
庄	U+5E84	장	장	N	2015	53	N	3	6	6	unicode-total	土		village, hamlet; villa, manor	广		장:0N	장중할 장, 농막 장
庇	U+5E87	비	비	N	2015	53	N	4	7	7	unicode-total	金		cover, shield, shelter, protect	广		비:0N	덮을 비
床	U+5E8A	상	상	Y		53	N	4	7	7	unicode-total	金		bed, couch; framework, chassis	广		상:0E	牀의 俗字, 평상 상
庋	U+5E8B	기	기	N	2015	53	N	4	7	7	unicode-total	金		a cupboard or pantry to store	广		기:1N	시렁 기
序	U+5E8F	서	서	Y		53	N	4	7	7	unicode-total	金		series, serial order, sequence	广		서:0E	차례 서
底	U+5E95	저	저	Y		53	N	5	8	8	unicode-total	金		bottom, underneath, underside	广		저:0E	밑 저, 그칠 저
庖	U+5E96	포	포	N	2015	53	N	5	8	8	unicode-total	金		kitchen; cooking, cuisine	广		포:1N	푸줏간 포, 부엌 포
店	U+5E97	점	점	Y		53	N	5	8	8	unicode-total	金		shop, store; inn, hotel	广		점:0E	가게 점, 주막 점
庚	U+5E9A	경	경	Y		53	N	5	8	8	unicode-total	金		7th heavenly stem	广		경:0E	일곱째 천간 경
府	U+5E9C	부	부	Y		53	N	5	8	8	unicode-total	金		prefecture; prefect; government	广		부:0E	곳집 부, 마을 부
庠	U+5EA0	상	상	N	2015	53	N	6	9	9	unicode-total	水		village school; teach	广		상:0N	학교 상, 우나라태학 상
庥	U+5EA5	휴	휴	N	2015	53	N	6	9	9	unicode-total	水		shade; shelter, protection	广		휴:N	
度	U+5EA6	도,탁	도,탁	Y	2015	53	N	6	9	9	unicode-total	水		degree, system; manner; to consider	广		도:0E 탁:0N	법도 도 / 꾀할 탁, 헤아릴 탁, 벼슬이름 탁, 법도 탁
座	U+5EA7	좌	좌	Y		53	N	7	10	10	unicode-total	水		seat; stand, base	广		좌:0E	자리 좌
庨	U+5EA8	효	효	N	2015	53	N	7	10	10	unicode-total	水			广		효:N	
庫	U+5EAB	고	고	Y		53	N	7	10	10	unicode-total	水		armory, treasury, storehouse	广		고:0E	곳집 고
庭	U+5EAD	정	정	Y		53	N	7	10	10	unicode-total	水		courtyard; spacious hall or yard	广		정:0E	뜰 정, 곧을 정
庳	U+5EB3	비	비	N	2015	53	N	8	11	11	unicode-total	木		a low-built house	广		비:1N	
庵	U+5EB5	암	암	N	2015	53	N	8	11	11	unicode-total	木		Buddhist monastery or nunnery	广		암:0N	초막 암, 암자 암
庶	U+5EB6	서	서	Y		53	N	8	11	11	unicode-total	木		numerous, various; multitude	广		서:0E	여러 서, 뭇 서
康	U+5EB7	강	강	Y		53	N	8	11	11	unicode-total	木		peaceful, quiet; happy, healthy	广		강:0E	편안할 강, 즐거울 강, 다섯거리 강
庸	U+5EB8	용	용	Y		53	N	8	11	11	unicode-total	木		usual, common, ordinary, mediocre	广		용:0E	쓸 용, 떳떳할 용, 수고로울 용, 어리석을 용, 물도랑 용
庽	U+5EBD	우	우	N	2015	53	N	9	12	12	unicode-total	木		residence; lodge	广		우:1N	
庾	U+5EBE	유	유	N	2015	53	N	9	12	12	unicode-total	木		granary; storehouse	广		유:0N	노적 유, 곡식 셈하는 단위 휘 유
廁	U+5EC1	측	측	N	2015	53	N	9	12	12	unicode-total	木		toilet, lavatory; mingle with	广		측:1N	뒷간 치, 평상 가장자리 치, 섞일 치, 버금 치
廂	U+5EC2	상	상	N	2015	53	N	9	12	12	unicode-total	木		side-room, wing; theatre box	广		상:0N	행랑 상
廈	U+5EC8	하	하	N	2015	53	N	10	13	13	unicode-total	火		big building, mansion	广		하:0N	큰 집 하
廉	U+5EC9	렴	렴,염	Y		53	N	10	13	13	unicode-total	火		upright, honorable, honest	广	염	렴:0E 염:0	청렴할 렴 / 맑을 렴, 조촐할 렴, 청렴할 렴, 살필 렴
廊	U+5ECA	랑	낭,랑	Y		53	N	10	12	13	kangxi-sum|kangxi-pos-residual:9>10	火		corridor, porch, veranda	广	낭	낭:0 랑:0E	복도 랑 / 복도 낭
廋	U+5ECB	수	수	N	2015	53	N	10	13	13	unicode-total	火		conceal, hide; search for, seek	广		수:1N	숨길 수
廏	U+5ECF	구	구	N	2015	53	N	11	14	14	unicode-total	火		stable; barnyard	广		구:N	마구간
廐	U+5ED0	구	구	N	2015	53	N	11	12	14	kangxi-sum	火		stable; barnyard	广		구:0N	마구간 구
廑	U+5ED1	근	근	N	2015	53	N	11	14	14	unicode-total	火		a hut; careful	广		근:1N	작은집 근
廓	U+5ED3	곽,확	곽,확	N	2015	53	N	11	14	14	unicode-total	火		broad, wide, open, empty; to expand	广		곽:0N 확:0N	둘레 곽, 클 곽 / 둘레 확, 클 확
廕	U+5ED5	음	음	N	2015	53	N	11	13	14	kangxi-sum	火		shade; protect, shade, cover	广		음:1N	덮을 음
廖	U+5ED6	료	료	N	2015	53	N	11	14	14	unicode-total	火		surname; name of an ancient state	广	요	료:0N	공허할 료, 성 료
廙	U+5ED9	이	이	N	2015	53	N	12	14	15	kangxi-sum	土		respectful	广		이:N	
廚	U+5EDA	주	주	N	2015	53	N	12	15	15	unicode-total	土		kitchen; closet; cupboard	广		주:0N	부엌 주
廛	U+5EDB	전	전	N	2015	53	N	12	15	15	unicode-total	土		a store, shop; ground allotted to a retainer	广		전:0N	전방 전, 터전 전
廝	U+5EDD	시	시	N	2015	53	N	12	15	15	unicode-total	土		servant	广		시:1N	부릴 시, 천할 시, 마부 시
廞	U+5EDE	흠	흠	N	2015	53	N	12	15	15	unicode-total	土		to prepare horses and chariots for battle	广		흠:1N	진열할 흠
廟	U+5EDF	묘	묘	Y		53	N	12	15	15	unicode-total	土		temple, shrine; imperial court	广		묘:0E	사당 묘, 종묘 묘
廠	U+5EE0	창	창	N	2015	53	N	12	15	15	unicode-total	土		factory, plant, workshop, mill	广		창:0N	헛간 창
廡	U+5EE1	무	무	N	2015	53	N	12	15	15	unicode-total	土		corridor, hallway; luxuriant	广		무:1N	집 무, 처마 무, 지붕 무
廢	U+5EE2	폐	폐	Y		53	N	12	15	15	unicode-total	土		abrogate, terminate, discard	广		폐:0E	폐할 폐, 내칠 폐, 집 쏠릴 폐, 떨어질 폐
廣	U+5EE3	광	광	Y		53	N	12	15	15	unicode-total	土		broad, wide, extensive	广		광:0E	넓을 광
廥	U+5EE5	괴	괴	N	2015	53	N	13	16	16	unicode-total	土			广		괴:1N	여물광 괴
廧	U+5EE7	장	장	N	2015	53	N	13	16	16	unicode-total	土		wall	广		장:1N	담 장
廨	U+5EE8	해	해	N	2015	53	N	13	16	16	unicode-total	土		government office, public office	广		해:1N	관청 해, 공해 해
廩	U+5EE9	름	름	N	2015	53	N	13	16	16	unicode-total	土		granary; stockpile, store	广	늠	름:1N	곳집 름
廬	U+5EEC	려	려,여	N	2015	53	N	16	19	19	unicode-total	水		hut, cottage; name of a mountain	广	여	려:0N 여:0	오두막집 려, 원두막 려 / 초가 려, 움막 려, 원두막 여
廱	U+5EF1	옹	옹	N	2015	53	N	18	21	21	unicode-total	木		harmonious; pool; hall	广		옹:1N	벽옹 옹
廳	U+5EF3	청	청	Y		53	N	22	25	25	unicode-total	土		hall, central room	广		청:0E	관청 청
延	U+5EF6	연	연	Y		54	N	4	8	7	override	金		delay, postpone, defer	廴		연:0E	미칠 연, 닿을 연
廷	U+5EF7	정	정	Y		54	N	4	7	7	unicode-total|kangxi-pos:54.5-6	金		court	廴		정:0E	조정 정, 바를 정, 곧을 정
建	U+5EFA	건	건	Y		54	N	6	9	9	unicode-total	水		build, establish, erect, found	廴		건:0E	세울 건, 둘 건, 심을 건, 칼집 건, 별이름 건
廻	U+5EFB	회	회	N	2015	54	N	6	9	9	unicode-total	水		circle around; return; curving	廴		회:0N	돌 회, 돌아올 회
廿	U+5EFF	입	입	N	2015	55	N	1	4	4	unicode-total	火		twenty, twentieth	廾		입:1N	스물 입
弁	U+5F01	변	변	N	2015	55	N	2	5	5	unicode-total	土		conical cap worn during Zhou dynasty	廾		변:0N	고깔 변
弃	U+5F03	기	기	N	2015	55	N	4	7	7	unicode-total	金		reject, abandon, discard	廾		기:1N	棄의 古字
弄	U+5F04	롱	농,롱	Y		55	N	4	7	7	unicode-total	金		do, play or fiddle with; alley	廾	농	농:0 롱:0E	희롱할 롱 / 희롱할 농
弇	U+5F07	감	감	N	2015	55	N	6	9	9	unicode-total	水		cover over, hide; narrow-necked	廾		감:1N	뚜껑 감, 사람이름 감
弈	U+5F08	혁	혁	N	2015	55	N	6	9	9	unicode-total	水		Chinese chess	廾		혁:1N	바둑둘 혁
弊	U+5F0A	폐	폐	Y		55	N	12	14	15	kangxi-sum	土		evil, wrong, bad; criminal	廾		폐:0E	해질 폐, 폐단 폐, 곤할 폐, 곰곰 궁리할 폐, 결단할 폐, 엎드릴 폐
弋	U+5F0B	익	익	N	2015	56	N	0	3	3	unicode-total	火		catch, arrest; shoot with bow	弋		익:1N	주살 익, 취할 익, 홰 익, 검을 익, 벼슬이름 익, 오랑캐 익
式	U+5F0F	식	식	Y		56	N	3	6	6	unicode-total	土		style, system, formula, rule	弋		식:0E	법 식, 쓸 식, 제도 식, 수레 앞 가로막대 식
弒	U+5F12	시	시	N	2015	56	N	10	13	13	unicode-total	火		to kill one's superior	弋		시:N	
弓	U+5F13	궁	궁	Y		57	N	0	3	3	unicode-total	火		bow; curved, arched; Kangxi radical 57	弓		궁:0E	활 궁
弔	U+5F14	조	조	Y		57	N	1	4	4	unicode-total	火		condole, mourn, pity; hang	弓		조:0E	위문할 조, 조상할 조
引	U+5F15	인	인	Y		57	N	1	4	4	unicode-total	火		to pull, draw out, attract; to stretch	弓		인:0E	끌 인, 이끌 인
弗	U+5F17	불	불	N	2015	57	N	2	5	5	unicode-total	土		not, negative; dollar	弓		불:0N	아닐 불, 말 불
弘	U+5F18	홍	홍	Y		57	N	2	5	5	unicode-total	土		enlarge, expand; liberal, great	弓		홍:0E	넓을 홍, 클 홍
弛	U+5F1B	이	이	N	2015	57	N	3	6	6	unicode-total	土		loosen, relax, unstring a bow	弓		이:0N	늦출 이, 활 부릴 이, 방탕할 이, 해이할 이
弟	U+5F1F	제	제	Y		57	N	4	7	7	unicode-total	金		young brother; junior; I, me	弓		제:0E	아우 제
弢	U+5F22	도	도	N	2015	57	N	5	8	8	unicode-total	金		bow case; scabbard; sheathe	弓		도:1N	활집 도
弥	U+5F25	미	미	N	2015	57	N	5	8	8	unicode-total	金		extensive, full; fill; complete	弓		미:1N	彌와 同字
弦	U+5F26	현	현	N	2015	57	N	5	8	8	unicode-total	金		string; hypotenuse, crescent	弓		현:0N	시위 현, 반달 현, 맥박 잦을 현, 땅이름 현, 활시위 현
弧	U+5F27	호	호	N	2015	57	N	5	8	8	unicode-total	金		wooden bow; arc, crescent	弓		호:0N	활 호, 나무활 호
弩	U+5F29	노	노	N	2015	57	N	5	8	8	unicode-total	金		cross-bow, bow; downward stroke	弓		노:0N	쇠뇌(여러 개의 화살이나 돌을 잇따라 쏘게 된 큰 활) 노
弭	U+5F2D	미	미	N	2015	57	N	6	9	9	unicode-total	水		stop, desist, end, quell	弓		미:1N	활고자 미, 그칠 미
弱	U+5F31	약	약	Y		57	N	7	10	10	unicode-total	水		weak; fragile, delicate	弓		약:0E	약할 약, 어릴 약
弴	U+5F34	돈	돈	N	2015	57	N	8	11	11	unicode-total	木		red lacquer bow	弓		돈:1N	그림 그린 활 돈
張	U+5F35	장	장	Y		57	N	8	11	11	unicode-total	木		stretch, extend, expand; sheet; 26th lunar mansion, determinative star υ¹ Hydrae	弓		장:0E	베풀 장
強	U+5F37	강	강	Y		57	N	8	11	11	unicode-total	木		strong, powerful, energetic	弓		강:E	강할
强	U+5F3A	강	강	N	2015	57	N	9	12	12	unicode-total	木		strong, powerful, energetic	弓		강:0N	강할 강, 나머지 강, 바구미 강
弼	U+5F3C	필	필	N	2015	57	N	9	12	12	unicode-total	木		aid, assist, help; correct	弓		필:0N	도울 필, 도지개 필, 거듭 필
彀	U+5F40	구	구	N	2015	57	N	10	13	13	unicode-total	火		enough, adequate fully, quite	弓		구:1N	활 잔뜩 당길 구
彆	U+5F46	별	별	N	2015	57	N	12	14	15	kangxi-sum	土		awkward	弓		별:1N	활 뒤틀릴 별
彈	U+5F48	탄	탄	Y		57	N	12	15	15	unicode-total	土		pellet, bullet, shot, shell	弓		탄:0E	쏠 탄, 악기부릴 탄, 탄알 탄, 탄핵할 탄, 퉁길 탄
彊	U+5F4A	강	강	N	2015	57	N	13	16	16	unicode-total	土		stubborn, uncompromising	弓		강:0N	굳셀 강, 센 활 강, 사나울 강, 송장 뻣뻣할 강, 꿋꿋할 강
彌	U+5F4C	미	미	N	2015	57	N	14	17	17	unicode-total	金		extensive, full; fill; complete	弓		미:0N	두루 미, 널리 미, 그칠 미
彎	U+5F4E	만	만	N	2015	57	N	19	22	22	unicode-total	木		bend, curve	弓		만:0N	굽을 만, 활당길 만
彔	U+5F54	록	록	N	2015	58	N	5	8	8	unicode-total	金		to carve wood	彐	녹	록:1N	나무 깍을 록
彖	U+5F56	단	단	N	2015	58	N	6	9	9	unicode-total	水		a hog; a hedgehog; a porcupine	彐		단:0N	결단할 단, 결단내릴 단
彗	U+5F57	세,혜	세,혜	N	2015	58	N	8	11	11	unicode-total	木		broomstick; comet	彐		세:N 혜:0N	비 혜, 꼬리별 혜
彘	U+5F58	체	체	N	2015	58	N	9	12	12	unicode-total	木		swine	彐		체:1N	돼지 체
彙	U+5F59	휘	휘	N	2015	58	N	10	13	13	unicode-total	火		collect, compile, assemble; hedgehog	彐		휘:0N	무리 휘, 모을 휘
彛	U+5F5B	이	이	N	2015	58	N	13	16	16	unicode-total	土		Yi (nationality); tripod, wine vessel; rule	彐		이:0N	彝의 俗字, 떳떳할 이
彝	U+5F5D	이	이	N	2015	58	N	15	18	18	unicode-total	金		Yi (nationality); tripod, wine vessel; rule	彐		이:1N	떳떳할 이, 법 이, 종묘 제기 이, 술통 이
形	U+5F62	형	형	Y		59	N	4	7	7	unicode-total	金		form, shape, appearance	彡		형:0E	모양 형, 몸 형, 형상 형
彤	U+5F64	동	동	N	2015	59	N	4	7	7	unicode-total	金		red, vermilion	彡		동:1N	붉은 칠 동
彥	U+5F65	언	언	N	2015	59	N	6	9	9	unicode-total	水		elegant, handsome; learned	彡		언:N	
彦	U+5F66	언	언	N	2015	59	N	6	9	9	unicode-total	水		elegant	彡		언:0N	彥과 同字, 선비 언
彧	U+5F67	욱	욱	N	2015	59	N	7	10	10	unicode-total	水		refined, cultured, polished	彡		욱:0N	빛날 욱, 문채날 욱, 무성할 욱
彩	U+5F69	채	채	Y		59	N	8	11	11	unicode-total	木		hue, color; variegated colors	彡		채:0E	무늬 채, 채색 채
彪	U+5F6A	표	표	N	2015	59	N	8	11	11	unicode-total|rs-by-kangxi-pos:59.8	木		tiger; tiger stripes; tiger-like	彡		표:0N	칡범 표, 문채 표, 작은 범 표
彫	U+5F6B	조	조	N	2015	59	N	8	11	11	unicode-total	木		carve, decorate; emaciated	彡		조:0N	새길 조
彬	U+5F6C	빈	빈	N	2015	59	N	8	11	11	unicode-total	木		cultivated, well-bred	彡		빈:0N	빛날 빈
彭	U+5F6D	팽	팽	N	2015	59	N	9	12	12	unicode-total	木		name of ancient country; surname	彡		팽:0N	성씨 팽, 땅이름 팽, 방패 팽, 총소리 팽, 북소리 팽
彰	U+5F70	창	창	N	2015	59	N	11	14	14	unicode-total	火		clear, manifest, obvious	彡		창:0N	밝을 창
影	U+5F71	영	영	Y		59	N	12	15	15	unicode-total	土		shadow; image, reflection; photograph	彡		영:0E	그림자 영, 형상 영
彷	U+5F77	방	방	N	2015	60	N	4	7	7	unicode-total	金		like, resembling; resemble	彳		방:0N	거닐 방, 방황할 방
役	U+5F79	역	역	Y		60	N	4	7	7	unicode-total	金		service; a servant, laborer; to serve	彳		역:0E	부릴 역, 국경 지킬 역
彼	U+5F7C	피	피	Y		60	N	5	8	8	unicode-total	金		that, there, those	彳		피:0E	저 피
彿	U+5F7F	불	불	N	2015	60	N	5	8	8	unicode-total	金		resembling, like, as if	彳		불:0N	비슷할 불
往	U+5F80	왕	왕	Y		60	N	5	8	8	unicode-total	金		go, depart; past, formerly	彳		왕:0E	갈 왕, 옛 왕, 이따금 왕
征	U+5F81	정	정	Y		60	N	5	8	8	unicode-total	金		invade, attack, conquer	彳		정:0E	칠 정, 갈 정
徂	U+5F82	조	조	N	2015	60	N	5	8	8	unicode-total	金		go, advance; to; die	彳		조:1N	갈 조
待	U+5F85	대	대	Y		60	N	6	9	9	unicode-total	水		treat, entertain, receive; wait	彳		대:0E	기다릴 대
徇	U+5F87	순	순	N	2015	60	N	6	9	9	unicode-total	水		comply with, follow; display	彳		순:0N	조리 돌릴 순, 따라 죽을 순, 빠를 순, 부릴 순
很	U+5F88	흔	흔	N	2015	60	N	6	9	9	unicode-total	水		very, quite, much	彳		흔:1N	패려궂을 흔
徉	U+5F89	양	양	N	2015	60	N	6	9	9	unicode-total	水		wonder, rove, stray; hesitating	彳		양:1N	배회할 양
徊	U+5F8A	회	회	N	2015	60	N	6	9	9	unicode-total	水		linger, walk to and fro, hesitate	彳		회:0N	노닐 회, 배회할 회
律	U+5F8B	률	률,율	Y		60	N	6	9	9	unicode-total	水		statute, principle, regulation	彳	율	률:0E 율:0	법 률 / 법 률, 풍률 률, 지을 률, 저울질할 률
後	U+5F8C	후	후	Y		60	N	6	9	9	unicode-total	水		behind, rear, after; descendents	彳		후:0E	뒤 후
徐	U+5F90	서	서	Y		60	N	7	10	10	unicode-total	水		slowly, quietly, calmly; composed, dignified	彳		서:0E	천천할 서
徑	U+5F91	경	경	Y		60	N	7	10	10	unicode-total	水		narrow path; diameter; direct	彳		경:0E	지름길 경
徒	U+5F92	도	도	Y		60	N	7	10	10	unicode-total	水		disciple, follower; go on foot	彳		도:0E	무리 도
得	U+5F97	득	득	Y		60	N	8	11	11	unicode-total	木		obtain, get, gain, acquire	彳		득:0E	얻을 득
徘	U+5F98	배	배	N	2015	60	N	8	11	11	unicode-total	木		walk back and forth, hesitate	彳		배:0N	노닐 배, 배회할 배
徙	U+5F99	사	사	N	2015	60	N	8	11	11	unicode-total	木		move one's abode, shift, migrate	彳		사:0N	옮길 사
徜	U+5F9C	상	상	N	2015	60	N	8	11	11	unicode-total	木		walking and fro; lingering	彳		상:1N	노닐 상
從	U+5F9E	종	종	Y		60	N	8	11	11	unicode-total	木		from, by, since, whence, through	彳		종:0E	좇을 종
徠	U+5FA0	래	래	N	2015	60	N	8	11	11	unicode-total	木		induce, encourage to come	彳	내	래:0N	올 래
御	U+5FA1	어	어	Y		60	N	8	12	11	override	木		drive, ride; chariot; manage	彳		어:0E	거느릴 어, 모실 어
徣	U+5FA3	차	차	N	2015	60	N	8	11	11	unicode-total	木			彳		차:1N	빌릴 차
徧	U+5FA7	편	편	N	2015	60	N	9	12	12	unicode-total	木		everywhere, all over, all around	彳		편:1N	
徨	U+5FA8	황	황	N	2015	60	N	9	12	12	unicode-total	木		doubtful, irresolute, vacillating	彳		황:0N	노닐 황, 방황할 황
復	U+5FA9	복,부	복,부	Y	2015	60	N	9	12	12	unicode-total	木		return; repeat; repeatedly; hexagram ䷗	彳		복:0E 부:0N	돌아올 복 / 다시 부, 돌아올 부
循	U+5FAA	순	순	Y		60	N	9	12	12	unicode-total	木		obey, comply with, follow	彳		순:0E	좇을 순, 의지할 순, 돌 순, 차례 순, 돌아다닐 순
徬	U+5FAC	방	방	N	2015	60	N	10	13	13	unicode-total	火		to wander about, walk along side of; to be next to	彳		방:1N	시중들 방
徭	U+5FAD	요	요	N	2015	60	N	10	13	13	unicode-total	火		conscript labor, compulsory labor	彳		요:1N	부릴 요
微	U+5FAE	미	미	Y		60	N	10	13	13	unicode-total	火		small, prefix micro-, trifling	彳		미:0E	작을 미, 자질구레할 미, 가늘 미
徯	U+5FAF	혜	혜	N	2015	60	N	10	13	13	unicode-total	火		wait for, await, expect, hope	彳		혜:1N	기다릴 혜, 사잇길 혜
徳	U+5FB3	덕	덕	N	2015	60	N	11	14	14	unicode-total	火		virtue; ethics	彳		덕:N	
徵	U+5FB5	징	징	Y		60	N	12	15	15	unicode-total	土		summon, recruit; musical note	彳		징:0E	부를 징 / 치성 치
德	U+5FB7	덕	덕	Y		60	N	12	15	15	unicode-total	土		ethics, morality, virtue	彳		덕:0E	큰 덕
徹	U+5FB9	철	철	Y		60	N	12	15	15	unicode-total	土		penetrate, pervade; penetrating	彳		철:0E	통할 철, 관철할 철
徼	U+5FBC	요	요	N	2015	60	N	13	16	16	unicode-total	土		frontier, border; inspect, patrol	彳		요:1N	돌아다닐 요, 순라 요, 변방 요, 구할 요
徽	U+5FBD	휘	휘	N	2015	60	N	14	17	17	unicode-total	金		a badge, insignia	彳		휘:0N	아름다울 휘
心	U+5FC3	심	심	Y		61	N	0	4	4	unicode-total	火	火	heart; mind, intelligence; soul; 5th lunar mansion, determinative star α Scorpii (Antares)	心		심:0E	마음 심
必	U+5FC5	필	필	Y		61	N	1	5	5	unicode-total	土	火	surely, most certainly; must	心		필:0E	반드시 필, 오로지 필, 살필 필, 기약 필
忈	U+5FC8	인	인	N	2015	61	N	2	6	6	unicode-total	土	火		心		인:N	
忉	U+5FC9	도	도	N	2015	61	N	2	5	6	radical-full	土	火	grieved; distressed in mind	心		도:1N	근심할 도
忌	U+5FCC	기	기	Y		61	N	3	7	7	unicode-total	金	火	jealous, envious; fear	心		기:0E	꺼릴 기
忍	U+5FCD	인	인	Y		61	N	3	7	7	unicode-total	金	火	endure, bear, suffer; forbear	心		인:0E	참을 인
忎	U+5FCE	인	인	N	2015	61	N	3	7	7	unicode-total	金	火		心		인:N	
忐	U+5FD0	탐	탐	N	2015	61	N	3	7	7	unicode-total	金	火	timorous; nervous	心		탐:1N	
忒	U+5FD2	특	특	N	2015	61	N	3	7	7	unicode-total	金	火	excessive; too; very-usually of objectionable things; to err; to mistake; changeable	心		특:1N	변할 특, 의심할 특, 어기어질 특
忓	U+5FD3	간,한	간,한	N	2015	61	N	3	6	7	radical-full	金	火	concerned about	心		간:N 한:N	
忕	U+5FD5	세	세	N	2015	61	N	3	6	7	radical-full	金	火		心		세:N	
忖	U+5FD6	촌	촌	N	2015	61	N	3	6	7	radical-full	金	火	guess, suppose, conjecture	心		촌:0N	헤아릴 촌, 짐작할 촌
志	U+5FD7	지	지	Y		61	N	3	7	7	unicode-total	金	火	purpose, will, determination; annals	心		지:0E	뜻 지
忘	U+5FD8	망	망	Y		61	N	3	7	7	unicode-total	金	火	forget; neglect; miss, omit	心		망:0E	잊을 망
忙	U+5FD9	망	망	Y		61	N	3	6	7	radical-full	金	火	busy, pressed for time; hustling	心		망:0E	바쁠 망
忝	U+5FDD	첨	첨	N	2015	61	N	4	8	8	unicode-total	金	火	disgraced; ashamed; self-deprecating	心		첨:1N	더럽힐 첨
忞	U+5FDE	민	민	N	2015	61	N	4	8	8	unicode-total	金	火		心		민:1N	강인할 민
忟	U+5FDF	민	민	N	2015	61	N	4	7	8	radical-full	金	火	(Cant.) impatient, restless	心		민:1N	강인할 민
忠	U+5FE0	충	충	Y		61	N	4	8	8	unicode-total	金	火	loyalty, devotion, fidelity	心		충:0E	충성 충, 곧을 충
忡	U+5FE1	충	충	N	2015	61	N	4	7	8	radical-full	金	火	a sad, uneasy countenance	心		충:1N	근심할 충
忤	U+5FE4	오	오	N	2015	61	N	4	7	8	radical-full	金	火	insubordinate, stubborn; wrong	心		오:1N	거스릴 오, 미워할 오
忨	U+5FE8	완	완	N	2015	61	N	4	7	8	radical-full	金	火		心		완:1N	탐할 완, 사랑할 완
快	U+5FEB	쾌	쾌	Y		61	N	4	7	8	radical-full	金	火	rapid, quick, speedy, fast; soon	心		쾌:0E	기분이 좋을 쾌, 시원할 쾌, 빠를 쾌, 쾌할 쾌
忭	U+5FED	변	변	N	2015	61	N	4	7	8	radical-full	金	火	delighted; pleased	心		변:1N	기뻐할 변
忮	U+5FEE	기	기	N	2015	61	N	4	7	8	radical-full	金	火	stubborn; perverse; aggressive	心		기:1N	해칠 기
忯	U+5FEF	기,지	기,지	N	2015	61	N	4	7	8	radical-full	金	火		心		기:N 지:N	
忱	U+5FF1	침	침	N	2015	61	N	4	7	8	radical-full	金	火	truth, sincerity; sincere	心		침:1N	믿을 침, 정성 침
念	U+5FF5	념	념,염	Y		61	N	4	8	8	unicode-total	金	火	think of, recall, study	心	염	념:0E 염:0	생각 념 / 생각할 념, 읽을 념, 스물 념, 대단히 짧은시각 념
忸	U+5FF8	뉴	뉴	N	2015	61	N	4	7	8	radical-full	金	火	blush, be bashful, be ashamed	心	유	뉴:1N	익을 뉴
忻	U+5FFB	흔	흔	N	2015	61	N	4	7	8	radical-full	金	火	delightful, joyful, pleasant	心		흔:1N	기뻐할 흔
忼	U+5FFC	강	강	N	2015	61	N	4	7	8	radical-full	金	火	ardent; generous, magnanimous	心		강:1N	강개할 강, 뜻이 크고 기개있을 강, 탄식할 강
忽	U+5FFD	홀	홀	Y		61	N	4	8	8	unicode-total	金	火	suddenly, abruptly; neglect	心		홀:0E	소흘히 할 홀, 홀연 홀
忿	U+5FFF	분	분	N	2015	61	N	4	8	8	unicode-total	金	火	get angry; fury, exasperation	心		분:0N	성낼 분, 분할 분
怊	U+600A	초	초	N	2015	61	N	5	8	9	radical-full	水	火	sad, disappointed	心		초:1N	슬퍼할 초
怍	U+600D	작	작	N	2015	61	N	5	8	9	radical-full	水	火	to be ashamed	心		작:1N	부끄러울 작
怏	U+600F	앙	앙	N	2015	61	N	5	8	9	radical-full	水	火	discontented, dispirited, sad	心		앙:0N	원망할 앙
怒	U+6012	노	노,로	Y		61	N	5	9	9	unicode-total	水	火	anger, rage, passion; angry	心		노:0E 로:0	성낼 노 / 성냉 로, 성낼 로
怔	U+6014	정	정	N	2015	61	N	5	8	9	radical-full	水	火	a disease resembling neurosis	心		정:1N	황겁할 정, 가슴 두근두근할 정
怕	U+6015	파	파	N	2015	61	N	5	8	9	radical-full	水	火	to fear, be afraid of; apprehensive	心		파:1N	두려울 파
怖	U+6016	포	포	N	2015	61	N	5	8	9	radical-full	水	火	terror, fear; frighten; terrified	心		포:0N	두려울 포, 놀래킬 포
怗	U+6017	첩	첩	N	2015	61	N	5	8	9	radical-full	水	火	observant; peaceful; submissive	心		첩:1N	고요할 첩
怙	U+6019	호	호	N	2015	61	N	5	8	9	radical-full	水	火	rely on, presume on; persist in	心		호:1N	믿을 호
怛	U+601B	달	달	N	2015	61	N	5	8	9	radical-full	水	火	grieved, saddened; worried	心		달:1N	깜짝 놀랄 달
怜	U+601C	령	령,영	N	2015	61	N	5	8	9	radical-full	水	火	pity, sympathize	心	영	령:0N 영:0	영리할 령 / 연리할 련
思	U+601D	사	사	Y		61	N	5	9	9	unicode-total	水	火	think, consider, ponder; final particle	心		사:0E	생각할 사
怠	U+6020	태	태	Y		61	N	5	9	9	unicode-total	水	火	idle, remiss, negligent; neglect	心		태:0E	게으를 태, 느릴 태, 거만할 태
怡	U+6021	이	이	N	2015	61	N	5	8	9	radical-full	水	火	harmony; pleasure, joy; be glad	心		이:0N	기쁠 이, 즐거울 이, 화할 이
急	U+6025	급	급	Y		61	N	5	9	9	unicode-total	水	火	quick, quickly; urgent, pressing	心		급:0E	급할 급
怦	U+6026	평	평	N	2015	61	N	5	8	9	radical-full	水	火	eager, ardent, impulsive; anxious	心		평:1N	맘 급할 평, 칼칼할 평
性	U+6027	성	성	Y		61	N	5	8	9	radical-full	水	火	nature, character, sex	心		성:0E	성품 성, 마음 성, 바탕 성, 색욕 성
怨	U+6028	원	원	Y		61	N	5	9	9	unicode-total	水	火	hatred, enmity, resentment	心		원:0E	원망할 원, 원수 원, 분낼 원
怩	U+6029	니	니	N	2015	61	N	5	8	9	radical-full	水	火	shy, timid, bashful; look ashamed	心	이	니:1N	부끄러워할 니
怪	U+602A	괴	괴	Y		61	N	5	8	9	radical-full	水	火	strange, unusual, peculiar	心		괴:0E	기이할 괴
怯	U+602F	겁	겁	N	2015	61	N	5	8	9	radical-full	水	火	lacking in courage, afraid	心		겁:0N	무서워할 겁, 겁낼 겁, 으를 겁
怰	U+6030	현	현	N	2015	61	N	5	8	9	radical-full	水	火		心		현:N	
怳	U+6033	황	황	N	2015	61	N	5	8	9	radical-full	水	火	wild, mad; flurried	心		황:1N	멍할 황
恁	U+6041	임	임	N	2015	61	N	6	10	10	unicode-total	水	火	that, like this, thus, so, such	心		임:0N	생각할 임, 믿을 임
恂	U+6042	순	순	N	2015	61	N	6	9	10	radical-full	水	火	careful, sincere, honest; trust	心		순:0N	진실할 순, 믿을 순, 온공스러울 순
恃	U+6043	시	시	N	2015	61	N	6	9	10	radical-full	水	火	rely on, presume on, trust to	心		시:0N	믿을 시, 의지할 시, 어머니 시
恆	U+6046	항	항	N	2015	61	N	6	9	10	radical-full	水	火	constant, regular, persistent; hexagram ䷟	心		항:1N	恒의 本字
恇	U+6047	광	광	N	2015	61	N	6	9	10	radical-full	水	火	fear	心		광:1N	겁낼 광
恈	U+6048	모	모	N	2015	61	N	6	9	10	radical-full	水	火		心		모:1N	탐할 모
恊	U+604A	협	협	N	2015	61	N	6	9	10	radical-full	水	火	be united; cooperate	心		협:1N	겁낼 협, 위협할 협
恍	U+604D	황	황	N	2015	61	N	6	9	10	radical-full	水	火	seemingly; absent-minded	心		황:0N	황홀할 황
恐	U+6050	공	공	Y		61	N	6	10	10	unicode-total	水	火	fear; fearful, apprehensive	心		공:0E	두려울 공
恒	U+6052	항	항	Y		61	N	6	9	10	radical-full	水	火	constant, regular, persistent	心		항:0E	늘 항, 옛 항, 항상 항
恔	U+6054	효	효	N	2018	61	N	6	9	10	radical-full	水	火	cheerful; bright, sagacious	心		효:N	
恕	U+6055	서	서	Y		61	N	6	10	10	unicode-total	水	火	forgive, excuse, show mercy	心		서:0E	용서할 서
恙	U+6059	양	양	N	2015	61	N	6	10	10	unicode-total	水	火	illness, sickness; indisposition	心		양:0N	근심 양
恚	U+605A	에	에	N	2015	61	N	6	10	10	unicode-total	水	火	anger, rage	心		에:1N	성낼 에, 원망할 에
恝	U+605D	괄	괄	N	2015	61	N	6	10	10	unicode-total	水	火	carefree; indifferent manner; without sorrow	心		괄:0N	걱정 없을 괄, 깜짝 괄 / 걱정 없을 개
恟	U+605F	흉	흉	N	2015	61	N	6	9	10	radical-full	水	火	scared, nervous	心		흉:1N	두려워할 흉
恢	U+6062	회	회	N	2015	61	N	6	9	10	radical-full	水	火	restore; big, great, immense, vast	心		회:0N	넓을 회, 클 회
恣	U+6063	자	자	Y		61	N	6	10	10	unicode-total	水	火	indulge oneself, unrestrained	心		자:0E	방자할 자
恤	U+6064	휼	휼	N	2015	61	N	6	9	10	radical-full	水	火	show pity; relieve, help	心		휼:0N	구휼할 휼, 근심할 휼
恥	U+6065	치	치	Y		61	N	6	10	10	unicode-total	水	火	shame, humiliation; ashamed	心		치:0E	부끄럼 치, 욕될 치, 부끄러울 치
恨	U+6068	한	한	Y		61	N	6	9	10	radical-full	水	火	hatred, dislike; resent, hate	心		한:0E	한탄할 한, 한될 한
恩	U+6069	은	은	Y		61	N	6	10	10	unicode-total	水	火	kindness, mercy, charity	心		은:0E	은혜 은, 신세 은, 사랑할 은
恪	U+606A	각	각	N	2015	61	N	6	9	10	radical-full	水	火	respectful, reverent	心		각:0N	삼갈 각, 공경할 각
恫	U+606B	통	통	N	2015	61	N	6	9	10	radical-full	水	火	in pain, sorrowful	心		통:1N	슬플 통, 아플 통, 앓을 통
恬	U+606C	념	념	N	2015	61	N	6	9	10	radical-full	水	火	quiet, calm, tranquil, peaceful	心	염	념:0N	편안할 념
恭	U+606D	공	공	Y		61	N	6	10	10	unicode-total	水	火	respectful, polite, reverent	心		공:0E	공손할 공, 공순할 공
息	U+606F	식	식	Y		61	N	6	10	10	unicode-total	水	火	rest, put stop to, end, cease	心		식:0E	숨쉴 식, 그칠 식, 자식 식, 기를 식
恰	U+6070	흡	흡	N	2015	61	N	6	9	10	radical-full	水	火	just, exactly, precisely; proper	心		흡:0N	마치 흡, 흡족할 흡
恵	U+6075	혜	혜	N	2015	61	N	6	10	10	unicode-total	水	火	favor, benefit, confer kindness	心		혜:N	
悁	U+6081	연	연	N	2015	61	N	7	10	11	radical-full	木	火	irritable, nervous, impatient	心		연:1N	분할 연, 근심할 연
悃	U+6083	곤	곤	N	2015	61	N	7	10	11	radical-full	木	火	sincere, genuine, honest, loyal	心		곤:1N	정성 곤
悄	U+6084	초	초	N	2015	61	N	7	10	11	radical-full	木	火	silent, quiet, still; anxious	心		초:1N	근심할 초
悅	U+6085	열	열	Y		61	N	7	10	11	radical-full	木	火	pleased	心		열:0E	즐거울 열, 복종할 열, 성씨 열, 기뻐할 열
悆	U+6086	서,여	서,여	N	2015	61	N	7	11	11	unicode-total	木	火	happy	心		서:N 여:N	
悉	U+6089	실	실	N	2015	61	N	7	11	11	unicode-total	木	火	know, learn about, comprehend	心		실:0N	모두 실, 알 실
悊	U+608A	철	철	N	2015	61	N	7	11	11	unicode-total	木	火	wise. to know intuitively	心		철:N	
悋	U+608B	린	린	N	2015	61	N	7	10	11	radical-full	木	火	stingy, sparing of; closefisted	心	인	린:1N	아낄 린
悌	U+608C	제	제	N	2015	61	N	7	10	11	radical-full	木	火	brotherly, respectful	心		제:0N	공경할 제
悍	U+608D	한	한	N	2015	61	N	7	10	11	radical-full	木	火	courageous, brave; violent	心		한:0N	사나울 한, 모질 한
悏	U+608F	협	협	N	2015	61	N	7	10	11	radical-full	木	火		心		협:1N	
悒	U+6092	읍	읍	N	2015	61	N	7	10	11	radical-full	木	火	sorrowful, depressed, unhappy	心		읍:1N	답답할 읍, 근심할 읍
悔	U+6094	회	회	Y		61	N	7	10	11	radical-full	木	火	repent, show remorse, regret	心		회:0E	뉘우칠 회
悕	U+6095	희	희	N	2015	61	N	7	10	11	radical-full	木	火		心		희:1N	슬퍼할 희
悖	U+6096	패	패	N	2015	61	N	7	10	11	radical-full	木	火	be contradictory to, go counter	心		패:0N	거스를 패, 어지러울 패, 거슬릴 패
悗	U+6097	문	문	N	2015	61	N	7	10	11	radical-full	木	火		心		문:1N	잊어버릴 문
悚	U+609A	송	송	N	2015	61	N	7	10	11	radical-full	木	火	afraid, scared, frightened	心		송:0N	두려울 송, 송구할 송, 두려워할 송
悛	U+609B	전	전	N	2015	61	N	7	10	11	radical-full	木	火	repent, reform	心		전:0N	고칠 전, 차례 전
悟	U+609F	오	오	Y		61	N	7	10	11	radical-full	木	火	to apprehend, realize, become aware	心		오:0E	깨우칠 오, 깨달을 오
悠	U+60A0	유	유	Y		61	N	7	11	11	unicode-total	木	火	long, far, remote, distant; leisurely	心		유:0E	멀 유, 생각할 유, 한가할 유, 근심할 유
悢	U+60A2	량	량	N	2015	61	N	7	10	11	radical-full	木	火		心	양	량:1N	슬퍼할 량
患	U+60A3	환	환	Y		61	N	7	11	11	unicode-total	木	火	suffer, worry about; suffering	心		환:0E	근심 환
悤	U+60A4	총	총	N	2015	61	N	7	11	11	unicode-total	木	火	agitated, restless, hurried	心		총:0N	바쁠 총, 덤빌 총
悧	U+60A7	리	리	N	2015	61	N	7	10	11	radical-full	木	火	smooth; active; clever, sharp	心	이	리:0N	영리할 리, 똑똑할 리
悰	U+60B0	종	종	N	2015	61	N	8	11	12	radical-full	木	火	enjoy, amuse, please; joy	心		종:0N	즐길 종, 즐거울 종
悱	U+60B1	비	비	N	2015	61	N	8	11	12	radical-full	木	火	to be desirous of speaking	心		비:1N	표현 못할 비
悲	U+60B2	비	비	Y		61	N	8	12	12	unicode-total	木	火	sorrow, grief; sorry, sad	心		비:0E	슬플 비
悳	U+60B3	덕	덕	N	2015	61	N	8	12	12	unicode-total	木	火	ethics, morality, virtue	心		덕:0N	德의 古字, 덕 덕
悴	U+60B4	췌	췌	N	2015	61	N	8	11	12	radical-full	木	火	suffer, become emaciated, haggard	心		췌:0N	근심할 췌, 파리할 췌, 피폐할 췌, 초췌할 췌
悵	U+60B5	창	창	N	2015	61	N	8	11	12	radical-full	木	火	disappointed, dissatisfied	心		창:1N	슬퍼할 창
悶	U+60B6	민	민	N	2015	61	N	8	12	12	unicode-total	木	火	gloomy, depressed, melancholy	心		민:0N	번민할 민
悸	U+60B8	계	계	N	2015	61	N	8	11	12	radical-full	木	火	fearful, apprehensive, perturbed	心		계:0N	두근거를 계, 두근거릴 계
悻	U+60BB	행	행	N	2015	61	N	8	11	12	radical-full	木	火	anger, vexation; angry, indignant	心		행:1N	발끈 성낼 행
悼	U+60BC	도	도	N	2015	61	N	8	11	12	radical-full	木	火	grieve, mourn, lament; grieved	心		도:0N	슬퍼할 도, 애도할 도
悽	U+60BD	처	처	N	2015	61	N	8	11	12	radical-full	木	火	sorrowful, grieved, melancholy	心		처:0N	슬퍼할 처
悾	U+60BE	강	강,공	N	2015	61	N	8	11	12	radical-full	木	火	naive, guileless, simple-minded	心		강:N 공:1	정성 공
惄	U+60C4	녁	녁	N	2015	61	N	8	12	12	unicode-total	木	火	long for; hungry	心	역	녁:1N	마음 졸일 녁
情	U+60C5	정	정	Y		61	N	8	11	12	radical-full	木	火	feeling, sentiment, emotion	心		정:0E	뜻 정, 마음속 정
惆	U+60C6	추	추	N	2015	61	N	8	11	12	radical-full	木	火	distressed, regretful, sad	心		추:1N	실심할 추, 섭섭할 추
惇	U+60C7	돈	돈	N	2015	61	N	8	11	12	radical-full	木	火	be kind, cordial, sincere	心		돈:0N	두터울 돈, 도타울 돈
惉	U+60C9	첨	첨	N	2015	61	N	8	12	12	unicode-total	木	火		心		첨:1N	팰 첨
惋	U+60CB	완	완	N	2015	61	N	8	11	12	radical-full	木	火	regret, be sorry; alarmed	心		완:1N	한탄할 완, 놀라 탄식할 완
惏	U+60CF	람	람	N	2015	61	N	8	11	12	radical-full	木	火	avaricious; greedy cold	心	남	람:1N	떨릴 람
惑	U+60D1	혹	혹	Y		61	N	8	12	12	unicode-total	木	火	confuse, mislead, baffle; doubt	心		혹:0E	미혹할 혹
惓	U+60D3	권	권	N	2015	61	N	8	11	12	radical-full	木	火	careful, sincere, candid	心		권:1N	삼갈 권
惔	U+60D4	담	담	N	2018	61	N	8	11	12	radical-full	木	火	cheerful	心		담:N	
惕	U+60D5	척	척	N	2015	61	N	8	11	12	radical-full	木	火	be cautious, careful, alert	心		척:1N	두려워할 척
惗	U+60D7	녑	녑	N	2015	61	N	8	11	12	radical-full	木	火	(Cant.) to think, consider	心	엽	녑:N	
惘	U+60D8	망	망	N	2015	61	N	8	11	12	radical-full	木	火	disconcerted, dejected, discouraged	心		망:1N	멍할 망
惙	U+60D9	철	철	N	2015	61	N	8	11	12	radical-full	木	火	sad, melancholy, grieving, mournful	心		철:1N	근심할 철
惚	U+60DA	홀	홀	N	2015	61	N	8	11	12	radical-full	木	火	absent-minded, confused	心		홀:0N	황홀할 홀
惜	U+60DC	석	석	Y		61	N	8	11	12	radical-full	木	火	pity, regret, rue, begrudge	心		석:0E	아낄 석
惝	U+60DD	창	창	N	2015	61	N	8	11	12	radical-full	木	火	alarmed, agitated	心		창:1N	멍할 창
惞	U+60DE	흔	흔	N	2015	61	N	8	11	12	radical-full	木	火		心		흔:N	
惟	U+60DF	유	유	Y		61	N	8	11	12	radical-full	木	火	but, however, nevertheless; only	心		유:0E	꾀할 유, 오직 유, 생각할 유
惠	U+60E0	혜	혜	Y		61	N	8	12	12	unicode-total	木	火	favor, benefit, confer kindness	心		혜:0E	은혜 혜, 사랑할 혜
惡	U+60E1	악,오	악,오	Y	2015	61	N	8	12	12	unicode-total	木	火	evil, wicked, bad, foul	心		악:0E 오:0N	나쁠 악, 악할 악 / 미워할 오, 부끄러울 오, 악할 오
惰	U+60F0	타	타	N	2015	61	N	9	12	13	radical-full	火	火	indolent, careless, lazy, idle	心		타:0N	게으를 타, 태만할 타
惱	U+60F1	뇌	뇌	Y		61	N	9	12	13	radical-full	火	火	angered, filled with hate	心		뇌:0E	괴로워할 뇌, 번뇌할 뇌
惲	U+60F2	운	운	N	2015	61	N	9	12	13	radical-full	火	火	devise, plan, deliberate; consult	心		운:1N	의논할 운, 혼후할 운
想	U+60F3	상	상	Y		61	N	9	13	13	unicode-total	火	火	think, speculate, plan, consider	心		상:0E	생각할 상
惴	U+60F4	췌	췌	N	2015	61	N	9	12	13	radical-full	火	火	afraid, apprehensive, nervous	心		췌:1N	두려워할 췌
惶	U+60F6	황	황	N	2015	61	N	9	12	13	radical-full	火	火	fearful, afraid, anxious, nervous	心		황:0N	두려워할 황, 두려울 황
惷	U+60F7	준	준	N	2015	61	N	9	13	13	unicode-total	火	火	wriggle; stupid; silly; fat	心		준:1N	어수선할 준
惸	U+60F8	경	경	N	2015	61	N	9	12	13	radical-full	火	火	troubled, worried, distressed	心		경:1N	근심할 경
惹	U+60F9	야	야	N	2015	61	N	9	13	13	unicode-total	火	火	irritate, vex, offend, incite	心		야:0N	끌릴 야, 어지러울 야, 이끌 야
惺	U+60FA	성	성	N	2015	61	N	9	12	13	radical-full	火	火	intelligent, clever, astute	心		성:0N	깨달을 성, 똑똑할 성, 조용할 성
惻	U+60FB	측	측	N	2015	61	N	9	12	13	radical-full	火	火	feel anguish, feel compassion	心		측:0N	슬플 측, 감창할 측, 아플 측, 불쌍할 측, 불쌍히여길 측
惼	U+60FC	편	편	N	2015	61	N	9	12	13	radical-full	火	火	narrow-minded	心		편:1N	조급할 편, 편협할 편
愀	U+6100	초	초	N	2015	61	N	9	12	13	radical-full	火	火	to change one's countenance, be anxious; to blush	心		초:1N	정색할 초
愁	U+6101	수	수	Y		61	N	9	13	13	unicode-total	火	火	anxiety; to worry about, be anxious	心		수:0E	근심 수, 염려할 수, 탄식할 수
愃	U+6103	선,훤	선,훤	N	2015	61	N	9	12	13	radical-full	火	火	relax	心		선:1N 훤:N	쾌할 선
愆	U+6106	건	건	N	2015	61	N	9	13	13	unicode-total	火	火	a fault, mistake, error, transgression	心		건:0N	죄 건, 허물 건, 어기어질 건
愈	U+6108	유	유	Y		61	N	9	13	13	unicode-total	火	火	more and more, even more	心		유:0E	나을 유, 어질 유, 더욱 유, 병 나을 유
愉	U+6109	유	유	N	2015	61	N	9	12	13	radical-full	火	火	pleasant, delightful; please	心		유:0N	기뻐할 유, 즐거울 유
愍	U+610D	민	민	N	2015	61	N	9	13	13	unicode-total	火	火	pity, sympathize with	心		민:0N	근심할 민, 불쌍한 민
愎	U+610E	퍅	퍅	N	2015	61	N	9	12	13	radical-full	火	火	obstinate, stubborn, headstrong	心		퍅:0N	사나울 퍅, 고집할 퍅
意	U+610F	의	의	Y		61	N	9	13	13	unicode-total	火	火	thought, idea, opinion; think	心		의:0E	뜻 의, 생각 의, 의리 의, 형세 의
愔	U+6114	음	음	N	2015	61	N	9	12	13	radical-full	火	火	comfortable, contented, peaceful	心		음:1N	조용할 음, 화평할 음
愕	U+6115	악	악	N	2015	61	N	9	12	13	radical-full	火	火	startled, alarmed, astonished	心		악:0N	놀랄 악, 억지부릴 악
愚	U+611A	우	우	Y		61	N	9	13	13	unicode-total	火	火	stupid, doltish, foolish	心		우:0E	어리석을 우, 어두울 우, 업신여길 우
愛	U+611B	애	애	Y		61	N	9	13	13	unicode-total	火	火	love, be fond of, like	心		애:0E	사랑 애
愜	U+611C	협	협	N	2015	61	N	9	12	13	radical-full	火	火	be satisfied, be comfortable	心		협:1N	쾌할 협, 뜻에 맞을 협
愞	U+611E	난	난	N	2015	61	N	9	12	13	radical-full	火	火	timid, apprehensive	心		난:N	
感	U+611F	감	감	Y		61	N	9	13	13	unicode-total	火	火	feel, perceive, emotion	心		감:0E	감동할 감, 찌를 감, 깨달을 감, 느낄 감
愢	U+6122	새,시	새,시	N	2015	61	N	9	12	13	radical-full	火	火	hesitant; modest	心		새:N 시:N	
愧	U+6127	괴	괴	Y		61	N	10	12	14	radical-full|component-kangxi-diff	火	火	ashamed, conscience-stricken	心		괴:0E	부끄러워할 괴, 부끄러울 괴
愨	U+6128	각	각	N	2015	61	N	10	14	14	unicode-total	火	火	sincerity, honesty; cautious	心		각:N	
愫	U+612B	소	소	N	2015	61	N	10	13	14	radical-full	火	火	guileless, sincere, honest	心		소:N	
愬	U+612C	소	소	N	2015	61	N	10	14	14	unicode-total	火	火	accuse; sue; inform; narrate	心		소:1N	고할 소, 참소할 소, 알릴 소 / 놀랍고두려울 색
愭	U+612D	기	기	N	2015	61	N	10	13	14	radical-full	火	火		心		기:1N	공손할 기
愰	U+6130	황	황	N	2015	61	N	10	13	14	radical-full	火	火	clearness of mind; doubtful; uncertain	心		황:0N	밝을 황, 마음밝을 황
愴	U+6134	창	창	N	2015	61	N	10	13	14	radical-full	火	火	sad, broken-hearted, disconsolate	心		창:0N	슬퍼할 창
愷	U+6137	개	개	N	2015	61	N	10	13	14	radical-full	火	火	enjoy, be contented, joyful	心		개:0N	탐할 개, 급할 개, 편안할 개
愼	U+613C	신,진	신,진	Y	2018	61	N	10	13	14	radical-full	火	火	act with care, be cautious	心		신:0E 진:N	삼갈 신, 정성스러울 신, 고요할 신
愾	U+613E	개	개	N	2015	61	N	10	13	14	radical-full	火	火	anger, wrath, hatred, enmity	心		개:0N	한숨 쉴 개, 성낼 개, 노할 개 / 한숨 희
愿	U+613F	원	원	N	2015	61	N	10	14	14	unicode-total	火	火	sincere, honest, virtuous	心		원:0N	정성 원, 착할 원, 삼갈 원
慂	U+6142	용	용	N	2015	61	N	10	14	14	unicode-total	火	火	urge, incite, egg-on	心		용:0N	권할 용, 거들어 말할 용
慄	U+6144	률	률,율	N	2015	61	N	10	13	14	radical-full	火	火	shiver, shudder, tremble; tremble	心	율	률:0N 율:0	두려워할 률, 두려울 률 / 두려울 률, 쭈그릴 률, 슬플 률, 떨 률
慆	U+6146	도	도	N	2015	61	N	10	13	14	radical-full	火	火	excessive, dissolute; delighted	心		도:1N	기뻐할 도
慇	U+6147	은	은	N	2015	61	N	10	14	14	unicode-total	火	火	careful, anxious, attentive	心		은:0N	은근할 은, 공손할 은, 간절할 은
慈	U+6148	자	자	Y		61	N	10	13	14	radical-full	火	火	kind, charitable, benevolent	心		자:0E	사랑할 자
慊	U+614A	겸	겸	N	2015	61	N	10	13	14	radical-full	火	火	to resent; contended; satisfied	心		겸:0N	앙심먹을 겸, 불만족하게 생각할 겸, 싫을 겸
態	U+614B	태	태	Y		61	N	10	14	14	unicode-total	火	火	manner, bearing, attitude	心		태:0E	모양 태, 뜻 태
慌	U+614C	황	황	N	2015	61	N	10	12	14	radical-full|component-kangxi-diff	火	火	nervous, panicky, frantic	心		황:0N	어렴풋할 황, 어리둥절할 황
慍	U+614D	온	온	N	2015	61	N	10	13	14	radical-full	火	火	angry, indignant, resentful	心		온:1N	성낼 온, 병 온
慏	U+614F	명	명	N	2015	61	N	10	13	14	radical-full	火	火		心		명:N	
慒	U+6152	종	종	N	2015	61	N	11	14	15	radical-full	土	火		心		종:1N	생각할 종
慓	U+6153	표	표	N	2015	61	N	11	14	15	radical-full	土	火	nimble	心		표:0N	급할 표
慔	U+6154	모	모	N	2015	61	N	11	13	15	radical-full|component-kangxi-diff	土	火		心		모:N	
慕	U+6155	모	모	Y		61	N	11	14	15	radical-full	土	火	long for, desire; admire	心		모:0E	그리워할 모, 사모할 모
慘	U+6158	참	참	Y		61	N	11	14	15	radical-full	土	火	sad, pitiful, wretched; cruel	心		참:0E	참혹할 참, 슬플 참
慙	U+6159	참	참	Y		61	N	11	15	15	unicode-total	土	火	ashamed, humiliated; shameful	心		참:0E	부끄러울 참
慚	U+615A	참	참	N	2015	61	N	11	14	15	radical-full	土	火	ashamed, humiliated; shameful	心		참:1N	부끄러울 참
慜	U+615C	민	민	N	2015	61	N	11	15	15	unicode-total	土	火	name of a monk in Tang dynasty	心		민:N	
慝	U+615D	특	특	N	2015	61	N	11	15	15	unicode-total	土	火	do evil in secret; evil, vice	心		특:0N	간악할 특, 간사할 특, 더러울 특
慟	U+615F	통	통	N	2015	61	N	11	14	15	radical-full	土	火	sadness, grief; mourn; be moved	心		통:0N	서러울 통, 애통할 통
慠	U+6160	오	오	N	2015	61	N	11	13	15	radical-full|component-kangxi-diff	土	火		心		오:1N	거만할 오
慡	U+6161	상	상	N	2015	61	N	11	14	15	radical-full	土	火		心		상:N	
慢	U+6162	만	만	Y		61	N	11	14	15	radical-full	土	火	slow(ly), leisurely, sluggish	心		만:0E	게으를 만, 거만할 만
慣	U+6163	관	관	Y		61	N	11	14	15	radical-full	土	火	habit, custom; habitually, usually	心		관:0E	버릇 관, 익숙할 관
慤	U+6164	각	각	N	2015	61	N	11	15	15	unicode-total	土	火	sincerity, honesty; modest	心		각:0N	삼갈 각, 정성 각
慧	U+6167	혜	혜	Y		61	N	11	15	15	unicode-total	土	火	bright, intelligent; intelligence	心		혜:0E	슬기로울 혜, 총명할 혜, 지혜 혜
慨	U+6168	개	개	Y		61	N	11	12	15	radical-full|kangxi-pos-residual:9>11|component-kangxi-diff	土	火	sigh, regret; generous	心		개:0E	분할 개, 강개할 개, 슬플 개, 분개할 개
慪	U+616A	우	우	N	2015	61	N	11	14	15	radical-full	土	火	annoyed	心		우:N	
慫	U+616B	종	종	N	2015	61	N	11	15	15	unicode-total	土	火	to alarm; to instigate, arouse, incite	心		종:0N	권할 종, 놀랄 종
慮	U+616E	려	려	Y		61	N	11	15	15	unicode-total	土	火	be concerned, worry about	心	여	려:0E	생각할 려
慰	U+6170	위	위	Y		61	N	11	15	15	unicode-total	土	火	comfort, console, calm	心		위:0E	위로할 위
慱	U+6171	단	단	N	2015	61	N	11	14	15	radical-full	土	火	sad	心		단:1N	근심할 단
慳	U+6173	간	간	N	2015	61	N	11	14	15	radical-full	土	火	miserly, parsimonious, stingy	心		간:1N	아낄 간
慴	U+6174	습	습	N	2015	61	N	11	14	15	radical-full	土	火	fear; terrified, fearful; fear	心		습:1N	두려울 접, 겁낼 접
慵	U+6175	용	용	N	2015	61	N	11	14	15	radical-full	土	火	indolent, easy-going, lazy	心		용:1N	게으를 용
慶	U+6176	경	경	Y		61	N	11	15	15	unicode-total	土	火	congratulate, celebrate	心		경:0E	경사 경
慷	U+6177	강	강	N	2015	61	N	11	14	15	radical-full	土	火	ardent; generous, magnanimous	心		강:0N	강개할 강
慺	U+617A	루	루	N	2015	61	N	11	14	15	radical-full	土	火	(simplified form of 慺) diligent; industrious; sedulous, to encourage; to make efforts	心	누	루:1N	정성스러울 루
慼	U+617C	척	척	N	2015	61	N	11	15	15	unicode-total	土	火	sorrowful, mournful; sorrow	心		척:N	
慽	U+617D	척	척	N	2015	61	N	11	14	15	radical-full	土	火	sorrowful, mournful; sorrow	心		척:0N	근심할 척
慾	U+617E	욕	욕	Y		61	N	11	15	15	unicode-total	土	火	lust, desire, passion; appetite	心		욕:0E	욕심낼 욕, 하고자할 욕
憁	U+6181	총	총	N	2015	61	N	11	14	15	radical-full	土	火		心		총:0N	바쁠
憂	U+6182	우	우	Y		61	N	11	15	15	unicode-total	土	火	sad, grieved; grief, melancholy	心		우:0E	근심 우, 상제될 우, 병 우
憃	U+6183	용	용	N	2015	61	N	11	15	15	unicode-total	土	火	foolish, stupid, dull, silly	心		용:1N	천치 용
憊	U+618A	비	비	N	2015	61	N	12	16	16	unicode-total	土	火	tired, weary, fatigued	心		비:0N	고달플 비
憍	U+618D	교	교	N	2015	61	N	12	15	16	radical-full	土	火	be haughty, proud, arrogant	心		교:1N	교만할 교
憎	U+618E	증	증	Y		61	N	12	15	16	radical-full	土	火	hate, detest, abhor; hatred	心		증:0E	미워할 증
憐	U+6190	련	련,연	Y		61	N	12	15	16	radical-full	土	火	pity, sympathize	心	연	련:0E 연:0	불쌍히 여길 련, 가련할 련 / 불쌍할 련, 사랑할 련, 가련할 연
憑	U+6191	빙	빙	N	2015	61	N	12	16	16	unicode-total	土	火	lean on, depend on, rely on	心		빙:0N	기대다 빙, 의지할 빙
憒	U+6192	궤	궤	N	2015	61	N	12	15	16	radical-full	土	火	confused, troubled, muddle-headed	心		궤:1N	심란할 궤
憓	U+6193	혜	혜	N	2015	61	N	12	15	16	radical-full	土	火	benefit, favor; follow, obey	心		혜:N	
憔	U+6194	초	초	N	2015	61	N	12	15	16	radical-full	土	火	be worn-out, emaciated, haggard	心		초:0N	수척할 초, 파리할 초
憖	U+6196	은	은	N	2015	61	N	12	16	16	unicode-total	土	火	cautious; willing; but, moreover	心		은:1N	물을 은, 공근할 은, 힘쓸 은, 서러워할 은
憘	U+6198	희	희	N	2015	61	N	12	15	16	radical-full	土	火	like, love, enjoy; joyful thing	心		희:0N	憙의 古字, 기쁠 희
憙	U+6199	희	희	N	2015	61	N	12	16	16	unicode-total	土	火	like, love, enjoy; joyful thing	心		희:0N	성할 희, 기뻐할 희
憚	U+619A	탄	탄	N	2015	61	N	12	15	16	radical-full	土	火	dread, shrink from, shirk, fear	心		탄:0N	수고로울 탄, 꺼릴 탄
憤	U+61A4	분	분	Y		61	N	12	15	16	radical-full	土	火	resent, hate; indignant	心		분:0E	결낼 분, 분할 분
憧	U+61A7	동	동	N	2015	61	N	12	15	16	radical-full	土	火	irresolute, indecisive; yearn for	心		동:0N	동경할 동, 흐리멍덩할 동
憨	U+61A8	감	감	N	2015	61	N	12	15	16	radical-full	土	火	foolish, silly, coquettish	心		감:1N	어리석을 감, 미련할 감
憩	U+61A9	게	게	N	2015	61	N	12	16	16	unicode-total	土	火	rest, take rest	心		게:0N	쉴 게
憫	U+61AB	민	민	Y		61	N	12	15	16	radical-full	土	火	pity, sympathize with, grieve for	心		민:0E	불쌍히 여길 민
憬	U+61AC	경	경	N	2015	61	N	12	15	16	radical-full	土	火	rouse, awaken; become conscious	心		경:0N	깨달을 경, 깨우칠 경
憮	U+61AE	무	무	N	2015	61	N	12	15	16	radical-full	土	火	regretful, disappointed	心		무:0N	어루만질 무, 애무할 무
憯	U+61AF	참	참	N	2015	61	N	12	15	16	radical-full	土	火	sorrowful, sad; already, nevertheless	心		참:1N	슬퍼할 참
憲	U+61B2	헌	헌	Y		61	N	12	16	16	unicode-total	土	火	constitution, statute, law	心		헌:0E	법 헌, 표준될 헌, 고시할 헌, 기뻐할 헌
憶	U+61B6	억	억	Y		61	N	13	16	17	radical-full	金	火	remember, reflect upon; memory	心		억:0E	생각 억, 기억할 억
憸	U+61B8	섬	섬	N	2015	61	N	13	16	17	radical-full	金	火	to flatter; crafty, having a specious tongue	心		섬:1N	간사할 섬
憺	U+61BA	담	담	N	2015	61	N	13	16	17	radical-full	金	火	peace	心		담:0N	고요할 담
憻	U+61BB	탄	탄	N	2015	61	N	14	16	18	radical-full|kangxi-pos:61.13|component-kangxi-diff	金	火		心		탄:1N	坦과 同字
憼	U+61BC	경	경	N	2015	61	N	13	16	17	radical-full	金	火		心		경:1N	공경할 경
憽	U+61BD	송	송	N	2015	61	N	13	15	17	radical-full|component-kangxi-diff	金	火		心		송:N	
憾	U+61BE	감	감	N	2015	61	N	13	16	17	radical-full	金	火	to regret, remorse; dissatisfied	心		감:0N	섭섭할 감, 한할 감, 한혐할 감
懃	U+61C3	근	근	N	2015	61	N	13	17	17	unicode-total	金	火	courteous, cordial; zealous	心		근:0N	은근할 근
懆	U+61C6	조	조	N	2015	61	N	13	16	17	radical-full	金	火	anxious, apprehensive	心		조:1N	근심할 조
懇	U+61C7	간	간	Y		61	N	13	17	17	unicode-total	金	火	sincere, earnest, cordial	心		간:0E	정성 간, 간절할 간
懈	U+61C8	해	해	N	2015	61	N	13	16	17	radical-full	金	火	idle, relaxed, remiss	心		해:0N	게으를 해
應	U+61C9	응	응	Y		61	N	13	17	17	unicode-total	金	火	should, ought to, must	心		응:0E	응당 응, 꼭 응, 사랑할 응, 대답할 응, 응할 응
懊	U+61CA	오	오	N	2015	61	N	13	15	17	radical-full|component-kangxi-diff	金	火	vexed, worried, nervous; regret	心		오:0N	원망할 오, 번뇌할 오, 사랑할 오
懋	U+61CB	무	무	N	2015	61	N	13	17	17	unicode-total	金	火	splendid, grand, majestic	心		무:0N	힘쓸 무, 노력할 무
懌	U+61CC	역	역	N	2015	61	N	13	16	17	radical-full	金	火	enjoy, be glad, be pleased	心		역:1N	기꺼울 역
懏	U+61CF	준	준	N	2015	61	N	13	15	17	radical-full|component-kangxi-diff	金	火		心		준:N	
懕	U+61D5	염	염	N	2015	61	N	14	18	18	unicode-total	金	火	satiated; contented	心		염:1N	편안할 염
懗	U+61D7	하	하	N	2015	61	N	14	17	18	radical-full	金	火		心		하:1N	속일 하
懞	U+61DE	몽	몽	N	2015	61	N	14	16	18	radical-full|component-kangxi-diff	金	火	(variant of 蒙)	心		몽:1N	어두울 몽
懟	U+61DF	대	대	N	2015	61	N	14	18	18	unicode-total	金	火	hate, abhor; hatred, resentment	心		대:1N	원망할 대
懣	U+61E3	문	문	N	2015	61	N	14	18	18	unicode-total	金	火	be sick at heart, sorrowful, sad	心		문:1N	번거로울 문
懦	U+61E6	나	나	N	2015	61	N	14	17	18	radical-full	金	火	weak, timid, cowardly	心		나:0N	나약할 나, 부드러울 나
懲	U+61F2	징	징	Y		61	N	15	19	19	unicode-total	水	火	punish, reprimand; warn	心		징:0E	혼날 징, 징계할 징
懶	U+61F6	라	나,라	N	2015	61	N	16	19	20	radical-full	水	火	lazy, languid, listless	心	나	나:0 라:0N	게으를 라 / 게으를 나 / 게으를 란
懷	U+61F7	회	회	Y		61	N	16	19	20	radical-full	水	火	bosom, breast; carry in bosom	心		회:0E	품을 회
懸	U+61F8	현	현	Y		61	N	16	20	20	unicode-total	水	火	hang, suspend, hoist; be hung	心		현:0E	매달 현, 멀 현
懺	U+61FA	참	참	N	2015	61	N	17	20	21	radical-full	木	火	regret, repent; confess sins	心		참:0N	뉘우칠 참
懼	U+61FC	구	구	Y		61	N	18	21	22	radical-full	木	火	fear, be afraid of, dread	心		구:0E	두려워할 구
懽	U+61FD	환	환	N	2015	61	N	18	20	22	radical-full|component-kangxi-diff	木	火	happy, pleased, glad, joyous	心		환:1N	기뻐할 환
懾	U+61FE	섭	섭	N	2015	61	N	18	21	22	radical-full	木	火	afraid, scared, fearful	心		섭:1N	무서울 섭, 두려울 섭
懿	U+61FF	의	의	N	2015	61	N	18	22	22	unicode-total	木	火	virtuous, admirable, esteemed	心		의:0N	아름다울 의, 클 의
戀	U+6200	련	련,연	Y		61	N	19	23	23	unicode-total	火	火	love; long for, yearn for; love	心	연	련:0E 연:0	사모할 련 / 생각할 련, 사모할 련
戇	U+6207	당	당	N	2015	61	N	24	28	28	unicode-total	金	火	stupid, simple, simple-minded	心		당:0N	어리석을 당, 놀랄 당
戈	U+6208	과	과	N	2015	62	N	0	4	4	unicode-total	火	金	halberd, spear, lance; rad. 62	戈		과:0N	창 과
戊	U+620A	무	무	Y		62	N	1	5	5	unicode-total	土	金	5th heavenly stem	戈		무:0E	다섯째 천간 무, 무성할 무
戌	U+620C	술	술	Y		62	N	2	6	6	unicode-total	土	金	eleventh earthly branch	戈		술:0E	개 술, 열한째 지지 술, 때려 부술 술
戍	U+620D	수	수	N	2015	62	N	2	6	6	unicode-total	土	金	defend borders, guard frontiers	戈		수:0N	수자리 수, 막을 수, 집 수
戎	U+620E	융	융	N	2015	62	N	2	6	6	unicode-total	土	金	arms, armaments; military affair	戈		융:0N	병장기 융, 싸움수레 융, 클 융, 너 융, 도울 융, 서쪽 오랑캐 융
成	U+6210	성	성	Y	2015	62	N	2	7	7	total-gt-rs-check	金	金	completed, finished, fixed	戈		성:0EN	이룰 성, 거듭 성, 마칠 성, 화목할 성
我	U+6211	아	아	Y		62	N	3	7	7	unicode-total	金	金	our, us, i, me, my, we	戈		아:0E	자기 아, 나 아
戒	U+6212	계	계	Y		62	N	3	7	7	unicode-total	金	金	warn, caution, admonish	戈		계:0E	경계할 계
戕	U+6215	장	장	N	2015	62	N	4	8	8	unicode-total	金	金	kill, slay; wound, injure, hurt	戈		장:1N	죽일 장
或	U+6216	혹	혹	Y		62	N	4	8	8	unicode-total	金	金	or, either, else; perhaps, maybe	戈		혹:0E	혹 혹
戚	U+621A	척	척	Y		62	N	7	11	11	unicode-total	木	金	relative; be related to; sad	戈		척:0E	겨레 척
戟	U+621F	극	극	N	2015	62	N	8	12	12	unicode-total	木	金	halberd with crescent blade	戈		극:0N	갈래진 창 극
戡	U+6221	감	감	N	2015	62	N	9	13	13	unicode-total	火	金	subjugate, subdue, quell; kill	戈		감:0N	찌를 감, 이길 감, 죽일 감
戢	U+6222	집	집	N	2015	62	N	9	13	13	unicode-total	火	金	to put away; to cease; store up	戈		집:1N	그칠 집
戧	U+6227	창	창	N	2015	62	N	10	14	14	unicode-total	火	金	support	戈		창:1N	다칠 창
戩	U+6229	전	전	N	2015	62	N	10	14	14	unicode-total	火	金	exterminate, destroy; blessing	戈		전:1N	
截	U+622A	절	절	N	2015	62	N	10	14	14	unicode-total	火	金	cut off, stop, obstruct, intersect	戈		절:0N	끊을 절, 말 잘할 절
戭	U+622D	연,인	연,인	N	2015	62	N	11	15	15	unicode-total	土	金	spear	戈		연:N 인:N	
戮	U+622E	륙	륙,육	N	2015	62	N	11	15	15	unicode-total	土	金	kill, massacre; oppress	戈	육	륙:0N 육:0	죽일 륙 / 죽일 륙, 육시할 륙, 욕할 륙
戰	U+6230	전	전	Y		62	N	12	16	16	unicode-total	土	金	war, fighting, battle	戈		전:0E	싸움 전, 경쟁할 전
戱	U+6231	희	희	N	2015	62	N	12	16	16	unicode-total|kangxi-pos-residual:11>12	土	金	theatrical play	戈		희:0N	戲의 俗字, 희롱할 희
戲	U+6232	희	희	Y		62	N	13	17	17	unicode-total	金	金	theatrical play, show	戈		희:1E	탄식할 희, 희롱할 희
戳	U+6233	착	착	N	2015	62	N	14	18	18	unicode-total	金	金	prick, stab; stamp, seal, chop	戈		착:1N	창으로 찌를 착
戴	U+6234	대	대	N	2015	62	N	13	17	17	unicode-total	金	金	wear on top; support	戈		대:0N	받들 대, 머리에일 대
戵	U+6235	구	구	N	2015	62	N	18	22	22	unicode-total	木	金	a halberd	戈		구:1N	창 구
戶	U+6236	호	호	Y		63	N	0	4	4	unicode-total	火		door; family, household	戶		호:0E	지게 호
戹	U+6239	액	액	N	2015	63	N	1	5	5	unicode-total	土		In difficulty, distressed	戶		액:1N	좁을 액
戾	U+623E	려	려	N	2015	63	N	4	8	8	unicode-total	金		perverse, recalcitrant, rebellious	戶	여	려:0N	여그러질 려, 어그러질 려
房	U+623F	방	방	Y		63	N	4	8	8	unicode-total	金		house, building; room; 4th lunar mansion, determinative star π Scorpii	戶		방:0E	방 방
所	U+6240	소	소	Y		63	N	4	8	8	unicode-total	金		place, location; numerary adjunct	戶		소:0E	바 소, 곳 소, 쯤 소, 가질 소, 얼마 소
扁	U+6241	편	편	N	2015	63	N	5	9	9	unicode-total	水		flat; tablet, signboard	戶		편:0N	특별할 편, 거룻배 편, 작을 편
扃	U+6243	경	경	N	2015	63	N	5	9	9	unicode-total	水		a door bar placed outside a door	戶		경:1N	빗장 경
扇	U+6247	선	선	N	2015	63	N	6	10	10	unicode-total	水		fan; door panel	戶		선:0N	사립문 선, 부채 선
扈	U+6248	호	호	N	2015	63	N	7	11	11	unicode-total	木		escort, retinue; insolent	戶		호:0N	뒤따를 호, 호위할 호
扉	U+6249	비	비	N	2015	63	N	8	12	12	unicode-total	木		door panel	戶		비:0N	문짝 비, 사립문 비
扊	U+624A	염	염	N	2015	63	N	8	12	12	unicode-total	木		upright bar for fastening door	戶		염:1N	문 빗장 염
手	U+624B	수	수	Y		64	N	0	4	4	unicode-total	火		hand	手		수:0E	손 수, 잡을 수, 칠 수
才	U+624D	재	재	Y		64	N	0	3	3	radical-itself-check	火		talent, ability; just, only	手		재:0E	재주 재, 능할 재, 현인 재, 바탕 재
扎	U+624E	찰	찰	N	2015	64	N	1	4	5	radical-full	土		pull up; pierce; struggle free	手		찰:1N	뺄 찰
扑	U+6251	복	복	N	2015	64	N	2	5	6	radical-full	土		pound, beat, strike; attack	手		복:1N	칠 복
扒	U+6252	배	배	N	2015	64	N	2	5	6	radical-full	土		scratch; dig up; crawl; crouch	手		배:1N	뺄 배
打	U+6253	타	타	Y		64	N	2	5	6	radical-full	土		strike, hit, beat; fight; attack	手		타:0E	때릴 타, 칠 타
扗	U+6257	재	재	N	2015	64	N	3	6	7	radical-full	金			手		재:1N	
托	U+6258	탁	탁	Y		64	N	3	6	7	radical-full	金		to hold up with palm; to support, rely on	手		탁:0E	밀칠 탁, 떡국 탁, 차반 탁
扛	U+625B	강	강	N	2015	64	N	3	6	7	radical-full	金		carry on shoulders; lift	手		강:1N	마주 들 강
扜	U+625C	우	우	N	2015	64	N	3	6	7	radical-full	金			手		우:N	
扞	U+625E	한	한	N	2015	64	N	3	6	7	radical-full	金		ward off, withstand, resist	手		한:N	
扣	U+6263	구	구	N	2015	64	N	3	6	7	radical-full	金		knock, strike, rap, tap; button	手		구:1N	두드릴 구
扮	U+626E	분	분	N	2015	64	N	4	7	8	radical-full	金		dress up; dress up as	手		분:0N	꾸밀 분, 잡을 분
扱	U+6271	급	급	N	2015	64	N	4	6	8	radical-full|component-kangxi-diff	金		collect, draw in, gather; receive	手		급:0N	미칠 급, 취급할 급
扳	U+6273	반	반	N	2015	64	N	4	7	8	radical-full	金		pull; drag; right itself	手		반:1N	끌 반
扶	U+6276	부	부	Y		64	N	4	7	8	radical-full	金		support, help; protect; hold on	手		부:0E	도울 부, 붙들 부
批	U+6279	비	비	Y		64	N	4	7	8	radical-full	金		comment, criticize; wholesale	手		비:0E	칠 비, 비평할 비
扺	U+627A	지	지	N	2015	64	N	4	7	8	radical-full	金		to strike one's palm with one's fist	手		지:1N	손바닥 지
扼	U+627C	액	액	N	2015	64	N	4	7	8	radical-full	金		grasp, clutch; choke, strangle	手		액:0N	움켜쥘 액, 움겨질 액
找	U+627E	조	조	N	2015	64	N	4	7	8	radical-full	金		search, seek, look for; find	手		조:1N	채울 조
承	U+627F	승	승	Y		64	N	4	8	8	unicode-total	金		inherit, receive; succeed	手		승:0E	받들 승, 이을 승, 도울 승, 차례 승
技	U+6280	기	기	Y		64	N	4	7	8	radical-full	金		skill, ability, talent, ingenuity	手		기:0E	재주 기
抃	U+6283	변	변	N	2015	64	N	4	7	8	radical-full	金		to clap hands; to cheer	手		변:1N	손뼉칠 변
抄	U+6284	초	초	Y		64	N	4	7	8	radical-full	金		copy, confiscate, seize	手		초:0E	베낄 초
抆	U+6286	문	문	N	2015	64	N	4	7	8	radical-full	金		wipe, rub off	手		문:1N	닦을 문, 문지를 문
抉	U+6289	결	결	N	2015	64	N	4	7	8	radical-full	金		choose, select; gouge, pluck out	手		결:0N	긁을 결, 당길 결
把	U+628A	파	파	Y		64	N	4	7	8	radical-full	金		hold, take; guard; regard as	手		파:0E	잡을 파, 헤칠 파
抏	U+628F	완	완	N	2015	64	N	4	7	8	radical-full	金			手		완:N	
抑	U+6291	억	억	Y		64	N	4	7	8	radical-full	金		press down, repress; curb, hinder	手		억:0E	누를 억, 억울할 억
抒	U+6292	서	서	N	2015	64	N	4	7	8	radical-full	金		express; eliminate; relieve	手		서:0N	풀 서, 끄어낼 서
抔	U+6294	부	부	N	2015	64	N	4	7	8	radical-full	金		take or hold up in both hands	手		부:1N	움킬 부
投	U+6295	투	투	Y		64	N	4	7	8	radical-full	金		throw, cast, fling, pitch; jump	手		투:0E	던질 투, 버릴 투, 줄 투, 의탁할 투
抖	U+6296	두	두	N	2015	64	N	4	7	8	radical-full	金		tremble, shake, rouse; give shake	手		두:1N	퍼주거릴 두
抗	U+6297	항	항	Y		64	N	4	7	8	radical-full	金		resist, oppose, defy, reject	手		항:0E	막을 항, 들 항, 겨룰 항, 항거할 항
折	U+6298	절	절	Y		64	N	4	7	8	radical-full	金		break off, snap; bend	手		절:0E	꺾을 절, 자를 절, 휘일 절, 알맞을 절
抛	U+629B	포	포	N	2015	64	N	4	7	8	radical-full	金		throw (away)	手		포:0N	拋와 同字, 버릴 포
抦	U+62A6	병	병	N	2015	64	N	5	8	9	radical-full	水		(Cant.) to beat	手		병:N	
抨	U+62A8	평	평	N	2015	64	N	5	8	9	radical-full	水		impeach, censure; attack	手		평:1N	탄핵할 평
披	U+62AB	피	피	N	2015	64	N	5	8	9	radical-full	水		wear; split; crack	手		피:0N	헤칠 피, 흩어질 피, 찢어질 피, 펼 피
抬	U+62AC	대	대,태	N	2015	64	N	5	8	9	radical-full	水		lift, carry	手		대:N 태:1	칠 태
抮	U+62AE	진	진	N	2015	64	N	5	8	9	radical-full	水		to revolve, rotate	手		진:N	
抱	U+62B1	포	포	Y		64	N	5	8	9	radical-full	水		embrace, hold in arms, enfold	手		포:0E	안을 포, 품을 포, 낄 포
抲	U+62B2	하	하	N	2015	64	N	5	8	9	radical-full	水			手		하:N	
抵	U+62B5	저	저	Y		64	N	5	8	9	radical-full	水		resist, oppose; deny; off-set	手		저:0E	밀칠 저, 당할 저, 막을 저, 다달을 저, 씨름할 저
抹	U+62B9	말	말	N	2015	64	N	5	8	9	radical-full	水		smear, apply, wipe off, erase	手		말:0N	바랄 말, 바를 말
押	U+62BC	압	압	Y		64	N	5	8	9	radical-full	水		mortgage, pledge; deposit; to pawn; to arrest, detain, guard	手		압:0E	수결 둘 압, 누를 압
抽	U+62BD	추	추	Y		64	N	5	8	9	radical-full	水		draw out, pull out; sprout	手		추:0E	뺄 추, 뽑을 추, 당길 추, 거둘 추
拂	U+62C2	불	불	Y		64	N	5	8	9	radical-full	水		shake off, brush away; dust	手		불:0E	떨 불, 떨칠 불
拄	U+62C4	주	주	N	2015	64	N	5	8	9	radical-full	水		lean on; post; prod; ridicule	手		주:1N	떠받칠 주
担	U+62C5	단	단	N	2015	64	N	5	8	9	radical-full	水		carry, bear, undertake	手		단:1N	원숭이 같은 짐승 단
拆	U+62C6	탁	탁	N	2015	64	N	5	8	9	radical-full	水		to break up, split apart, rip open; to destroy	手		탁:1N	터질 탁, 찢어질 탁, 열릴 탁
拇	U+62C7	무	무	N	2015	64	N	5	8	9	radical-full	水		thumb; big toe	手		무:0N	엄지손가락 무
拈	U+62C8	념	념	N	2015	64	N	5	8	9	radical-full	水		pick up with fingers; draw lots	手	염	념:0N	집을
拉	U+62C9	랍	납,랍	N	2015	64	N	5	8	9	radical-full	水		pull, drag; seize, hold; lengthen	手	납	납:0 랍:0N	꺽을 랍, 꺾을 랍 / 꺽을 납, 꺾을 납
拊	U+62CA	부	부	N	2015	64	N	5	8	9	radical-full	水		slap; pat; tap; handle of a vessel	手		부:1N	어루만질 부
拋	U+62CB	포	포	N	2015	64	N	5	8	9	radical-full	水		throw (away), abandon, reject	手		포:N	
拌	U+62CC	반	반	N	2015	64	N	5	8	9	radical-full	水		mix	手		반:0N	버릴 반
拍	U+62CD	박	박	Y		64	N	5	8	9	radical-full	水		clap, tap, beat; beat or rhythm	手		박:0E	칠 박
拏	U+62CF	나	나,라	N	2015	64	N	5	9	9	unicode-total	水		take; bring; grasp, hold; arrest	手		나:0N 라:0	붙잡을 나 / 붙잡을 라
拐	U+62D0	괴	괴	N	2015	64	N	5	8	9	radical-full	水		kidnap, abduct; turn	手		괴:0N	속일 괴
拑	U+62D1	겸	겸	N	2015	64	N	5	8	9	radical-full	水		to clamp, tie down or pin down	手		겸:1N	자갈 먹일 겸
拒	U+62D2	거	거	Y		64	N	5	7	9	radical-full|component-kangxi-diff	水		ward off with hand, defend	手		거:0E	막을 거, 맞설 거, 다닥칠 거, 다다를 거
拓	U+62D3	척,탁	척,탁	Y	2015	64	N	5	8	9	radical-full	水		expand; open up; support or push	手		척:0E 탁:0N	주울 척 / 물리칠 탁, 헤칠 탁, 밀칠 탁, 주울 탁
拔	U+62D4	발	발	Y		64	N	5	8	9	radical-full	水		uproot, pull out	手		발:0E	뺄 발
拕	U+62D5	타	타	N	2015	64	N	5	8	9	radical-full	水		to drag after, to drag out, from which comes:to involve, to delay, to implicate	手		타:1N	끌 타, 당길 타
拖	U+62D6	타	타	N	2015	64	N	5	8	9	radical-full	水		drag, tow, haul; delay, prolong	手		타:0N	拕와 同字, 당길 타
拗	U+62D7	요	요	N	2015	64	N	5	8	9	radical-full	水		to pull, drag, break off, to pluck (a flower); bent, warped; perverse, obstinate	手		요:0N	고집스러울 요, 꺾을 요
拘	U+62D8	구	구	Y		64	N	5	8	9	radical-full	水		restrain, seize, detain	手		구:0E	잡을 구
拙	U+62D9	졸	졸	Y		64	N	5	8	9	radical-full	水		stupid, clumsy, crude; convention	手		졸:0E	서툴 졸, 졸할 졸
招	U+62DB	초	초	Y		64	N	5	8	9	radical-full	水		beckon, summon; recruit, levy	手		초:0E	부를 초
拜	U+62DC	배	배	Y		64	N	5	9	9	unicode-total	水		do obeisance, bow, kowtow	手		배:0E	절 배
括	U+62EC	괄	괄	N	2015	64	N	6	9	10	radical-full	水		include, embrace, enclose	手		괄:0N	묶을 괄, 헤아릴 괄
拭	U+62ED	식	식	N	2015	64	N	6	9	10	radical-full	水		wipe away stains with cloth	手		식:0N	닦을 식, 다듬을 식, 씻을 식
拮	U+62EE	길	길	N	2015	64	N	6	9	10	radical-full	水		laboring hard, occupied; pursue	手		길:0N	일할 길, 열심히일할 길 / 길거할 결, 열심히 일할 결
拯	U+62EF	증	증	N	2015	64	N	6	9	10	radical-full	水		help, save, aid; lift, raise	手		증:0N	건질 증
拱	U+62F1	공	공	N	2015	64	N	6	9	10	radical-full	水		fold hands on breast; bow, salute	手		공:0N	두 손 맞잡을 공, 팔짱길 공
拳	U+62F3	권	권	Y		64	N	6	10	10	unicode-total	水		fist; various forms of boxing	手		권:0E	주먹 권
拵	U+62F5	존	존	N	2015	64	N	6	9	10	radical-full	水		to make, prepare, manufacture; workmanship; an arrangement	手		존:1N	꽂을 존
拷	U+62F7	고	고	N	2015	64	N	6	9	10	radical-full	水		torture and interrogate; hit	手		고:0N	가질 고, 때릴 고
拽	U+62FD	예	예	N	2015	64	N	6	9	10	radical-full	水		drag, tow; throw; twist	手		예:1N	당길 예
拾	U+62FE	습,십	습,십	Y	2015	64	N	6	9	10	radical-full	水		pick up, collect, tidy up; accounting form of the numeral ten	手		습:0E 십:0N	주울 습, 거둘 습, 팔찌 습, 벼슬이름 습 / 十의 갖은자, 주울 십
拿	U+62FF	나	나	N	2015	64	N	6	10	10	unicode-total	水		take, hold, grasp; bring; with	手		나:0N	붙잡을 나
持	U+6301	지	지	Y		64	N	6	9	10	radical-full	水		sustain, support; hold, grasp	手		지:0E	가질 지
挂	U+6302	괘	괘	N	2015	64	N	6	9	10	radical-full	水		hang, suspend; suspense	手		괘:1N	그림족자 괘
指	U+6307	지	지	Y		64	N	6	9	10	radical-full	水		finger, toe; point, indicate	手		지:0E	손가락 지
按	U+6309	안	안	N	2015	64	N	6	9	10	radical-full	水		put hand on, press down with hand	手		안:0N	살필 안, 어루만질 안
挌	U+630C	격	격	N	2015	64	N	6	9	10	radical-full	水		fight	手		격:1N	칠 격, 들 격
挐	U+6310	나	나	N	2015	64	N	6	10	10	unicode-total	水		drag	手		나:1N	붙잡을 나
挑	U+6311	도	도	Y		64	N	6	9	10	radical-full	水		a load carried on the shoulders; to carry	手		도:0E	돋을 도, 돋울 도
挒	U+6312	렬	렬	N	2015	64	N	6	9	10	radical-full	水			手	열	렬:1N	
挨	U+6328	애	애	N	2015	64	N	7	10	11	radical-full	木		near, close by, next to, towards, against; to wait; to lean on	手		애:1N	밀칠 애
挪	U+632A	나	나	N	2015	64	N	7	9	11	radical-full|component-kangxi-diff	木		move, shift on one side	手		나:1N	옮길 나
挫	U+632B	좌	좌	N	2015	64	N	7	10	11	radical-full	木		push down; chop down; grind	手		좌:0N	꺽을 좌, 꺾을 좌
振	U+632F	진	진	Y		64	N	7	10	11	radical-full	木		raise, excite, arouse action	手		진:0E	떨칠 진
挹	U+6339	읍	읍	N	2015	64	N	7	10	11	radical-full	木		to bale out; to decant liquids	手		읍:1N	잡아당길 읍, 잔질할 읍
挺	U+633A	정	정	N	2015	64	N	7	9	11	radical-full|component-kangxi-diff	木		to stand upright, straighten; rigid	手		정:0N	빼어날 정, 너그러울 정, 향초이름 정, 뺄 정
挻	U+633B	연	연	N	2015	64	N	7	9	11	radical-full|component-kangxi-diff	木			手		연:0N	당길 연, 달아날 연, 손바닥으로 칠 연
挽	U+633D	만	만	N	2015	64	N	7	10	11	radical-full	木		pull; pull back, draw back	手		만:0N	당길 만
挾	U+633E	협	협	N	2015	64	N	7	10	11	radical-full	木		clasp under arm; hold to bosom	手		협:0N	낄 협, 도울 협, 품을 협
捂	U+6342	오	오	N	2015	64	N	7	10	11	radical-full	木		resist	手		오:1N	부닥칠 오, 거스릴 오
捃	U+6343	군	군	N	2015	64	N	7	10	11	radical-full	木		to pick up, collect	手		군:1N	주울 군
捄	U+6344	구	구	N	2015	64	N	7	10	11	radical-full	木		long and curved	手		구:1N	흙파올릴 구
捆	U+6346	곤	곤	N	2015	64	N	7	10	11	radical-full	木		tie up; bind, truss up; bundle	手		곤:1N	두드릴 곤
捉	U+6349	착	착	Y		64	N	7	10	11	radical-full	木		grasp, clutch; catch, seize	手		착:0E	잡을 착
捌	U+634C	팔	팔	N	2015	64	N	7	10	11	radical-full	木		break open, split open; an accounting version of the numeral eight	手		팔:0N	깨뜨릴 팔, 나눌 팔, 칠 팔
捍	U+634D	한	한	N	2015	64	N	7	10	11	radical-full	木		ward off, guard against, defend	手		한:1N	막을 한
捎	U+634E	소	소	N	2015	64	N	7	10	11	radical-full	木		to select; to take; to carry	手		소:1N	덜 소, 흔들거릴 소, 추릴 소, 버릴 소
捏	U+634F	날	날	N	2015	64	N	7	10	11	radical-full	木		pick with fingers; knead; mold	手		날:0N	이길 날, 찍을 날
捐	U+6350	연	연	N	2015	64	N	7	10	11	radical-full	木		contribute; give up, renounce	手		연:0N	버릴 연, 병들어 죽을 연
捓	U+6353	야	야	N	2015	64	N	7	9	11	radical-full|component-kangxi-diff	木		strive, endeavor	手		야:N	
捕	U+6355	포	포	Y		64	N	7	10	11	radical-full	木		arrest, catch, seize	手		포:0E	사로잡을 포
捗	U+6357	척	척	N	2015	64	N	7	10	11	radical-full	木		make progress	手		척:1N	
捚	U+635A	재	재	N	2015	64	N	7	10	11	radical-full	木			手		재:N	
捧	U+6367	봉	봉	N	2015	64	N	8	11	12	radical-full	木		hold up in two hands	手		봉:0N	받들 봉
捨	U+6368	사	사	Y		64	N	8	11	12	radical-full	木		discard, give up willingly; give alms	手		사:0E	버릴 사
捩	U+6369	렬	렬	N	2015	64	N	8	11	12	radical-full	木		twist with hands; snap, tear	手	열	렬:1N	비틀 렬
捫	U+636B	문	문	N	2015	64	N	8	11	12	radical-full	木		stoke, pat, feel by hand, grope	手		문:1N	어루만질 문, 쓰다듬을 문
据	U+636E	거	거	N	2015	64	N	8	11	12	radical-full	木		to occupy, take possession of; a base, position	手		거:0N	가질 거, 길거할 거, 의지할 거, 손병 거
捱	U+6371	애	애	N	2015	64	N	8	11	12	radical-full	木		put off, procrastinate; endure	手		애:1N	막을 애
捲	U+6372	권	권	N	2015	64	N	8	11	12	radical-full	木		curl, roll up; curly, rolled up	手		권:0N	거둘 권, 주먹쥘 권
捶	U+6376	추	추	N	2015	64	N	8	11	12	radical-full|multi-rs:64.9=13	木		strike with stick, lash, beat	手		추:1N	종아리 칠 추, 짓찧을 추
捷	U+6377	첩	첩	N	2015	64	N	8	11	12	radical-full	木		win, victory, triumph	手		첩:0N	이길 첩
捺	U+637A	날	날	N	2015	64	N	8	11	12	radical-full	木		to press down heavily with the fingers	手		날:0N	누를 날, 도장찍을 날
捻	U+637B	념	념,염	N	2015	64	N	8	11	12	radical-full	木		to twist or nip with the fingers	手	염	념:0N 염:0	비틀 념, 찍을 념 / 손가락으로 찍을 념
捿	U+637F	서	서	N	2015	64	N	8	11	12	radical-full	木		perch; roost; stay	手		서:0N	깃들일 서, 깃드릴 서
掀	U+6380	흔	흔	N	2015	64	N	8	11	12	radical-full	木		lift, raise; stir	手		흔:1N	치켜들 흔
掃	U+6383	소	소	Y		64	N	8	11	12	radical-full	木		sweep, clear away; exterminate	手		소:0E	쓸 소, 상투 소
掄	U+6384	륜	륜	N	2015	64	N	8	11	12	radical-full	木		swing, brandish, flourish	手	윤	륜:1N	가릴 륜
掇	U+6387	철	철	N	2015	64	N	8	11	12	radical-full	木		collect, gather up, pick up	手		철:1N	주울 철
授	U+6388	수	수	Y		64	N	8	11	12	radical-full	木		give to, transmit; confer	手		수:0E	줄 수, 부칠 수
掉	U+6389	도	도	N	2015	64	N	8	11	12	radical-full	木		turn, move; shake, wag; drop down	手		도:0N	흔들 도, 흔들릴 도
掊	U+638A	부	부	N	2015	64	N	8	11	12	radical-full	木		to extract; injure	手		부:1N	그러모을 부
掌	U+638C	장	장	Y		64	N	8	12	12	unicode-total	木		palm of hand, sole of foot, paw	手		장:0E	손바닥 장
掎	U+638E	기	기	N	2015	64	N	8	11	12	radical-full	木		drag aside, pull; drag one foot	手		기:1N	끌 기
掏	U+638F	도	도	N	2015	64	N	8	11	12	radical-full	木		take out; pull out; clean out	手		도:1N	가릴(선택)할 도
排	U+6392	배	배	Y		64	N	8	11	12	radical-full	木		row, rank, line	手		배:0E	밀칠 배, 물리칠 배
掖	U+6396	액	액	N	2015	64	N	8	11	12	radical-full	木		support with the arms; stick in, tuck in; fold up	手		액:0N	겨드랑이에 낄 액
掘	U+6398	굴	굴	N	2015	64	N	8	11	12	radical-full	木		dig, excavate; excavate cave	手		굴:0N	팔 굴
掛	U+639B	괘	괘	Y		64	N	8	11	12	radical-full	木		hang, suspend; suspense	手		괘:0E	걸 괘
掜	U+639C	예	예	N	2015	64	N	8	11	12	radical-full	木			手		예:1N	부칠 예, 비길 예, 잡을 예, 당길 예
掟	U+639F	정	정	N	2015	64	N	8	11	12	radical-full	木		law, commandments, regulations; (Cant.) to throw	手		정:1N	둘러칠 정
掠	U+63A0	략	략,약	Y		64	N	8	11	12	radical-full	木		rob, ransack, plunder; pass by	手	약	략:0E 약:0	노략질할 략 / 노략질할 약
採	U+63A1	채	채	Y		64	N	8	11	12	radical-full	木		gather, collect; pick, select	手		채:0E	캘 채
探	U+63A2	탐	탐	Y		64	N	8	11	12	radical-full	木		find, locate; search, grope for	手		탐:0E	더듬을 탐, 찾을 탐, 취할 탐, 염탐할 탐
接	U+63A5	접	접	Y		64	N	8	11	12	radical-full	木		receive; continue; catch; connect	手		접:0E	사귈 접, 잇닿을 접, 대접할 접
控	U+63A7	공	공	N	2015	64	N	8	11	12	radical-full	木		accuse, charge; control	手		공:0N	당길 공
推	U+63A8	추	추	Y		64	N	8	11	12	radical-full	木		push, expel; push forward	手		추:0E	옮길 추, 가릴 추, 궁구할 추, 차례로옮길 추
掩	U+63A9	엄	엄	N	2015	64	N	8	11	12	radical-full	木		to cover (with the hand); shut, conceal; ambush	手		엄:0N	거둘 엄, 가릴 엄
措	U+63AA	조	조	N	2015	64	N	8	11	12	radical-full	木		place; collect, arrange; employ	手		조:0N	둘 조
掬	U+63AC	국	국	N	2015	64	N	8	11	12	radical-full	木		to grasp or hold with both hands	手		국:1N	두 손으로 움킬 국
掾	U+63BE	연	연	N	2015	64	N	9	12	13	radical-full	火		a general designation of officials	手		연:1N	아전 연, 기인할 연
揀	U+63C0	간	간	N	2015	64	N	9	12	13	radical-full	火		choose; select; pick up; gather	手		간:0N	가릴 간, 분별할 간
揃	U+63C3	전	전	N	2015	64	N	9	12	13	radical-full	火		shear; (Cant.) to skin an animal	手		전:1N	가를 전, 자를 전, 가지런히 할 전
揄	U+63C4	유	유	N	2015	64	N	9	12	13	radical-full	火		lift, raise; praise; hang; flap	手		유:0N	당길 유, 칭찬할 유, 희롱할 유
揆	U+63C6	규	규	N	2015	64	N	9	12	13	radical-full	火		prime minister; to guess, estimate	手		규:0N	헤아릴 규
揉	U+63C9	유	유	N	2015	64	N	9	12	13	radical-full	火		rub, massage; crush by hand	手		유:1N	풀 유, 부드럽게 할 유, 희일 유
描	U+63CF	묘	묘	N	2015	64	N	9	11	13	radical-full|component-kangxi-diff	火		copy, trace, sketch; depict	手		묘:0N	그릴 묘
提	U+63D0	제	제	Y		64	N	9	12	13	radical-full	火		hold in hand; lift in hand	手		제:0E	끌 제, 들 제
插	U+63D2	삽	삽	N	2015	64	N	9	12	13	radical-full	火		insert, stick into; plant	手		삽:N	
揖	U+63D6	읍	읍	N	2015	64	N	9	12	13	radical-full	火		salute, bow; defer to, yield	手		읍:0N	읍할 읍, 나아갈 읍, 깍지낄 읍, 공손할 읍
揚	U+63DA	양	양	Y		64	N	9	12	13	radical-full	火		scatter, spread; praise	手		양:0E	드높일 양, 칭찬할 양, 들날릴 양
換	U+63DB	환	환	Y		64	N	9	12	13	radical-full	火		change, exchange; substitute	手		환:0E	바꿀 환
揟	U+63DF	서	서	N	2015	64	N	9	12	13	radical-full	火			手		서:1N	나무이름 서
揠	U+63E0	알	알	N	2015	64	N	9	12	13	radical-full	火		to pull up, to eradicate	手		알:1N	뽑을 알
握	U+63E1	악	악	N	2015	64	N	9	12	13	radical-full	火		grasp, hold fast, take by hand	手		악:0N	잡을 악, 손아귀 악, 움켜질 악
揣	U+63E3	췌	췌	N	2015	64	N	9	12	13	radical-full	火		put things under clothes	手		췌:1N	잴 취, 시험할 취, 요량할 취
揩	U+63E9	개	개	N	2015	64	N	9	12	13	radical-full	火		rub and wipe, dust, clean	手		개:1N	문지를 개, 문질러 훔칠 개
揫	U+63EB	추	추	N	2015	64	N	9	13	13	unicode-total	火		grasp with hand, pinch	手		추:1N	묶을 추, 거둘 추, 모을 추
揭	U+63ED	게	게	N	2015	64	N	9	12	13	radical-full	火		raise, lift up; surname	手		게:0N	높이 들 게, 옷 걷고 물 건널 게, 등에 질 게
揮	U+63EE	휘	휘	Y		64	N	9	12	13	radical-full	火		direct; wipe away; squander	手		휘:0E	휘두를 휘
揲	U+63F2	설	설	N	2015	64	N	9	12	13	radical-full	火		to sort out the stalks used in divination; to fold	手		설:1N	셀 설
援	U+63F4	원	원	Y		64	N	9	12	13	radical-full	火		aid, assist; lead; cite	手		원:0E	당길 원, 사다리 원, 구원할 원
揵	U+63F5	건	건	N	2015	64	N	9	11	13	radical-full|component-kangxi-diff	火		carry	手		건:1N	멜 건, 막을 건, 들 건
揶	U+63F6	야	야	N	2015	64	N	9	11	13	radical-full|component-kangxi-diff	火		make fun of, ridicule	手		야:0N	희롱할 야
揷	U+63F7	삽	삽	N	2015	64	N	9	12	13	radical-full	火		insert	手		삽:0N	꽂을 삽
搆	U+6406	구	구	N	2015	64	N	10	13	14	radical-full	火		pull, drag; reach; implicate	手		구:1N	얽어맬 구
搉	U+6409	각	각	N	2015	64	N	10	13	14	radical-full	火		knock; pick out; ridicule	手		각:1N	칠 각
損	U+640D	손	손	Y		64	N	10	13	14	radical-full	火		diminish; impair; injure; hexagram ䷨	手		손:0E	덜 손, 잃을 손, 피곤할 손, 삼갈 손, 상할 손, 괘 이름 손
搒	U+6412	방	방	N	2015	64	N	10	13	14	radical-full	火		pole; beat	手		방:1N	배저을 방
搔	U+6414	소	소	N	2015	64	N	10	12	14	radical-full|component-kangxi-diff	火		to scratch	手		소:0N	긁을 소, 휘저을 소, 분분할 소
搖	U+6416	요	요	Y		64	N	10	13	14	radical-full	火		wag, swing, wave; shake; scull	手		요:0E	흔들 요, 회오리 바람 요, 별이름 요
搗	U+6417	도	도	N	2015	64	N	10	13	14	radical-full	火		hull; thresh; beat, attack	手		도:0N	찧을 도
搘	U+6418	지	지	N	2015	64	N	10	13	14	radical-full	火		prop	手		지:N	
搜	U+641C	수	수	Y		64	N	10	12	14	radical-full|kangxi-pos-residual:9>10|component-kangxi-diff	火		search, seek; investigate	手		수:0E	찾을 수, 더듬을 수, 화살 빨리 가는 소리 수, 어지러울 수
搠	U+6420	삭	삭	N	2015	64	N	10	13	14	radical-full	火		to daub; to thrust	手		삭:N	
搢	U+6422	진	진	N	2015	64	N	10	13	14	radical-full	火		to stick into; to shake	手		진:0N	꽂을 진
搤	U+6424	액	액	N	2015	64	N	10	13	14	radical-full	火		seize	手		액:1N	움켜쥘 액
搥	U+6425	추	추	N	2015	64	N	10	12	14	radical-full|component-kangxi-diff	火		beat, pound, strike, throw; shampoo	手		추:1N	북 칠 추
搨	U+6428	탑	탑	N	2015	64	N	10	13	14	radical-full	火		rub, make rubbings of inscription	手		탑:1N	비문 박을 탑, 베낄 탑
搪	U+642A	당	당	N	2015	64	N	10	13	14	radical-full	火		ward off, evade; parry; block	手		당:1N	당동할 당
搫	U+642B	반	반	N	2015	64	N	10	14	14	unicode-total	火		to move, remove, transport	手		반:1N	덜 반
搬	U+642C	반	반	N	2015	64	N	10	13	14	radical-full	火		transfer, move, remove, shift	手		반:0N	옮길 반
搯	U+642F	도	도	N	2015	64	N	10	13	14	radical-full	火		take out, pull out	手		도:1N	두드릴 도
搰	U+6430	골	골	N	2015	64	N	10	12	14	radical-full|component-kangxi-diff	火		dig; turbid; exert; (Cant.) to shake	手		골:1N	팔 골
搴	U+6434	건	건	N	2015	64	N	10	14	14	unicode-total	火		extract; seize; pluck up	手		건:N	
搶	U+6436	창	창	N	2015	64	N	10	13	14	radical-full	火		plunder, rob, take by force	手		창:1N	닿을 창
携	U+643A	휴	휴	Y		64	N	10	13	14	radical-full	火		lead by hand, take with; carry	手		휴:0E	끌 휴, 가질 휴, 떠날 휴, 나눌 휴, 연속할 휴
搾	U+643E	착	착	N	2015	64	N	10	13	14	radical-full	火		to crush with the hand, press, squeeze, extract	手		착:0N	짤 착
摘	U+6458	적	적	Y		64	N	11	14	15	radical-full	土		pluck, pick; select; specify	手		적:0E	딸 적, 돋구어낼 적, 움직일 적
摛	U+645B	리	리	N	2015	64	N	11	13	15	radical-full|component-kangxi-diff	土		to spread (name, news); to be known	手	이	리:N	
摞	U+645E	라	라	N	2015	64	N	11	14	15	radical-full	土		to pile up	手	나	라:N	
摠	U+6460	총	총	N	2015	64	N	11	14	15	radical-full	土		general	手		총:0N	거느릴 총, 모을 총, 무리 총, 장수 총
摧	U+6467	최	최	N	2015	64	N	11	14	15	radical-full	土		destroy, break, injure	手		최:1N	꺾을 최, 망할 최, 저지할 최
摩	U+6469	마	마	N	2015	64	N	11	15	15	unicode-total	土		rub, scour, grind; friction	手		마:0N	갈 마
摭	U+646D	척	척	N	2015	64	N	11	14	15	radical-full	土		pick up, gather	手		척:1N	주울 척
摯	U+646F	지	지	N	2015	64	N	11	15	15	unicode-total	土		sincere, warm, cordial; surname	手		지:0N	잡을 지, 쥘 지
摳	U+6473	구	구	N	2015	64	N	11	14	15	radical-full	土		raise, lift up; tight-fisted	手		구:1N	치마걷어들 구
摸	U+6478	모	모	N	2015	64	N	11	14	15	radical-full	土		gently touch with hand; caress	手		모:0N	찾을 모, 본뜰 모
摹	U+6479	모	모	N	2015	64	N	11	14	15	radical-full	土		trace, copy, duplicate; pattern	手		모:0N	베낄 모
摺	U+647A	접	접	N	2015	64	N	11	14	15	radical-full	土		fold, bend; twisted, curved	手		접:0N	접을 접, 패할 접
摻	U+647B	섬	섬	N	2015	64	N	11	14	15	radical-full	土		a delicate hand; mix, blend, adulterate	手		섬:1N	섬섬할 섬
摽	U+647D	표	표	N	2015	64	N	11	14	15	radical-full	土		throw out; push out; strike	手		표:1N	칠 표, 두를 표, 찔러 밀칠 표, 가슴 만질 표
撅	U+6485	궤	궤	N	2015	64	N	12	15	16	radical-full	土		protrude; snap, break; dig	手		궤:1N	
撈	U+6488	로	로	N	2015	64	N	12	15	16	radical-full	土		scoop out of water; dredge, fish	手	노	로:0N	잡을 로, 건져낼 로
撐	U+6490	탱	탱	N	2015	64	N	12	15	16	radical-full	土		prop up, support; brace; to push off (with a pole)	手		탱:1N	버틸 탱, 취할 탱, 헤칠 탱
撑	U+6491	탱	탱	N	2015	64	N	12	15	16	radical-full	土		prop up, support; brace	手		탱:0N	撐의 俗字, 버틸 탱
撒	U+6492	살	살	N	2015	64	N	12	15	16	radical-full	土		release, cast away, let go; disperse; relax	手		살:0N	뿌릴 살
撓	U+6493	뇨	뇨,요	N	2015	64	N	12	15	16	radical-full	土		scratch; disturb, bother; submit	手	요	뇨:N 요:0	긁을
撕	U+6495	서	서	N	2015	64	N	12	15	16	radical-full	土		rip, tear; buy cloth	手		서:1N	
撙	U+6499	준	준	N	2015	64	N	12	15	16	radical-full	土		economize; abide by, comply with	手		준:1N	누를 준
撚	U+649A	년	년,연	N	2015	64	N	12	15	16	radical-full	土		twirl in fingers, tease, toy with	手	연	년:0N 연:0	비틀 년, 잡을 년 / 잡을 년, 닦을 년, 밟을 년, 손 끝으로 비빌 년
撛	U+649B	린	린	N	2015	64	N	12	15	16	radical-full	土			手	인	린:N	
撝	U+649D	휘	휘	N	2015	64	N	12	15	16	radical-full	土		wave, brandish; modest, humble	手		휘:1N	찣을 휘
撞	U+649E	당	당	N	2015	64	N	12	15	16	radical-full	土		knock against, bump into, collide	手		당:0N	두드릴 당, 칠 당
撟	U+649F	교	교	N	2015	64	N	12	15	16	radical-full	土		correct; to bend or twist; to feign; to raise (the hand)	手		교:1N	들 교
撤	U+64A4	철	철	N	2015	64	N	12	15	16	radical-full	土		omit; remove; withdraw	手		철:0N	거둘 철, 걷을 철
撥	U+64A5	발	발	N	2015	64	N	12	15	16	radical-full	土		move; dispel; distribute; plectrum, play stringed instrument	手		발:0N	다스릴 발
撩	U+64A9	료	료	N	2015	64	N	12	15	16	radical-full	土		lift up, raise; leave, depart	手	요	료:1N	다스릴 료
撫	U+64AB	무	무	N	2015	64	N	12	15	16	radical-full	土		pat, console, comfort; pacify	手		무:0N	어루만질 무, 누를 무
播	U+64AD	파	파	Y		64	N	12	15	16	radical-full	土		sow, spread; broadcast; cast away, reject	手		파:0E	심을 파, 펼칠 파, 버릴 파, 까불 파, 달아날 파
撮	U+64AE	촬	촬	N	2015	64	N	12	15	16	radical-full	土		little bit, small amount, pinch	手		촬:0N	머리 끄덩이 잡을 촬, 당길 촬, 비칠 촬, 사진찍을 촬
撰	U+64B0	찬	찬	N	2015	64	N	12	15	16	radical-full	土		compose, write, compile	手		찬:0N	지을 찬, 글지을 찬
撲	U+64B2	박	박	N	2015	64	N	12	15	16	radical-full	土		pound, beat, strike; attack	手		박:0N	업어질 박, 부딪칠 박 / 닦을 복
撻	U+64BB	달	달	N	2015	64	N	13	15	17	radical-full|component-kangxi-diff	金		flog, whip; chastise; (Cant.) classifier for places; a tart (from the English 'tart')	手		달:0N	매질할 달, 빠를 달
撼	U+64BC	감	감	N	2015	64	N	13	16	17	radical-full	金		move, shake; (Cant.) to fight	手		감:1N	흔들 감, 움직일 감, 깨뜨릴 감
撾	U+64BE	과	과	N	2015	64	N	13	14	17	radical-full|component-kangxi-diff	金		to beat; to strike	手		과:1N	칠 과
撿	U+64BF	검	검	N	2015	64	N	13	16	17	radical-full	金		to pick up	手		검:1N	잡을 검, 구속할 검, 관찰할 검, 비교할 검
擁	U+64C1	옹	옹	Y		64	N	13	16	17	radical-full	金		embrace, hug, squeeze; crowd	手		옹:0E	안을 옹, 품을 옹, 가질 옹
擄	U+64C4	로	노,로	N	2015	64	N	13	16	17	radical-full	金		capture, seize	手	노	노:0 로:0N	사로잡을 로 / 사로잡을 노
擅	U+64C5	천	천	N	2015	64	N	13	16	17	radical-full	金		monopolize; claim; arbitrarily; to dare	手		천:0N	멋대로 천, 오로지 천
擇	U+64C7	택	택	Y		64	N	13	16	17	radical-full	金		select, choose, pick out	手		택:0E	가릴 택, 추릴 택, 차별할 택
擉	U+64C9	착	착	N	2015	64	N	13	16	17	radical-full	金		to pierce; to break through	手		착:1N	찌를 착
擊	U+64CA	격	격	Y		64	N	13	17	17	unicode-total	金		strike, hit, beat; attack, fight	手		격:0E	撃과 同字, 칠 격
操	U+64CD	조	조	Y		64	N	13	16	17	radical-full	金		conduct, run, control, manage	手		조:0E	잡을 조
擎	U+64CE	경	경	N	2015	64	N	13	16	17	radical-full	金		lift up, hold up, support	手		경:0N	들 경
擐	U+64D0	환	환	N	2015	64	N	13	16	17	radical-full	金		to put on	手		환:1N	입을 환
擒	U+64D2	금	금	N	2015	64	N	13	15	17	radical-full|component-kangxi-diff	金		catch, capture, seize, arrest	手		금:0N	사로잡을 금
擔	U+64D4	담	담	Y		64	N	13	16	17	radical-full	金		carry, bear, undertake	手		담:0E	질 담
擗	U+64D7	벽	벽	N	2015	64	N	13	16	17	radical-full	金		to beat the breast	手		벽:1N	가슴칠 벽
擘	U+64D8	벽	벽	N	2015	64	N	13	17	17	unicode-total	金		thumb; break, tear open, rip	手		벽:0N	엄지손가락 벽, 나눌 벽
據	U+64DA	거	거	Y		64	N	13	16	17	radical-full	金		to occupy, take possession of; a base	手		거:0E	의지할 거, 기댈 거, 웅거할 거, 짚을 거
擠	U+64E0	제	제	N	2015	64	N	14	17	18	radical-full	金		crowd, squeeze, push against	手		제:1N	물리칠 제
擡	U+64E1	대	대	N	2015	64	N	14	17	18	radical-full	金		carry, raise, lift	手		대:0N	들 대
擢	U+64E2	탁	탁	N	2015	64	N	14	17	18	radical-full	金		pull up, draw up; select	手		탁:0N	뽑을 탁, 뺄 탁, 솟을 탁, 이길 탁
擣	U+64E3	도	도	N	2015	64	N	14	17	18	radical-full	金		hull; thresh; beat, attack	手		도:1N	찧을 도
擥	U+64E5	람	람	N	2015	64	N	15	18	19	radical-full|kangxi-pos:64.14	水		drive away, expel, oust	手	남	람:0N	攬과 同字, 잡아다릴 람
擦	U+64E6	찰	찰	N	2015	64	N	14	17	18	radical-full	金		wipe, scrub, rub, scour; brush	手		찰:0N	뿌릴 찰, 문지를 찰
擧	U+64E7	거	거	Y		64	N	14	18	18	unicode-total	金		raise, lift up; recommend	手		거:0E	들 거, 받들 거, 움직일 거, 일걸을 거
擬	U+64EC	의	의	N	2015	64	N	14	17	18	radical-full	金		draft; intend, plan, propose	手		의:0N	의논할 의, 헤아릴 의, 흡사할 의, 비길 의
擯	U+64EF	빈	빈	N	2015	64	N	14	17	18	radical-full	金		exclude, expel, reject; usher	手		빈:1N	물리칠 빈
擱	U+64F1	각	각	N	2015	64	N	14	17	18	radical-full	金		place, put, lay down; delay	手		각:1N	놓을 각
擲	U+64F2	척	척	N	2015	64	N	15	17	19	radical-full|component-kangxi-diff	水		throw (down), hurl, cast, fling	手		척:0N	던질 척, 버릴 척
擴	U+64F4	확	확	Y		64	N	15	17	19	radical-full|component-kangxi-diff	水		expand, enlarge, stretch	手		확:0E	넓힐 확
擺	U+64FA	파	파	N	2015	64	N	15	18	19	radical-full	水		put, place; display; swing, sway	手		파:0N	열 파, 헤칠 파, 제거할 파, 손뼉칠 파
擾	U+64FE	요	요	N	2015	64	N	15	18	19	radical-full	水		disturb, annoy, agitate	手		요:0N	길들일 요, 번거로울 요, 길드릴 요
攀	U+6500	반	반	N	2015	64	N	15	19	19	unicode-total	水		climb; pull; hang on to	手		반:0N	더위잡을 반, 끌어당길 반
攂	U+6502	뢰	뢰	N	2015	64	N	15	18	19	radical-full	水		to beat a drum	手	뇌	뢰:1N	
攄	U+6504	터	터	N	2015	64	N	15	18	19	radical-full	水		spread, disperse; vent, set forth	手		터:0N	펼칠 터, 흩을 터, 날칠 터, 비길 터, 헤칠 터
攇	U+6507	헌	헌	N	2015	64	N	16	19	20	radical-full	水			手		헌:1N	비길 헌, 물건 맬 헌
攊	U+650A	력	력	N	2015	64	N	16	19	20	radical-full	水			手	역	력:1N	
攏	U+650F	롱	롱	N	2015	64	N	16	19	20	radical-full	水		collect, bring together	手	농	롱:1N	누를 롱
攔	U+6514	란	란	N	2015	64	N	17	20	21	radical-full	木		obstruct, impede, bar, hinder	手	난	란:1N	막을 란
攘	U+6518	양	양	N	2015	64	N	17	20	21	radical-full	木		seize, take by force; repel	手		양:0N	물리칠 양, 빼앗을 양, 밀칠 양
攙	U+6519	참	참	N	2015	64	N	17	20	21	radical-full	木		to give a helping hand; to support, hold up	手		참:1N	찌를 참
攛	U+651B	찬	찬	N	2018	64	N	18	21	22	radical-full	木		hurry; to throw; to urge; (Cant.) to seduce	手		찬:N	
攝	U+651D	섭	섭	Y		64	N	18	21	22	radical-full	木		take in, absorb; act as deputy; administer, assist	手		섭:0E	몰아 잡을 섭, 끌 섭, 단정하게 할 섭, 겸할 섭, 거둘 섭, 기록할 섭, 항복할 섭
攢	U+6522	찬	찬	N	2015	64	N	19	22	23	radical-full	火		save, hoard	手		찬:1N	모일 찬
攣	U+6523	련	련	N	2015	64	N	19	23	23	unicode-total	火		tangled; entwined; crooked	手	연	련:0N	걸릴 련
攤	U+6524	탄	탄	N	2015	64	N	19	22	23	radical-full	火		spread out, open; apportion	手		탄:1N	열 탄, 펼칠 탄
攪	U+652A	교	교	N	2015	64	N	20	23	24	radical-full	火		disturb, agitate, stir up	手		교:0N	어지러울 교
攫	U+652B	확	확	N	2015	64	N	20	23	24	radical-full	火		snatch away, seize; catch with	手		확:0N	붙잡을 확, 움킬 확
攬	U+652C	람	람	N	2015	64	N	21	24	25	radical-full	土		grasp, take hold of; monopolize	手	남	람:0N	잡을 람
支	U+652F	지	지	Y		65	N	0	4	4	unicode-total	火		disperse, pay; support; branch	支		지:0E	가를 지, 지탱할 지
攲	U+6532	기	기	N	2015	65	N	8	12	12	unicode-total	木		up; uneven	支		기:1N	기울기 기
收	U+6536	수	수	Y		66	N	2	6	6	unicode-total	土		gather together, collect; harvest	攴		수:0E	모을 수, 거둘 수, 잡을 수, 수레바퀴 수
攷	U+6537	고	고	N	2015	66	N	2	6	6	unicode-total	土		examine, test; investigate	攴		고:0N	考의 古字, 생각할 고
攸	U+6538	유	유	N	2015	66	N	3	7	7	unicode-total	金		distant, far; adverbial prefix	攴		유:0N	곳 유, 휙 달아날 유, 아득할 유, 대롱거릴 유
改	U+6539	개	개	Y		66	N	3	7	7	unicode-total	金		change, alter; improve, remodel	攴		개:0E	고칠 개, 거듭할 개, 바꿀 개
攻	U+653B	공	공	Y		66	N	3	7	7	unicode-total	金		attack, assault; criticize	攴		공:0E	칠 공
攽	U+653D	반	반	N	2015	66	N	4	8	8	unicode-total	金		to divide, allot; to send to	攴		반:1N	나눌 반
放	U+653E	방	방	Y		66	N	4	8	8	unicode-total	金		put, release, free, liberate	攴		방:0E	놓을 방
政	U+653F	정	정	Y		66	N	4	9	9	total-gt-rs-check	水		government, political affairs	攴		정:0E	정사 정, 바르게 할 정, 조세 정
敃	U+6543	민	민	N	2015	66	N	5	9	9	unicode-total	水		strong; robust; vigorous	攴		민:N	
故	U+6545	고	고	Y		66	N	5	9	9	unicode-total	水		ancient, old; reason, because	攴		고:0E	옛 고, 연고 고
效	U+6548	효	효	Y		66	N	6	10	10	unicode-total	水		result, effect; effectiveness	攴		효:0E	본받을 효
敉	U+6549	미	미	N	2015	66	N	6	10	10	unicode-total	水		pacify, soothe, stabilize	攴		미:1N	어루만질 미
敍	U+654D	서	서	Y		66	N	7	11	11	unicode-total	木		express, state, relate, narrate	攴		서:0E	차례 서, 베풀 서
敎	U+654E	교	교	Y		66	N	7	11	11	unicode-total	木		teach	攴		교:0E	가르침 교, 가르칠 교
敏	U+654F	민	민	Y		66	N	7	11	11	unicode-total	木		fast, quick, clever, smart	攴		민:0E	민첩할 민
救	U+6551	구	구	Y		66	N	7	11	11	unicode-total	木		save, rescue, relieve; help, aid	攴		구:0E	구원할 구
敒	U+6552	진	진	N	2015	66	N	7	11	11	unicode-total	木			攴		진:N	
敔	U+6554	어	어	N	2015	66	N	7	11	11	unicode-total	木		gavel	攴		어:1N	금할 어, 풍류그칠 어
敕	U+6555	칙	칙	N	2015	66	N	7	11	11	unicode-total	木		an imperial order or decree	攴		칙:1N	경계할 칙, 다스릴 칙, 삼갈 칙, 바를 칙, 칙서 칙, 기릴 칙, 신칙할 칙
敖	U+6556	오	오	N	2015	66	N	7	11	11	unicode-total	木		ramble, play about; leisurely; surname	攴		오:0N	희롱할 오, 거만할 오, 오만할 오
敗	U+6557	패	패	Y		66	N	7	11	11	unicode-total	木		be defeated, decline, fail	攴		패:0E	헐어질 패, 무너질 패, 깨어질 패, 썪을 패, 패할 패
敘	U+6558	서	서	N	2015	66	N	7	11	11	unicode-total	木		express, state, relate, narrate	攴		서:N	
教	U+6559	교	교	N	2015	66	N	7	11	11	unicode-total	木		teach, class	攴		교:N	
敝	U+655D	폐	폐	N	2015	66	N	8	11	12	kangxi-sum	木		break, destroy; broken, tattered	攴		폐:1N	옷 해질 폐, 버릴 폐, 무너질 폐, 실패할 폐, 활줌통 폐
敞	U+655E	창	창	N	2015	66	N	8	12	12	unicode-total	木		roomy, spacious, open, broad	攴		창:0N	높을 창, 열 창
敢	U+6562	감	감	Y		66	N	8	12	12	unicode-total	木		to dare, venture; bold, brave	攴		감:0E	감히 감, 구태여 감, 날랠 감, 용맹할 감
散	U+6563	산	산	Y		66	N	8	12	12	unicode-total	木		scatter, disperse, break up	攴		산:0E	흩을 산, 흩어질 산
敦	U+6566	돈	돈	Y		66	N	8	12	12	unicode-total	木		esteem; honest, candid, sincere	攴		돈:0E	도타울 돈
敬	U+656C	경	경	Y		66	N	9	13	13	unicode-total	火		respect, honor; respectfully	攴		경:0E	공경할 경
敭	U+656D	양	양	N	2015	66	N	9	13	13	unicode-total|kangxi-pos-residual:8>9	火		scatter, spread; praise; raise	攴		양:0N	오를 양, 칭찬할 양
敲	U+6572	고	고	N	2015	66	N	10	14	14	unicode-total	火		strike, beat, pound, hammer; rap	攴		고:0N	두드릴 고
整	U+6574	정	정	Y		66	N	11	16	16	total-gt-rs-check|kangxi-pos:66.12-13	土		orderly, neat, tidy; whole	攴		정:0E	가지런할 정, 정돈할 정
敵	U+6575	적	적	Y		66	N	11	15	15	unicode-total	土		enemy, foe, rival; resist	攴		적:0E	대적할 적, 원수 적, 무리 적, 막을 적
敷	U+6577	부	부	N	2015	66	N	11	15	15	unicode-total	土		spread, diffuse; apply, paint	攴		부:0N	펼 부, 베풀 부
數	U+6578	삭,수	삭,수	Y	2015	66	N	11	15	15	unicode-total	土		number; several; count; fate	攴		삭:0N 수:0E	자주 삭 / 헤아릴 수, 수죄할 수, 몇 수, 이치 수, 자주 수
敾	U+657E	선	선	N	2015	66	N	12	16	16	unicode-total	土		to rule	攴		선:0N	글잘쓸 선
斁	U+6581	두	두	N	2015	66	N	13	17	17	unicode-total	金		dislike; be weary of; explain	攴		두:1N	섞을 두
斂	U+6582	렴	렴	N	2015	66	N	13	17	17	unicode-total	金		draw back, fold back; collect	攴	염	렴:0N	거둘 렴
斃	U+6583	폐	폐	N	2015	66	N	14	17	18	kangxi-sum	金		kill; die violent death	攴		폐:0N	죽을 폐, 엎드러질 폐, 자빠질 폐
斅	U+6585	효	효	N	2015	66	N	16	20	20	unicode-total	水		teach, instruct; be aroused; awake; intelligent	攴		효:0N	가르칠 효, 깨우칠 효
文	U+6587	문	문	Y		67	N	0	4	4	unicode-total	火		literature, culture, writing	文		문:0E	무늬 문, 얼룩 문, 글월 문
斌	U+658C	빈	빈	N	2015	67	N	7	12	12	total-gt-rs-check	木		refined, having both appearance	文		빈:0N	빛날 빈, 문채날 빈
斐	U+6590	비	비	N	2015	67	N	8	12	12	unicode-total	木		graceful, elegant, beautiful	文		비:0N	오락가락할 비, 아롱질 비
斑	U+6591	반	반	N	2015	67	N	8	12	12	unicode-total	木		mottled, striped, freckle	文		반:0N	얼룩 반, 아롱질 반
斕	U+6595	란	란	N	2018	67	N	17	21	21	unicode-total	木		multicolored	文	난	란:N	
斗	U+6597	두	두	Y		68	N	0	4	4	unicode-total	火		a dipper; unit of volume (ten 升 or litres); Kangxi radical 68; 8th lunar mansion, determinative star φ Sagittarii	斗		두:0E	말 두
料	U+6599	료	료,요	Y		68	N	6	10	10	unicode-total	水		consider, conjecture; materials, ingredients	斗	요	료:0E 요:0	되질할 료, 헤아릴 료 / 말질할 료, 헤아릴 료, 대금 료
斛	U+659B	곡	곡	N	2015	68	N	7	11	11	unicode-total	木		dry measure equal to some five or ten dou (see 舒)	斗		곡:0N	휘 곡, 헤아릴 곡
斜	U+659C	사	사	Y		68	N	7	11	11	unicode-total	木		slanting, sloping, inclined	斗		사:0E	비낄 사, 비뚤어질 사
斝	U+659D	가	가	N	2015	68	N	8	12	12	unicode-total	木		small jade wine cup	斗		가:1N	옥잔 가
斟	U+659F	짐	짐	N	2015	68	N	9	13	13	unicode-total	火		to pour wine or tea into a cup; to gauge	斗		짐:0N	술 따를 짐, 짐작할 짐
斡	U+65A1	알	알	N	2015	68	N	10	14	14	unicode-total	火		revolve, rotate, turn	斗		알:0N	돌릴 알, 주선할 알
斤	U+65A4	근	근	Y		69	N	0	4	4	unicode-total	火	金	a catty (approximately 600 g); an axe; keen, shrewd; Kangxi radical 69	斤		근:0E	근 근
斥	U+65A5	척	척	Y		69	N	1	5	5	unicode-total	土	金	to scold, upbraid, accuse, reproach	斤		척:0E	물리칠 척, 내칠 척
斧	U+65A7	부	부	N	2015	69	N	4	8	8	unicode-total	金	金	axe, hatchet; chop, hew	斤		부:0N	도끼 부
斫	U+65AB	작	작	N	2015	69	N	5	9	9	unicode-total	水	金	cut, chop, lop off	斤		작:0N	벨 작, 쪼갤 작
斬	U+65AC	참	참	N	2015	69	N	7	11	11	unicode-total	木	金	cut, chop, sever; behead	斤		참:0N	벨 참
斯	U+65AF	사	사	Y		69	N	8	12	12	unicode-total	木	金	this, thus, such; to lop off; emphatic particle	斤		사:0E	이 사
新	U+65B0	신	신	Y		69	N	9	13	13	unicode-total	火	金	new, recent, fresh, modern	斤		신:0E	새 신, 처음 신, 고울 신
斱	U+65B1	작	작	N	2015	69	N	9	12	13	kangxi-sum	火	金		斤		작:1N	쪼갤 작
斲	U+65B2	착	착	N	2015	69	N	10	14	14	unicode-total	火	金	cut, chop, hack	斤		착:1N	깎을 착
斴	U+65B4	린	린	N	2018	69	N	12	16	16	unicode-total	土	金	the sound of water flowing among rocks	斤	인	린:N	
斷	U+65B7	단	단	Y		69	N	14	18	18	unicode-total	金	金	sever, cut off; interrupt	斤		단:0E	끊을 단
方	U+65B9	방	방	Y		70	N	0	4	4	unicode-total	火		a square, rectangle; a region; local	方		방:0E	모 방, 방위 방
於	U+65BC	어	어	Y		70	N	4	8	8	unicode-total	金		in, at, on; interjection alas!	方		어:0E	방향의 어조사 어, 대신할 어
施	U+65BD	시	시	Y		70	N	5	9	9	unicode-total	水		grant, bestow; give; act; name	方		시:0E	베풀 시, 쓸 시, 더할 시, 안팎 곱사등이 시, 버릴 시, 줄 시, 은혜 시, 공로 시
旁	U+65C1	방	방	N	2015	70	N	6	10	10	unicode-total	水		side; by side, close by, near	方		방:0N	두루 방, 넓을 방
旂	U+65C2	기	기	N	2015	70	N	6	10	10	unicode-total	水		flag	方		기:1N	기 기
旃	U+65C3	전	전	N	2015	70	N	6	10	10	unicode-total	水		silk banner with bent pole	方		전:1N	기 전, 말 그칠 전
旄	U+65C4	모	모	N	2015	70	N	6	10	10	unicode-total	水		a kind of ancient flag; old	方		모:1N	깃대 장식 모
旅	U+65C5	려	려,여	Y		70	N	6	10	10	unicode-total	水		trip, journey; travel; traveler; hexagram ䷷	方	여	려:0E 여:0	군사 려, 나그네 려 / 나그네 려, 베풀 려
旆	U+65C6	패	패	N	2015	70	N	6	10	10	unicode-total	水		flag ornament; flags, banners	方		패:1N	기 패, 깃발 날릴 패
旊	U+65CA	방	방	N	2015	70	N	7	10	11	kangxi-sum|kangxi-pos-residual:6>7	木			方		방:1N	옹기장 방
旋	U+65CB	선	선	Y		70	N	7	11	11	unicode-total	木		revolve, move in orbit; return	方		선:0E	돌 선
旌	U+65CC	정	정	N	2015	70	N	7	11	11	unicode-total	木		banner or flag adorned with feathers; to signal	方		정:0N	장목기 정, 표시할 정, 표할 정
族	U+65CF	족	족	Y		70	N	7	11	11	unicode-total	木		a family clan, ethnic group, tribe	方		족:0E	겨레 족
旒	U+65D2	류	류	N	2015	70	N	9	13	13	unicode-total	火		fringes of pearls on crowns	方	유	류:0N	깃발 류, 깃술 류
旗	U+65D7	기	기	Y		70	N	10	14	14	unicode-total	火		banner, flag, streamer	方		기:0E	기 기
无	U+65E0	무	무	N	2015	71	N	0	4	4	unicode-total	火		negative, no, not; Kangxi radical 71	无		무:0N	없을 무
旣	U+65E3	기	기	Y		71	N	7	11	11	unicode-total	木		already; de facto; since; then	无		기:0E	이미 기
日	U+65E5	일	일	Y		72	N	0	4	4	unicode-total	火	火	sun; day; daytime	日		일:0E	날 일
旦	U+65E6	단	단	Y		72	N	1	5	5	unicode-total	土	火	dawn; morning; day	日		단:0E	밝을 단, 아침 단
旨	U+65E8	지	지	N	2015	72	N	2	6	6	unicode-total	土	火	purpose, aim; excellent	日		지:0N	맛있을 지, 뜻 지
早	U+65E9	조	조	Y		72	N	2	6	6	unicode-total	土	火	early; soon; morning	日		조:0E	새벽 조, 이를 조
旬	U+65EC	순	순	Y		72	N	2	6	6	unicode-total	土	火	ten-day period; period of time	日		순:0E	열흘 순, 두루할 순, 고를 순, 가득할 순, 요사스런 별 순
旭	U+65ED	욱	욱	N	2015	72	N	2	6	6	unicode-total	土	火	rising sun; brilliance; radiant	日		욱:0N	빛날 욱, 햇살 치밀 욱, 교만할 욱
旱	U+65F1	한	한	Y		72	N	3	7	7	unicode-total	金	火	drought; dry; dry land	日		한:0E	가물 한
旲	U+65F2	대,영	대,영	N	2015	72	N	3	7	7	unicode-total	金	火		日		대:1N 영:N	햇빛 대
旴	U+65F4	우	우	N	2015	72	N	3	7	7	unicode-total	金	火	dawn	日		우:0N	해 돋을 우, 새벽 우
旹	U+65F9	시	시	N	2018	72	N	4	8	8	unicode-total	金	火	time, season; era, age, period	日		시:N	
旺	U+65FA	왕	왕	N	2015	72	N	4	8	8	unicode-total	金	火	prosper; prosperous; increase	日		왕:0N	고울 왕, 해무리 왕, 성할 왕, 왕성할 왕
旻	U+65FB	민	민	N	2015	72	N	4	8	8	unicode-total	金	火	heaven	日		민:0N	하늘 민, 가을하늘 민
旼	U+65FC	민	민	N	2015	72	N	4	8	8	unicode-total	金	火	gentle and affable	日		민:0N	온화할 민
旽	U+65FD	돈	돈	N	2015	72	N	4	8	8	unicode-total	金	火	morning sun, sunrise	日		돈:0N	늘 돋을 돈, 먼동틀 돈
旿	U+65FF	오	오	N	2015	72	N	4	8	8	unicode-total	金	火		日		오:0N	밝을 오, 대낮 오
昀	U+6600	윤	윤	N	2015	72	N	4	8	8	unicode-total	金	火	sun light; used in personal names	日		윤:1N	
昂	U+6602	앙	앙	N	2015	72	N	4	8	8	unicode-total	金	火	rise, raise; proud, bold; upright	日		앙:N	밝을,높을
昃	U+6603	측	측	N	2015	72	N	4	8	8	unicode-total	金	火	afternoon; the sun in the afternoon sky; to decline	日		측:1N	
昆	U+6606	곤	곤	N	2015	72	N	4	8	8	unicode-total	金	火	elder brother; descendants	日		곤:0N	형 곤, 맏.형 곤
昇	U+6607	승	승	Y		72	N	4	8	8	unicode-total	金	火	rise, ascent; peaceful; peace	日		승:0E	해 돋을 승, 풍년들 승, 오를 승
昈	U+6608	호	호	N	2018	72	N	4	8	8	unicode-total	金	火		日		호:N	
昉	U+6609	방	방	N	2015	72	N	4	8	8	unicode-total	金	火	bright dawn, daybreak; appear	日		방:0N	마침 방, 밝을 방
昊	U+660A	호	호	N	2015	72	N	4	8	8	unicode-total	金	火	summer time; sky; heaven	日		호:0N	하늘 호, 큰 모양 호, 여름하늘 호
昌	U+660C	창	창	Y		72	N	4	8	8	unicode-total	金	火	light of sun; good, proper	日		창:0E	창성할 창
昍	U+660D	헌,훤	헌,훤	N	2015	72	N	4	8	8	unicode-total	金	火		日		헌:N 훤:N	
明	U+660E	명	명	Y		72	N	4	8	8	unicode-total	金	火	bright, light, brilliant; clear	日		명:0E	밝을 명
昏	U+660F	혼	혼	Y		72	N	4	8	8	unicode-total	金	火	dusk, nightfall, twilight, dark	日		혼:0E	어두울 혼
昐	U+6610	분	분	N	2015	72	N	4	8	8	unicode-total	金	火		日		분:0N	햇빛
昑	U+6611	금	금	N	2015	72	N	4	8	8	unicode-total	金	火	bright	日		금:0N	밝을 금
易	U+6613	역,이	역,이	Y	2015	72	N	4	8	8	unicode-total	金	火	change; easy	日		역:0E 이:0N	바꿀 역 / 쉬울 이, 다스릴 이, 게으를 이, 편할 이, 바꿀 이
昔	U+6614	석	석	Y		72	N	4	8	8	unicode-total	金	火	formerly; ancient; in beginning	日		석:0E	옛 석
昕	U+6615	흔	흔	N	2015	72	N	4	8	8	unicode-total	金	火	dawn; early morning; day	日		흔:0N	아침 흔, 해돋을 흔
昛	U+661B	거	거	N	2015	72	N	5	8	9	kangxi-sum	水	火		日		거:1N	밝을 거
昜	U+661C	양	양	N	2015	72	N	5	9	9	unicode-total	水	火	to open out, to expand; bright, glorious	日		양:N	
昞	U+661E	병	병	N	2015	72	N	5	9	9	unicode-total	水	火	bright, luminous; glorious	日		병:0N	밝을 병
星	U+661F	성	성	Y		72	N	5	9	9	unicode-total	水	火	a star, planet; any point of light; 25th lunar mansion, determinative star α Hydrae (Alphard)	日		성:0E	별 성, 희뜩희뜩할 성, 세월 성, 성시 성
映	U+6620	영	영	Y		72	N	5	9	9	unicode-total	水	火	project; reflect light	日		영:0E	비칠 영, 빛날 영
昡	U+6621	현	현	N	2015	72	N	5	9	9	unicode-total	水	火	long day; extended; relaxed	日		현:1N	햇빛 현
昣	U+6623	진	진	N	2015	72	N	5	9	9	unicode-total	水	火		日		진:N	
昤	U+6624	령	령	N	2015	72	N	5	9	9	unicode-total	水	火	sunshine	日	영	령:1N	날 빛 영롱할 령
春	U+6625	춘	춘	Y		72	N	5	9	9	unicode-total	水	火	spring; wanton	日		춘:0E	봄 춘, 남녀의 정 춘, 술 춘, 온화할 춘
昧	U+6627	매	매	N	2015	72	N	5	9	9	unicode-total	水	火	obscure, dark; darken	日		매:0N	새벽 매, 먼동틀 매
昨	U+6628	작	작	Y		72	N	5	9	9	unicode-total	水	火	yesterday; in former times, past	日		작:0E	어제 작
昫	U+662B	구	구	N	2015	72	N	5	9	9	unicode-total	水	火	warm	日		구:1N	해돋아 따뜻할 구
昭	U+662D	소,조	소,조	Y	2015	72	N	5	9	9	unicode-total	水	火	bright, luminous; illustrious	日		소:0E 조:N	소명할 소, 소목 소, 태평세월 소, 밝을 소
是	U+662F	시	시	Y		72	N	5	9	9	unicode-total	水	火	indeed, yes, right; to be; demonstrative pronoun, this, that	日		시:0E	이 시, 바를 시, 곧을 시
昰	U+6630	하	하	N	2015	72	N	5	9	9	unicode-total	水	火	variant of 'to be'; summer; name	日		하:0N	是와 同字, 여름 하 / 是와 同字
昱	U+6631	욱	욱	N	2015	72	N	5	9	9	unicode-total	水	火	bright light, sunlight; dazzling	日		욱:0N	햇빛 밝을 욱
昴	U+6634	묘	묘	N	2015	72	N	5	9	9	unicode-total	水	火	18th lunar mansion, determinative star 17 Tauri (Electra)	日		묘:0N	별자리 이름 묘, 별이름 묘
昵	U+6635	닐	닐	N	2015	72	N	5	9	9	unicode-total	水	火	intimate, close; approach	日	일	닐:1N	가깝게 할 닐
昶	U+6636	창	창	N	2015	72	N	5	9	9	unicode-total	水	火	a long day. bright. extended. clear	日		창:0N	밝을 창
昷	U+6637	온	온	N	2015	72	N	5	9	9	unicode-total	水	火	to feed a prisoner	日		온:1N	어질 온
昺	U+663A	병	병	N	2015	72	N	5	9	9	unicode-total	水	火	bright, glorious; brilliant	日		병:0N	昞과 同字, 밝을 병
昻	U+663B	앙	앙	N	2015	72	N	5	9	9	unicode-total	水	火	rise	日		앙:0N	오를 앙, 밝을 앙
晁	U+6641	조	조	N	2015	72	N	6	10	10	unicode-total	水	火	morning, dawn; surname	日		조:0N	朝의 古字, 아침 조
時	U+6642	시	시	Y		72	N	6	10	10	unicode-total	水	火	time, season; era, age, period	日		시:0E	때 시, 끼니 시, 이 시, 엿볼 시, 가끔 시
晃	U+6643	황	황	N	2015	72	N	6	10	10	unicode-total	水	火	bright, dazzling; to sway, shake	日		황:0N	밝을 황, 햇빛 황
晄	U+6644	황	황	N	2015	72	N	6	10	10	unicode-total	水	火	bright, dazzling; to sway, shake	日		황:0N	晃과 同字, 밝을 황
晈	U+6648	교	교	N	2015	72	N	6	10	10	unicode-total	水	火		日		교:1N	달 밝을 교
晉	U+6649	진	진	N	2015	72	N	6	10	10	unicode-total	水	火	advance, increase; promote; hexagram ䷢	日		진:0N	進과 同字, 나아갈 진
晋	U+664B	진	진	N	2015	72	N	6	10	10	unicode-total	水	火	advance, increase; promote	日		진:0N	晉의 俗字, 나아갈 진
晌	U+664C	상	상	N	2015	72	N	6	10	10	unicode-total	水	火	noon, midday; moment; unit land measurement equal to seven mou (see 畝), or the area that can be sown in one day	日		상:1N	정오 상
晎	U+664E	홍	홍	N	2015	72	N	6	10	10	unicode-total	水	火		日		홍:1N	날 밝으려 할 홍
晏	U+664F	안	안	N	2015	72	N	6	10	10	unicode-total	水	火	peaceful, quiet; clear; late in the day	日		안:0N	늦을 안, 편안할 안
晐	U+6650	해	해	N	2015	72	N	6	10	10	unicode-total	水	火		日		해:N	
晑	U+6651	향	향	N	2015	72	N	6	10	10	unicode-total	水	火		日		향:N	
晙	U+6659	준	준	N	2015	72	N	7	11	11	unicode-total	木	火	early; bright; respect	日		준:0N	밝을 준
晚	U+665A	만	만	Y		72	N	7	11	11	unicode-total	木	火	night, evening; late	日		만:E	
晛	U+665B	현	현	N	2015	72	N	7	11	11	unicode-total	木	火	sunlight	日		현:0N	햇발 현, 볕기운 현
晝	U+665D	주	주	Y		72	N	7	11	11	unicode-total	木	火	daytime, daylight	日		주:0E	낮 주
晞	U+665E	희	희	N	2015	72	N	7	11	11	unicode-total	木	火	dry, expose sun; dawn	日		희:0N	마를 희
晟	U+665F	성	성	N	2015	72	N	7	11	11	unicode-total	木	火	clear, bright; splendor, brightness	日		성:0N	밝을 성, 햇살 퍼질 성
晠	U+6660	성	성	N	2015	72	N	7	10	11	kangxi-sum	木	火		日		성:N	
晡	U+6661	포	포	N	2015	72	N	7	11	11	unicode-total	木	火	late afternoon	日		포:1N	신시 포, 해질 포
晢	U+6662	절,제	절,제	N	2015	72	N	7	11	11	unicode-total	木	火	light of stars; shine	日		절:1N 제:N	밝을 절, 비칠 절
晤	U+6664	오	오	N	2015	72	N	7	11	11	unicode-total	木	火	have interview with; meet	日		오:0N	밝을 오, 만날 오
晥	U+6665	환	환	N	2015	72	N	7	11	11	unicode-total	木	火	Anhui province	日		환:0N	환할 환
晦	U+6666	회	회	N	2015	72	N	7	11	11	unicode-total	木	火	dark, unclear, obscure; night	日		회:0N	그믐 회
晧	U+6667	호	호	N	2015	72	N	7	11	11	unicode-total	木	火	daybreak; bright and brilliant	日		호:0N	밝을 호, 빛날 호, 해돋을 호
晨	U+6668	신	신	Y		72	N	7	11	11	unicode-total	木	火	early morning, daybreak	日		신:0E	샛별 신, 아침을 아뢸 신, 새벽 신
晫	U+666B	탁	탁	N	2015	72	N	8	12	12	unicode-total	木	火	bright	日		탁:0N	환할 탁, 밝을 탁
晬	U+666C	수	수	N	2015	72	N	8	12	12	unicode-total	木	火	first birthday of a child	日		수:1N	돐 쉬, 첫 생일 쉬
晭	U+666D	주	주	N	2015	72	N	8	12	12	unicode-total	木	火		日		주:N	
普	U+666E	보	보	Y		72	N	8	12	12	unicode-total	木	火	universal, general, widespread	日		보:0E	널리 보, 넓을 보
景	U+666F	경	경	Y		72	N	8	12	12	unicode-total	木	火	scenery, view; conditions	日		경:0E	별 경, 볕 경
晰	U+6670	석	석	N	2015	72	N	8	12	12	unicode-total	木	火	clear, evident; clearly	日		석:1N	밝을 석
晳	U+6673	석	석	N	2015	72	N	8	12	12	unicode-total	木	火	fair; white; clear; discriminate	日		석:0N	밝을 석, 분석할 석
晴	U+6674	청	청	Y	2015	72	N	8	12	12	unicode-total	木	火	clear weather, fine weather	日		청:0EN	갤 청
晶	U+6676	정	정	N	2015	72	N	8	12	12	unicode-total	木	火	crystal; clear, bright; radiant	日		정:0N	수정 정, 맑을 정, 빛날 정
晷	U+6677	귀	귀	N	2015	72	N	8	12	12	unicode-total	木	火	shadows of sun; time; sundial	日		귀:0N	시각 귀, 해그림자 귀
晸	U+6678	정	정	N	2015	72	N	8	13	13	total-gt-rs-check	火	火	appearance of the sun	日		정:0N	해돋는모양
晹	U+6679	역	역	N	2015	72	N	8	12	12	unicode-total	木	火	the sun going behind and out from behind clouds	日		역:N	
智	U+667A	지	지	Y		72	N	8	12	12	unicode-total	木	火	wisdom, knowledge, intelligence	日		지:0E	슬기 지, 지혜 지
晻	U+667B	암	암	N	2015	72	N	8	12	12	unicode-total	木	火	unclear	日		암:1N	어두울 암
晽	U+667D	림	림	N	2015	72	N	8	12	12	unicode-total	木	火		日	임	림:N	
晿	U+667F	창	창	N	2015	72	N	8	12	12	unicode-total	木	火		日		창:N	
暄	U+6684	훤	훤	N	2015	72	N	9	13	13	unicode-total	火	火	warm, comfortable; warm, genial	日		훤:0N	따뜻할 훤, 날따뜻할 훤
暇	U+6687	가	가	Y		72	N	9	13	13	unicode-total	火	火	leisure, relaxation, spare time	日		가:0E	겨를 가
暈	U+6688	운,훈	운,훈	N	2015	72	N	9	13	13	unicode-total	火	火	halo in sky; fog; dizzy, faint	日		운:0N 훈:0N	무리 운, 어지러울 운 / 무리 훈
暉	U+6689	휘	휘	N	2015	72	N	9	13	13	unicode-total	火	火	sunshine; light, bright, radiant	日		휘:0N	빛 휘, 햇빛 휘
暋	U+668B	민	민	N	2015	72	N	9	13	13	unicode-total	火	火	strong, robust, tough	日		민:1N	굳셀 민
暌	U+668C	규	규	N	2015	72	N	9	13	13	unicode-total	火	火	in opposition; distant from; separated	日		규:1N	해질 규
暎	U+668E	영	영	N	2015	72	N	9	12	13	kangxi-sum	火	火	sun beginning decline; reflect	日		영:0N	비칠 영
暐	U+6690	위	위	N	2015	72	N	9	13	13	unicode-total	火	火	the bright shining of the sun	日		위:0N	햇빛 위, 빛 환할 위, 빛날 위
暑	U+6691	서	서	Y		72	N	9	13	13	unicode-total|kangxi-pos-residual:8>9	火	火	hot	日		서:0E	더울 서
暖	U+6696	난	난	Y		72	N	9	13	13	unicode-total	火	火	warm, genial	日		난:0E	따뜻할 난
暗	U+6697	암	암	Y		72	N	9	13	13	unicode-total	火	火	dark; obscure; in secret, covert	日		암:0E	어두울 암, 몰래 암, 어리석을 암
暘	U+6698	양	양	N	2015	72	N	9	13	13	unicode-total	火	火	rising sun; sunshine	日		양:0N	해 돋을 양, 해돋이 양
暚	U+669A	요	요	N	2015	72	N	10	14	14	unicode-total	火	火		日		요:N	
暝	U+669D	명	명	N	2015	72	N	10	14	14	unicode-total	火	火	dark, obscure	日		명:0N	어두울 명
暞	U+669E	교	교	N	2015	72	N	10	14	14	unicode-total	火	火		日		교:1N	밝을 교
暠	U+66A0	고	고	N	2015	72	N	10	14	14	unicode-total	火	火	daybreak; bright and brilliant	日		고:0N	흴 고, 밝고흰 고
暢	U+66A2	창	창	Y		72	N	10	14	14	unicode-total	火	火	smoothly, freely, unrestrained	日		창:0E	펼 창, 화창할 창
暣	U+66A3	기	기	N	2015	72	N	10	14	14	unicode-total	火	火		日		기:1N	볕기운 기
暫	U+66AB	잠	잠	Y		72	N	11	15	15	unicode-total	土	火	temporary	日		잠:0E	잠시 잠
暬	U+66AC	설	설	N	2015	72	N	11	15	15	unicode-total	土	火		日		설:1N	설만할 설
暮	U+66AE	모	모	Y		72	N	11	15	15	unicode-total	土	火	evening, dusk, sunset; ending	日		모:0E	저물 모
暱	U+66B1	닐	닐	N	2015	72	N	11	14	15	kangxi-sum	土	火	intimate, close; approach	日	일	닐:1N	칠근할 닐
暲	U+66B2	장	장	N	2015	72	N	11	15	15	unicode-total	土	火	bright; to rise (of sun)	日		장:0N	햇발이 돋아올 장, 밝을 장
暳	U+66B3	혜	혜	N	2015	72	N	11	15	15	unicode-total	土	火		日		혜:0N	잔별
暴	U+66B4	포,폭	포,폭	Y	2015	72	N	11	15	15	unicode-total	土	火	violent, brutal, tyrannical	日		포:0N 폭:0E	사나울 포, 급할 포, 맨손으로 칠 포, 불끈 일어날 포, 마를 포, 상할 포 / 햇빛 쪼일 폭, 나타날 폭, 드러날 폭, 사나울 폭
暵	U+66B5	한	한	N	2015	72	N	11	15	15	unicode-total	土	火	dry by exposing sun	日		한:1N	말릴 한
暶	U+66B6	선	선	N	2018	72	N	11	15	15	unicode-total	土	火		日		선:N	
暸	U+66B8	료	료	N	2015	72	N	12	16	16	unicode-total	土	火	bright, clear	日	요	료:1N	밝을 료
暹	U+66B9	섬	섬	N	2015	72	N	12	16	16	unicode-total	土	火	rise; advance, go forward	日		섬:0N	해돋을 섬, 햇살오를 섬
暺	U+66BA	탄	탄	N	2015	72	N	12	16	16	unicode-total	土	火		日		탄:N	
暻	U+66BB	경	경	N	2015	72	N	12	16	16	unicode-total	土	火	bright	日		경:0N	밝을 경
暽	U+66BD	린	린	N	2018	72	N	12	16	16	unicode-total	土	火		日	인	린:N	
暾	U+66BE	돈	돈	N	2015	72	N	12	16	16	unicode-total	土	火	morning sun, sunrise	日		돈:0N	아침해 돈
暿	U+66BF	희	희	N	2015	72	N	12	16	16	unicode-total	土	火		日		희:1N	웃을 희
曀	U+66C0	에	에	N	2015	72	N	12	16	16	unicode-total	土	火	stormy; cloudy, misty; dim; (Cant.) sultry	日		에:1N	음산할 에, 가리울 에
曁	U+66C1	기	기	N	2015	72	N	12	16	16	unicode-total	土	火	and; attain	日		기:1N	및 기
曄	U+66C4	엽	엽	N	2015	72	N	12	14	16	kangxi-sum	土	火	bright; radiant; thriving	日		엽:0N	빛날 엽, 번개 번쩍거릴 엽
曅	U+66C5	엽	엽	N	2015	72	N	12	14	16	kangxi-sum	土	火	bright; flourishing	日		엽:1N	曄과 同字
曆	U+66C6	력	력,역	Y		72	N	12	16	16	unicode-total	土	火	calendar, era	日	역	력:0E 역:0	책력 력 / 셀 력, 세월 력, 책력 역
曇	U+66C7	담	담	N	2015	72	N	12	16	16	unicode-total	土	火	become cloudy, overcast	日		담:0N	날 흐릴 담, 구름낀 담
曈	U+66C8	동	동	N	2015	72	N	12	16	16	unicode-total	土	火	twilight just before sunrise	日		동:N	
曉	U+66C9	효	효	Y		72	N	12	16	16	unicode-total	土	火	dawn, daybreak; clear, explicit	日		효:0E	새벽 효
曓	U+66D3	포	포	N	2015	72	N	13	17	17	unicode-total	金	火		日		포:1N	급할 포, 창졸 포
曔	U+66D4	경	경	N	2015	72	N	13	16	17	kangxi-sum	金	火		日		경:N	
曖	U+66D6	애	애	N	2015	72	N	13	17	17	unicode-total	金	火	obscure, dim, ambiguous, vague	日		애:0N	희미할 애, 흐릴 애
曘	U+66D8	유	유	N	2015	72	N	14	18	18	unicode-total	金	火		日		유:N	
曙	U+66D9	서	서	N	2015	72	N	14	18	18	unicode-total	金	火	bright, light of rising sun	日		서:0N	새벽 서
曚	U+66DA	몽	몽	N	2015	72	N	14	17	18	kangxi-sum|kangxi-pos-residual:13>14	金	火	twilight just before sun rises	日		몽:1N	어두울 몽
曛	U+66DB	훈	훈	N	2015	72	N	14	18	18	unicode-total	金	火	twilight; sunset	日		훈:1N	삭양 빛 훈
曜	U+66DC	요	요	N	2015	72	N	14	18	18	unicode-total	金	火	glorious, as sun; daylight, sunlight; one of the seven planets of pre-modern astronomy (the sun, the moon, Mercury, Venus, Mars, Jupiter, and Saturn)	日		요:0N	해 비칠 요, 요일 요
曝	U+66DD	폭	폭	N	2015	72	N	15	19	19	unicode-total	水	火	sun, air in sun, expose or dry in the sun	日		폭:0N	햇볕에 말릴 폭 / 볕 쬘 포, 볕 쏘일 포
曞	U+66DE	려	려	N	2015	72	N	15	18	19	kangxi-sum	水	火		日	여	려:N	
曠	U+66E0	광	광	N	2015	72	N	15	18	19	kangxi-sum	水	火	extensive, wide, broad; empty	日		광:0N	밝을 광, 빌 광
曣	U+66E3	연	연	N	2015	72	N	16	20	20	unicode-total	水	火	fair weather; warm	日		연:1N	더울 연, 청명할 연
曦	U+66E6	희	희	N	2015	72	N	16	20	20	unicode-total	水	火	sunlight, sunshine, early dawn	日		희:0N	햇빛 희
曨	U+66E8	롱	롱	N	2015	72	N	16	20	20	unicode-total	水	火	vague, dim; twilight	日	농	롱:1N	어스레할 롱
曩	U+66E9	낭	낭	N	2015	72	N	17	21	21	unicode-total	木	火	in ancient times, of old, former	日		낭:1N	접때 낭
曪	U+66EA	라	라	N	2015	72	N	19	23	23	unicode-total	火	火		日	나	라:1N	날 흐릴 라
曬	U+66EC	쇄	쇄	N	2015	72	N	19	23	23	unicode-total	火	火	dry in sun, expose to sun	日		쇄:1N	
曮	U+66EE	엄	엄	N	2015	72	N	20	23	24	kangxi-sum	火	火		日		엄:1N	해 다니는 길 엄
曯	U+66EF	촉	촉	N	2015	72	N	21	25	25	unicode-total	土	火		日		촉:1N	비칠 촉
曰	U+66F0	왈	왈	Y		73	N	0	4	4	unicode-total	火		say; Kangxi radical 73	曰		왈:0E	가로되 왈
曲	U+66F2	곡	곡	Y		73	N	2	6	6	unicode-total	土		crooked, bent; wrong, false	曰		곡:0E	굽을 곡
曳	U+66F3	예	예	N	2015	73	N	2	6	6	unicode-total	土		trail, tow, drag, pull	曰		예:0N	끌 예, 당길 예, 천천히 할 예
更	U+66F4	갱,경	갱,경	Y	2015	73	N	3	7	7	unicode-total	金		more, still further, much more; to change, alter	曰		갱:0E 경:0N	다시 갱 / 고칠 경, 다시 경
曷	U+66F7	갈	갈	N	2015	73	N	5	9	9	unicode-total	水		why? what? where?	曰		갈:0N	어찌 갈, 그칠 갈, 벌레이름 갈
書	U+66F8	서	서	Y		73	N	6	10	10	unicode-total	水		book, letter, document; writings	曰		서:0E	쓸 서, 글 서
曹	U+66F9	조	조	N	2015	73	N	7	11	11	unicode-total	木		ministry officials; surname	曰		조:0N	무리 조
曺	U+66FA	조	조	N	2015	73	N	6	10	10	unicode-total	水			曰		조:0N	성 조
曼	U+66FC	만	만	N	2015	73	N	7	11	11	unicode-total	木		long, extended, vast; beautiful	曰		만:0N	끌 만, 길 만
曾	U+66FE	증	증	Y		73	N	8	12	12	unicode-total	木		already; sign of past	曰		증:0E	일찍 증
替	U+66FF	체	체	Y		73	N	8	12	12	unicode-total	木		change, replace, substitute for	曰		체:0E	바꿀 체, 대신할 체
最	U+6700	최	최	Y		73	N	8	12	12	unicode-total|rs-by-kangxi-pos:73.8	木		most, extremely, exceedingly	曰		최:0E	가장 최, 우뚝할 최, 넉넉할 최
會	U+6703	회	회	Y		73	N	9	13	13	unicode-total	火		to assemble, meet together; a meeting; an organization	曰		회:0E	모일 회, 모을 회
朄	U+6704	인	인	N	2015	73	N	10	14	14	unicode-total	火			曰		인:N	
朅	U+6705	걸	걸	N	2015	73	N	10	14	14	unicode-total	火		brave	曰		걸:1N	갈 걸
月	U+6708	월	월	Y		74	N	0	4	4	unicode-total	火		moon; month; Kangxi radical 74	月		월:0E	달 월
有	U+6709	유	유	Y		74	N	2	6	6	unicode-total	土		have, own, possess; exist	月		유:0E	있을 유, 얻을 유, 과연 유, 또 유
朊	U+670A	원	원	N	2015	74	N	4	8	8	unicode-total	金			月		원:N	
朋	U+670B	붕	붕	Y		74	N	4	8	8	unicode-total	金		friend, pal, acquaintance	月		붕:0E	벗 붕
朌	U+670C	반	반	N	2015	74	N	4	8	8	unicode-total	金		distribute, large head	月		반:1N	구실 반 / 頒과 同字
服	U+670D	복	복	Y		74	N	4	8	8	unicode-total	金		clothes; wear, dress	月		복:0E	옷 복, 입을 복
朎	U+670E	령	령	N	2018	74	N	5	9	9	unicode-total	水			月	영	령:N	
朔	U+6714	삭	삭	Y		74	N	6	10	10	unicode-total	水		first day of lunar month; the north	月		삭:0E	초하루 삭
朕	U+6715	짐	짐	N	2015	74	N	6	10	10	unicode-total	水		pronoun 'I'	月		짐:0N	나 짐
朗	U+6717	랑	낭,랑	N	2015	74	N	7	10	11	kangxi-sum	木		clear, bright; distinct	月	낭	낭:0 랑:0N	밝을 랑 / 밝을 낭
望	U+671B	망	망	Y		74	N	7	11	11	unicode-total	木		to look at, look forward; to hope, expect	月		망:0E	바랄 망
朝	U+671D	조	조	Y		74	N	8	12	12	unicode-total	木		dynasty; morning	月		조:0E	아침 조
朞	U+671E	기	기	N	2015	74	N	8	12	12	unicode-total	木		full year, anniversary	月		기:0N	돌 기
期	U+671F	기	기	Y		74	N	8	12	12	unicode-total	木		period of time; date; time limit	月		기:0E	기약할 기
朠	U+6720	영	영	N	2015	74	N	9	12	13	kangxi-sum	火		color of the moon	月		영:N	
朢	U+6722	망	망	N	2015	74	N	10	14	14	unicode-total	火		look at, gaze at; hope, expect	月		망:N	
朣	U+6723	동	동	N	2015	74	N	12	16	16	unicode-total	土		the rising moon	月		동:1N	달 뜰 동
朦	U+6726	몽	몽	N	2015	74	N	14	17	18	kangxi-sum	金		condition or appearance of moon	月		몽:0N	풍부할 몽, 풍부한 몽
朧	U+6727	롱	롱	N	2015	74	N	16	20	20	unicode-total	水		condition or appearance of moon	月	농	롱:0N	흐릿할 롱, 침침할 롱
木	U+6728	목	목	Y		75	N	0	4	4	unicode-total	火	木	tree; wood, lumber; wooden	木		목:0E	나무 목
未	U+672A	미	미	Y		75	N	1	5	5	unicode-total	土	木	not yet; eighth earthly branch	木		미:0E	아닐 미
末	U+672B	말	말	Y		75	N	1	5	5	unicode-total	土	木	final, last, end; insignificant	木		말:0E	끝 말
本	U+672C	본	본	Y		75	N	1	5	5	unicode-total	土	木	root, origin, source; basis	木		본:0E	밑 본, 근본 본
札	U+672D	찰	찰	N	2015	75	N	1	5	5	unicode-total	土	木	letter, note; correspondence	木		찰:0N	패 찰, 편지 찰
朮	U+672E	출	출	N	2015	75	N	1	5	5	unicode-total	土	木	skill, art; method; trick, device	木		출:0N	삽주뿌리 출
朱	U+6731	주	주	Y		75	N	2	6	6	unicode-total	土	木	cinnabar, vermilion; surname	木		주:0E	붉을 주
朳	U+6733	팔	팔	N	2015	75	N	2	6	6	unicode-total	土	木	tree	木		팔:1N	
朴	U+6734	박	박	Y		75	N	2	6	6	unicode-total	土	木	simple, unadorned; sincere; surname; a tree	木		박:0E	나무껍질 박, 질박할 박
朶	U+6736	타	타	N	2015	75	N	2	6	6	unicode-total	土	木	cluster of flowers; earlobe	木		타:0N	나무가지 휘늘어질 타, 떨기 타, 움킬 타, 휘늘어진 타
机	U+673A	궤	궤	N	2015	75	N	2	6	6	unicode-total	土	木	desk; machine; moment	木		궤:0N	느티나무 궤, 책상 궤
朽	U+673D	후	후	N	2015	75	N	2	6	6	unicode-total	土	木	decayed, rotten; rot, decay	木		후:0N	섞을 후, 썩을 후
朾	U+673E	정	정	N	2015	75	N	2	6	6	unicode-total	土	木	to bump	木		정:N	
杅	U+6745	우	우	N	2015	75	N	3	7	7	unicode-total	金	木	tub	木		우:1N	
杆	U+6746	간	간	N	2015	75	N	3	7	7	unicode-total	金	木	pole; shaft of spear	木		간:0N	지레 간, 나무이름 간, 산뽕나무 간
杉	U+6749	삼	삼	N	2015	75	N	3	7	7	unicode-total	金	木	various species of pine and fir	木		삼:0N	삼나무 삼
杋	U+674B	범	범	N	2015	75	N	3	7	7	unicode-total	金	木		木		범:N	
杌	U+674C	올	올	N	2015	75	N	3	7	7	unicode-total	金	木	the stump of a tree, hence, sterility; a square stool	木		올:N	
李	U+674E	리	리,이	Y		75	N	3	7	7	unicode-total	金	木	plum; judge; surname	木	이	리:0E 이:0	오얏 리 / 오얏 리, 선비 천거리할 리, 역말 리, 보따리 리
杏	U+674F	행	행	N	2015	75	N	3	7	7	unicode-total	金	木	apricot; almond	木		행:0N	살구 행, 은행 행
材	U+6750	재	재	Y		75	N	3	7	7	unicode-total	金	木	material, stuff; timber; talent	木		재:0E	재목 재, 늘미 재, 성품 재, 재주 재
村	U+6751	촌	촌	Y		75	N	3	7	7	unicode-total	金	木	village, hamlet; uncouth, vulgar	木		촌:0E	마을 촌, 밭집 촌, 시골 촌
杓	U+6753	표	표	N	2015	75	N	3	7	7	unicode-total	金	木	handle of cup, ladle, spoon; name of a constellation (the handle of the Big Dipper)	木		표:0N	북두자루 표, 북두자리 표 / 구기 작
杖	U+6756	장	장	N	2015	75	N	3	7	7	unicode-total	金	木	cane, walking stick	木		장:0N	지팡이 장
杜	U+675C	두	두	N	2015	75	N	3	7	7	unicode-total	金	木	stop, prevent; restrict; surname	木		두:0N	막을 두
杝	U+675D	이	이	N	2015	75	N	3	7	7	unicode-total	金	木	tree	木		이:N	
杞	U+675E	기	기	N	2015	75	N	3	7	7	unicode-total	金	木	willow; medlar tree; a small feudal state (Qi)	木		기:0N	나무 이름 기, 구기자 기
束	U+675F	속	속	Y		75	N	3	7	7	unicode-total	金	木	bind, control, restrain; bale	木		속:0E	묶을 속, 단나무 속, 약속할 속, 비단 다섯끝 속
杠	U+6760	강	강	N	2015	75	N	3	7	7	unicode-total	金	木	lever, pole, crowbar; sharpen	木		강:1N	외나무 다리 강, 깃대 강, 상 앞 가로막대 강, 올릴 강
来	U+6765	래	래	N	2015	75	N	3	7	7	unicode-total	金	木	come, coming; return, returning	木	내	래:N	
杪	U+676A	초	초	N	2015	75	N	4	8	8	unicode-total	金	木	tip of twig, top of tree; twig	木		초:1N	끝 초
杬	U+676C	완,원	완,원	N	2015	75	N	4	8	8	unicode-total	金	木	(archaic) a tree whose bark can be used in pickling; (Cant.) olive	木		완:N 원:1N	몸 주무를 원, 나무이름 원
杭	U+676D	항	항	N	2015	75	N	4	8	8	unicode-total	金	木	cross stream; navigate	木		항:0N	건널 항, 거루 항, 고을이름 항, 모진 배 항
杯	U+676F	배	배	Y		75	N	4	8	8	unicode-total	金	木	cup, glass	木		배:0E	잔 배
杰	U+6770	걸	걸	N	2015	75	N	4	8	8	unicode-total	金	木	hero; heroic, outstanding	木		걸:0N	傑의 俗字, 준걸 걸
東	U+6771	동	동	Y		75	N	4	8	8	unicode-total	金	木	east, eastern, eastward	木		동:0E	동녘 동
杲	U+6772	고,호	고,호	N	2015	75	N	4	8	8	unicode-total	金	木	bright sun; brilliant; high	木		고:1N 호:N	밝을 고
杳	U+6773	묘	묘	N	2015	75	N	4	8	8	unicode-total	金	木	obscure, dark, mysterious, deep	木		묘:0N	어두울 묘, 아득할 묘
杵	U+6775	저	저	N	2015	75	N	4	8	8	unicode-total	金	木	pestle; baton used beat clothes	木		저:0N	공이 저, 방망이 저, 혜성 저, 망치 저
杷	U+6777	파	파	N	2015	75	N	4	8	8	unicode-total	金	木	loquat	木		파:0N	비파나무 파, 써레 파, 칼자루 파, 악기이름 파
杻	U+677B	뉴	뉴,유	N	2015	75	N	4	8	8	unicode-total	金	木	Ligustrum sinense, tree	木	유	뉴:0N 유:0	옷 부드러울 뉴, 싸리 뉴 / 싸리 뉴 / 수갑 추, 조막손이 추
杼	U+677C	저	저	N	2015	75	N	4	8	8	unicode-total	金	木	shuttle of loom; narrow; long-headed; a scrub oak; thin	木		저:1N	북 저, 도토리 저
松	U+677E	송	송	Y		75	N	4	8	8	unicode-total	金	木	pine tree; fir tree	木		송:0E	소나무 송, 향풀 송, 땅이름 송, 솔 송
板	U+677F	판	판	Y		75	N	4	8	8	unicode-total	金	木	plank, board; iron or tin plate	木		판:0E	널조각 판, 널기와 판, 풍류이름 판
枃	U+6783	진	진	N	2015	75	N	4	8	8	unicode-total	金	木		木		진:N	
枇	U+6787	비	비	N	2015	75	N	4	8	8	unicode-total	金	木	loquat	木		비:0N	비파나무 비, 참빗 비
枉	U+6789	왕	왕	N	2015	75	N	4	8	8	unicode-total	金	木	useless, in vain; bent, crooked	木		왕:0N	굽을 왕, 원통할 왕
枋	U+678B	방	방	N	2015	75	N	4	8	8	unicode-total	金	木	sandalwood; tree used as timber	木		방:0N	다목 방, 박달 방
枌	U+678C	분	분	N	2015	75	N	4	8	8	unicode-total	金	木	variety of elm with small seeds	木		분:1N	나무 이름 분
枏	U+678F	남	남	N	2015	75	N	4	8	8	unicode-total	金	木	a variety of evergreen tree	木		남:0N	녹나무 남, 매화나무 남
析	U+6790	석	석	Y		75	N	4	8	8	unicode-total	金	木	split wood; break apart; divide	木		석:0E	가를 석, 쪼갤 석
枒	U+6792	아	아	N	2015	75	N	4	8	8	unicode-total	金	木	the coconut tree; rim	木		아:N	
枓	U+6793	두	두	N	2015	75	N	4	8	8	unicode-total	金	木	capital	木		두:0N	두공 두, 주두 두
枕	U+6795	침	침	Y		75	N	4	8	8	unicode-total	金	木	pillow	木		침:0E	베개 침, 수레뒤 가로댄 나무 침, 소말뚝 침, 베게 침
林	U+6797	림	림,임	Y		75	N	4	8	8	unicode-total	金	木	forest, grove; surname	木	임	림:0E 임:0	수풀 림 / 수풀 림, 더북더북 날 림
枘	U+6798	예	예	N	2015	75	N	4	8	8	unicode-total	金	木	the handle of tools	木		예:1N	자루 예
枙	U+6799	와	와	N	2015	75	N	4	8	8	unicode-total	金	木		木		와:1N	옹이 와
枚	U+679A	매	매	N	2015	75	N	4	8	8	unicode-total	金	木	stalk of shrub, trunk of tree	木		매:0N	줄기 매
果	U+679C	과	과	Y		75	N	4	8	8	unicode-total	金	木	fruit; result	木		과:0E	실과 과, 과실 과
枝	U+679D	지	지	Y		75	N	4	8	8	unicode-total	金	木	branches, limbs; branch off	木		지:0E	가지 지
枯	U+67AF	고	고	Y		75	N	5	9	9	unicode-total	水	木	dried out, withered, decayed	木		고:0E	마를 고
枰	U+67B0	평	평	N	2015	75	N	5	9	9	unicode-total	水	木	smooth board; chessboard; chess	木		평:0N	장기판 평, 바둑판 평, 회양목 평
枲	U+67B2	시	시	N	2015	75	N	5	9	9	unicode-total	水	木	male nettle-hemp	木		시:1N	수삼 시, 도꼬마리 시
枳	U+67B3	지	지	N	2015	75	N	5	9	9	unicode-total	水	木	trifoliate orange; hedge thorn; (Cant.) a plug	木		지:0N	탱자나무 지 / 해할 기, 사타구니 기
架	U+67B6	가	가	Y		75	N	5	9	9	unicode-total	水	木	rack, stand, prop; prop up	木		가:0E	시렁 가
枷	U+67B7	가	가	N	2015	75	N	5	9	9	unicode-total	水	木	cangue scaffold	木		가:0N	목칼 가, 도리깨채 가, 형구 가
枸	U+67B8	구	구	N	2015	75	N	5	9	9	unicode-total	水	木	kind of aspen found in Sichuan	木		구:0N	구기자 구, 굽을 구
枻	U+67BB	설,예	설,예	N	2018	75	N	5	9	9	unicode-total	水	木	long oar, sweep	木		설:N 예:N	
枼	U+67BC	엽	엽	N	2018	75	N	5	9	9	unicode-total	水	木	a table, flat pieces of wood, a slip, a leaf	木		엽:N	
枾	U+67BE	시	시	N	2015	75	N	5	9	9	unicode-total	水	木	persimmon	木		시:0N	柹의 本字, 감 시
柁	U+67C1	타	타	N	2015	75	N	5	9	9	unicode-total	水	木	large tie-beams	木		타:1N	키 타
柄	U+67C4	병	병	N	2015	75	N	5	9	9	unicode-total	水	木	handle, lever, knob; authority	木		병:0N	자루 병
柅	U+67C5	니	니	N	2015	75	N	5	9	9	unicode-total	水	木	flourish	木	이	니:1N	얼레자루 니
柊	U+67CA	종	종	N	2015	75	N	5	9	9	unicode-total	水	木	holly	木		종:1N	방망이 종
柏	U+67CF	백	백	N	2015	75	N	5	9	9	unicode-total	水	木	cypress, cedar	木		백:0N	나무 이름 백, 잣나무 백
某	U+67D0	모	모	Y		75	N	5	9	9	unicode-total	水	木	certain thing or person	木		모:0E	아무 모
柑	U+67D1	감	감	N	2015	75	N	5	9	9	unicode-total	水	木	tangerine, loose-skinned orange	木		감:0N	감귤 감, 감자 감
柒	U+67D2	칠	칠	N	2015	75	N	5	9	9	unicode-total	水	木	number seven	木		칠:0N	漆의 俗字, 옻칠할 칠
染	U+67D3	염	염	Y		75	N	5	9	9	unicode-total	水	木	dye; be contagious; infect	木		염:0E	꼭두서니 염, 물들일 염
柔	U+67D4	유	유	Y		75	N	5	9	9	unicode-total	水	木	soft; gentle, pliant	木		유:0E	부드러울 유, 순할 유, 복종할 유
柖	U+67D6	소	소	N	2015	75	N	5	9	9	unicode-total	水	木		木		소:N	
柘	U+67D8	자	자	N	2015	75	N	5	9	9	unicode-total	水	木	a thorny tree; sugarcane	木		자:1N	산뽕나무 자
柙	U+67D9	합	합	N	2015	75	N	5	9	9	unicode-total	水	木	cage, pen for wild animals	木		합:1N	우리 합, 향나무 합
柚	U+67DA	유	유	N	2015	75	N	5	9	9	unicode-total	水	木	pomelo, grapefruit	木		유:0N	유자 유 / 북 축
柝	U+67DD	탁	탁	N	2015	75	N	5	9	9	unicode-total	水	木	watchman's rattle	木		탁:0N	쪼갤 탁, 조두 탁, 목탁 탁
柞	U+67DE	작	작	N	2015	75	N	5	9	9	unicode-total	水	木	oak; spinous evergreen tree; to clear away trees	木		작:1N	나무이름 작
柢	U+67E2	저	저	N	2015	75	N	5	9	9	unicode-total	水	木	root, base; bottom of object	木		저:1N	뿌리 저
柩	U+67E9	구	구	N	2015	75	N	5	9	9	unicode-total	水	木	coffin which contains corpse	木		구:0N	관 구
柬	U+67EC	간	간	N	2015	75	N	5	9	9	unicode-total	水	木	letter, invitation; choose	木		간:0N	가릴 간
柯	U+67EF	가	가	N	2015	75	N	5	9	9	unicode-total	水	木	axe-handle; stalk, bough; surname	木		가:0N	가지 가
柰	U+67F0	나,내	나,내	N	2015	75	N	5	9	9	unicode-total	水	木	crab-apple tree; endure, bear	木		나:N 내:0N	능금나무 내, 어찌 내
柱	U+67F1	주	주	Y		75	N	5	9	9	unicode-total	水	木	pillar, post; support; lean on	木		주:0E	기둥 주
柳	U+67F3	류	류,유	Y		75	N	5	9	9	unicode-total	水	木	willow tree; pleasure; 24th lunar mansion, determinative star δ Hydrae	木	유	류:0E 유:0	버들 류 / 버들 류, 별 이름 류
柴	U+67F4	시	시	N	2015	75	N	5	10	10	total-gt-rs-check	水	木	firewood, faggots, fuel	木		시:0N	섶 시, 불 땔 나무 시, 시제지낼 시
柵	U+67F5	책	책	N	2015	75	N	5	9	9	unicode-total	水	木	fence; palisade; grid	木		책:0N	울짱 책, 우리 책
柶	U+67F6	사	사	N	2015	75	N	5	9	9	unicode-total	水	木	ladle	木		사:0N	수저 사, 숟가락 사
柹	U+67F9	시	시	N	2015	75	N	5	8	9	kangxi-sum	水	木	persimmon	木		시:1N	감 시
査	U+67FB	사	사	Y		75	N	5	9	9	unicode-total	水	木	investigate, examine, seek into	木		사:0E	사실할 사, 캐물을 사
柾	U+67FE	정	정	N	2015	75	N	5	9	9	unicode-total	水	木	straight grain	木		정:0N	나무결 바를 정, 나무바를 정 / 관 구, 널 구
柿	U+67FF	시	시	N	2015	75	N	5	9	9	unicode-total	水	木	persimmon	木		시:N	감나무
栄	U+6804	영	영	N	2015	75	N	5	9	9	unicode-total	水	木	glory, honor; flourish, prosper	木		영:N	
栐	U+6810	영	영	N	2015	75	N	5	9	9	unicode-total	水	木		木		영:N	
栒	U+6812	순	순	N	2015	75	N	6	10	10	unicode-total	水	木	cross bar	木		순:0N	경쇠걸이 순, 순나무 순
栓	U+6813	전	전	N	2015	75	N	6	10	10	unicode-total	水	木	wooden peg, post or stick	木		전:0N	말뚝 전, 나무못 전
栖	U+6816	서	서	N	2015	75	N	6	10	10	unicode-total	水	木	perch; roost; stay	木		서:0N	깃들일 서, 깃드릴 서
栗	U+6817	률	률,율	Y		75	N	6	10	10	unicode-total	水	木	chestnut tree, chestnuts; surname	木	율	률:0E 율:0	밤나무 률 / 밤 률, 신주 재목 률, 단단할 률, 무서울 률, 공손할 률
栝	U+681D	괄	괄	N	2015	75	N	6	10	10	unicode-total	水	木	a builder's frame for measuring	木		괄:1N	노송나무 괄
栞	U+681E	간	간	N	2015	75	N	6	10	10	unicode-total	水	木	publication, periodical; publish	木		간:1N	도표 간
校	U+6821	교	교	Y		75	N	6	10	10	unicode-total	水	木	school; military field officer	木		교:0E	학교 교
栢	U+6822	백	백	N	2015	75	N	6	10	10	unicode-total	水	木	cypress, cedar	木		백:0N	柏의 俗字, 잣나무 백
株	U+682A	주	주	Y		75	N	6	10	10	unicode-total	水	木	numerary adjunct for trees; root	木		주:0E	그루 주
栮	U+682E	이	이	N	2015	75	N	6	10	10	unicode-total	水	木		木		이:1N	버섯 이, 느타리 이
栯	U+682F	욱	욱	N	2015	75	N	6	10	10	unicode-total	水	木		木		욱:0N	산앵두 욱
栱	U+6831	공	공	N	2015	75	N	6	10	10	unicode-total	水	木	large peg, stake; post, pillar	木		공:1N	두공 공
栲	U+6832	고	고	N	2015	75	N	6	10	10	unicode-total	水	木	mangrove	木		고:1N	북나무 고
栴	U+6834	전	전	N	2015	75	N	6	10	10	unicode-total	水	木	sandalwood	木		전:1N	향나무 전
核	U+6838	핵	핵	Y		75	N	6	10	10	unicode-total	水	木	seed, kernel, core, nut; atom	木		핵:0E	실과 핵, 자세할 핵, 씨 핵
根	U+6839	근	근	Y		75	N	6	10	10	unicode-total	水	木	root, base(d on); foundation	木		근:0E	뿌리 근
栻	U+683B	식	식	N	2015	75	N	6	10	10	unicode-total	水	木	tree	木		식:1N	점판 식
格	U+683C	격	격	Y		75	N	6	10	10	unicode-total	水	木	pattern, standard, form; style	木		격:0E	이를 격, 올 격, 바를 격, 대적할 격, 감동할 격, 격식 격
栽	U+683D	재	재	Y		75	N	6	10	10	unicode-total	水	木	to cultivate, plant; to care for plants	木		재:0E	심을 재
桀	U+6840	걸	걸	N	2015	75	N	6	10	10	unicode-total	水	木	chicken roost; ancient emperor	木		걸:0N	찢을 걸, 홰 걸, 빼어날 걸, 멜 걸, 사나을 걸, 왕이름 걸
桁	U+6841	항	항	N	2015	75	N	6	10	10	unicode-total	水	木	cross-beams of roof	木		항:0N	수갑 항, 배다리 항, 횃대 항, 시렁 항 / 시렁 형, 마개 형
桂	U+6842	계	계	Y		75	N	6	10	10	unicode-total	水	木	cassia or cinnamon	木		계:0E	계수나무 계
桃	U+6843	도	도	Y		75	N	6	10	10	unicode-total	水	木	peach; marriage; surname	木		도:0E	복숭아 나무 도
桄	U+6844	광	광	N	2015	75	N	6	10	10	unicode-total	水	木	a coir-palm	木		광:1N	광랑나무 광
框	U+6846	광	광	N	2015	75	N	6	10	10	unicode-total	水	木	frame; framework; door frame	木		광:1N	문테 광
案	U+6848	안	안	Y		75	N	6	10	10	unicode-total	水	木	table, bench; legal case	木		안:0E	책상 안, 생각할 안
桉	U+6849	안	안	N	2015	75	N	6	10	10	unicode-total	水	木	eucalyptus	木		안:1N	案과 同字
桎	U+684E	질	질	N	2015	75	N	6	10	10	unicode-total	水	木	fetters, shackles, handcuffs	木		질:0N	차꼬 질, 조카 질
桐	U+6850	동	동	N	2015	75	N	6	10	10	unicode-total	水	木	name applied various trees	木		동:0N	오동나무 동
桑	U+6851	상	상	Y		75	N	6	10	10	unicode-total	水	木	mulberry tree; surname	木		상:0E	뽕나무 상
桓	U+6853	환	환	N	2015	75	N	6	10	10	unicode-total	水	木	variety of tree; surname	木		환:0N	푯말 환, 굳셀 환
桔	U+6854	길	길	N	2015	75	N	6	10	10	unicode-total	水	木	Chinese bellflower; well-swept; the inner fibers of corn-stalks	木		길:0N	도라지 길
桭	U+686D	진	진	N	2015	75	N	7	11	11	unicode-total	木	木	eaves; space between two pillars	木		진:0N	평고대 진, 대청 진
桯	U+686F	정	정	N	2015	75	N	7	11	11	unicode-total	木	木	table	木		정:1N	서안 정, 걸상 정
桴	U+6874	부	부	N	2015	75	N	7	11	11	unicode-total	木	木	raft; drumstick; ridge pole	木		부:1N	마룻대 부
桶	U+6876	통	통	N	2015	75	N	7	11	11	unicode-total	木	木	pail, bucket, tub; cask, keg	木		통:0N	엿되들이 통 통
桷	U+6877	각	각	N	2015	75	N	7	11	11	unicode-total	木	木	rafter; Malus toringo	木		각:1N	서까래 각
桾	U+687E	군	군	N	2015	75	N	7	11	11	unicode-total	木	木		木		군:1N	고욤나무 군
桿	U+687F	간	간	N	2015	75	N	7	11	11	unicode-total	木	木	pole; stick; club; pole as unit	木		간:0N	줄기 / 막대기 한
梁	U+6881	량	량,양	Y		75	N	7	11	11	unicode-total	木	木	bridge; beam; rafters; surname	木	양	량:0E 양:0	푸조나무 량, 들보 량 / 들보 량, 다리 량
梃	U+6883	정	정	N	2015	75	N	7	11	11	unicode-total	木	木	a club; a stalk; straight	木		정:1N	외줄기 정, 막대 정, 꼿꼿할 정
梅	U+6885	매	매	Y		75	N	7	11	11	unicode-total	木	木	plums; prunes; surname	木		매:0E	매화나무 매
梆	U+6886	방	방	N	2015	75	N	7	10	11	kangxi-sum	木	木	watchman's rattle	木		방:1N	목어 방
梏	U+688F	곡	곡	N	2015	75	N	7	11	11	unicode-total	木	木	handcuffs, manacles, fetters	木		곡:0N	쇠고랑 곡, 수갑 곡
梓	U+6893	재	재	N	2015	75	N	7	11	11	unicode-total	木	木	Chinese catalpa, Catalpa ovata	木		재:0N	가래나무 재, 목수 재, 우러러 볼 재, 고향 재, 노나무 재
梔	U+6894	치	치	N	2015	75	N	7	11	11	unicode-total	木	木	gardenia	木		치:0N	치자 치
梗	U+6897	경	경	N	2015	75	N	7	11	11	unicode-total	木	木	stem of flower, branch of plant	木		경:0N	대개 경, 곧을 경
梛	U+689B	나	나	N	2015	75	N	7	10	11	kangxi-sum	木	木		木		나:1N	나무 이름 나
條	U+689D	조	조	Y		75	N	7	11	11	unicode-total	木	木	clause, condition; string, stripe	木		조:0E	가지 조, 조목 조
梟	U+689F	효	효	N	2015	75	N	7	11	11	unicode-total	木	木	an owl; thus, something evil	木		효:0N	올배미 효, 올빼미 효
梠	U+68A0	려	려	N	2015	75	N	7	10	11	kangxi-sum	木	木	a small beam supporting the rafters at the eaves	木	여	려:1N	평고대 려
梡	U+68A1	관,완	관,완	N	2015	75	N	7	11	11	unicode-total	木	木	tray for carrying sacrificial meat	木		관:N 완:0N	네 발 도마 완, 토막나무 완
梢	U+68A2	초	초	N	2015	75	N	7	11	11	unicode-total	木	木	pointed tip of something long like a branch; rudder	木		초:0N	나무 끝 초, 농기 초
梧	U+68A7	오	오	N	2015	75	N	7	11	11	unicode-total	木	木	Chinese parasol tree, Sterculia platanifolia	木		오:0N	머귀나무 오, 버틸 오, 오동나무 오
梨	U+68A8	리	리,이	Y		75	N	7	11	11	unicode-total	木	木	pear; opera; cut, slash	木	이	리:0E 이:0	태나무 리, 배 리 / 배 리, 벌레이름 리
梭	U+68AD	사	사	N	2015	75	N	7	11	11	unicode-total	木	木	weaver's shuttle; go to and fro	木		사:0N	북 사
梯	U+68AF	제	제	N	2015	75	N	7	11	11	unicode-total	木	木	ladder, steps, stairs; lean	木		제:0N	사다리 제
械	U+68B0	계	계	Y		75	N	7	11	11	unicode-total	木	木	weapons; implements, instruments	木		계:0E	형틀 계, 기계 계
梱	U+68B1	곤	곤	N	2015	75	N	7	11	11	unicode-total	木	木	doorsill; doorjamb	木		곤:0N	문지방 곤
梳	U+68B3	소	소	N	2015	75	N	7	11	11	unicode-total	木	木	comb; brush	木		소:0N	얼레빗 소, 머리빗을 소
梵	U+68B5	범	범	N	2015	75	N	7	11	11	unicode-total	木	木	Buddhist, Sanskrit	木		범:0N	범어 범, 웅얼거릴 범
梶	U+68B6	미	미	N	2015	75	N	7	11	11	unicode-total	木	木	oar, shaft	木		미:0N	나무 끝 미
棄	U+68C4	기	기	Y		75	N	8	12	12	unicode-total	木	木	reject, abandon, discard	木		기:0E	버릴 기
棅	U+68C5	병	병	N	2015	75	N	8	12	12	unicode-total	木	木	handle, lever, knob; authority	木		병:0N	柄과 同字, 자루 병
棉	U+68C9	면	면	N	2015	75	N	8	12	12	unicode-total	木	木	cotton; cotton padded	木		면:0N	목화 면
棊	U+68CA	기	기	N	2015	75	N	8	12	12	unicode-total	木	木	chess; any game similar to chess	木		기:1N	棋와 同字
棋	U+68CB	기	기	N	2015	75	N	8	12	12	unicode-total	木	木	chess; any game similar to chess	木		기:0N	바둑 기
棌	U+68CC	채	채	N	2015	75	N	8	12	12	unicode-total	木	木		木		채:1N	참나무 채
棍	U+68CD	곤	곤	N	2015	75	N	8	12	12	unicode-total	木	木	stick, cudgel; scoundrel	木		곤:0N	몽둥이 곤, 곤장 곤
棐	U+68D0	비	비	N	2015	75	N	8	12	12	unicode-total	木	木	species of yew	木		비:1N	도지개 비
棒	U+68D2	봉	봉	N	2015	75	N	8	12	12	unicode-total	木	木	stick, club, truncheon; hit	木		봉:0N	몽둥이 봉
棕	U+68D5	종	종	N	2015	75	N	8	12	12	unicode-total	木	木	hemp palm; palm tree	木		종:0N	종려나무 종
棖	U+68D6	정	정	N	2015	75	N	8	12	12	unicode-total	木	木	door stop, door jam; touch; a prop, post	木		정:1N	문설주 정, 막대 정
棗	U+68D7	조	조	N	2015	75	N	8	12	12	unicode-total	木	木	date tree; dates, jujubes; surname	木		조:0N	대추나무 조
棘	U+68D8	극	극	N	2015	75	N	8	12	12	unicode-total	木	木	jujube tree; thorns, brambles	木		극:0N	가시나무 극
棚	U+68DA	붕	붕	N	2015	75	N	8	12	12	unicode-total	木	木	tent, awning; booth; shed	木		붕:0N	시렁 붕, 사다리 붕
棟	U+68DF	동	동	N	2015	75	N	8	12	12	unicode-total	木	木	the main beams supporting a house	木		동:0N	용마루 동, 동자기둥 동
棠	U+68E0	당	당	N	2015	75	N	8	12	12	unicode-total	木	木	crab apple tree; wild plums	木		당:0N	아가위 당, 사당나무 당
棣	U+68E3	체	체	N	2015	75	N	8	12	12	unicode-total	木	木	Kerria japonica, Japanese rose	木		체:1N	산앵두나무 체
棧	U+68E7	잔	잔	N	2015	75	N	8	12	12	unicode-total	木	木	warehouse; tavern, inn	木		잔:0N	잔교 잔, 사다리 잔
棨	U+68E8	계	계	N	2015	75	N	8	12	12	unicode-total	木	木	tally or wooden pass	木		계:0N	창 계, 창틀 계
棬	U+68EC	권	권	N	2015	75	N	8	12	12	unicode-total	木	木	bowl	木		권:1N	휘어만든 나무그릇 권
森	U+68EE	삼	삼	N	2015	75	N	8	12	12	unicode-total	木	木	forest; luxuriant vegetation	木		삼:0N	나무빽빽할 삼
棲	U+68F2	서	서	N	2015	75	N	8	12	12	unicode-total	木	木	perch; roost; stay	木		서:0N	살 서, 쉴 서
棹	U+68F9	도	도	N	2015	75	N	8	12	12	unicode-total	木	木	oar; boat	木		도:0N	노 저을 도
棺	U+68FA	관	관	N	2015	75	N	8	12	12	unicode-total	木	木	coffin	木		관:0N	널 관
棻	U+68FB	분	분	N	2015	75	N	8	11	12	kangxi-sum	木	木	kind of wood from which perfume is made	木		분:1N	
棼	U+68FC	분	분	N	2015	75	N	8	12	12	unicode-total	木	木	beams in the roof of a house; confused, disordered	木		분:1N	마룻대 분
棽	U+68FD	림,침	림,침	N	2015	75	N	8	12	12	unicode-total	木	木		木	임	림:N 침:N	
椀	U+6900	완	완	N	2015	75	N	8	12	12	unicode-total	木	木	bowl; cup; dish	木		완:0N	주발 완, 사발 완
椁	U+6901	곽	곽	N	2015	75	N	8	12	12	unicode-total	木	木	outer-coffin; vault	木		곽:1N	관 곽
椄	U+6904	접	접	N	2015	75	N	8	12	12	unicode-total	木	木	to graft	木		접:1N	나무 접붙일 접, 형벌틀 접, 문설주 접
椅	U+6905	의	의	N	2015	75	N	8	12	12	unicode-total	木	木	chair, seat	木		의:0N	가래나무 의, 교의 의
椆	U+6906	주	주	N	2015	75	N	8	12	12	unicode-total	木	木		木		주:N	
椋	U+690B	양	량,양	N	2015	75	N	8	12	12	unicode-total	木	木	fruit	木		량:1 양:N	들보 량
植	U+690D	식	식	Y		75	N	8	12	12	unicode-total	木	木	plant, trees, plants; grow	木		식:0E	심을 식, 세울 식, 초목 식
椎	U+690E	추	추	N	2015	75	N	8	12	12	unicode-total	木	木	hammer, mallet; vertebra	木		추:0N	쇠몽둥이 추, 칠 추, 짓찧을 추, 참나무 추, 쇠뭉치 추
椏	U+690F	아	아	N	2015	75	N	8	12	12	unicode-total	木	木	the forking branch of a tree	木		아:N	
椑	U+6911	비	비	N	2015	75	N	8	12	12	unicode-total	木	木	oval	木		비:1N	술통 비
椒	U+6912	초	초	N	2015	75	N	8	12	12	unicode-total	木	木	pepper, spices	木		초:0N	산초나무 초, 후추 초
椧	U+6927	명	명	N	2015	75	N	8	12	12	unicode-total	木	木	gutter	木		명:0N	홈 통 명
椰	U+6930	야	야	N	2015	75	N	9	12	13	kangxi-sum	火	木	palm tree, coconut palm	木		야:0N	야자나무 야
椴	U+6934	단	단	N	2015	75	N	9	13	13	unicode-total	火	木	poplar, aspen	木		단:1N	자작나무 단
椶	U+6936	종	종	N	2015	75	N	9	13	13	unicode-total	火	木	palm tree	木		종:1N	棕과 同字
椹	U+6939	침	침	N	2015	75	N	9	13	13	unicode-total	火	木	a chopping board	木		침:1N	모탕 침, 도끼바탕 침, 토막 침
椽	U+693D	연	연	N	2015	75	N	9	13	13	unicode-total	火	木	beams, rafters, supports	木		연:0N	서까래 연
椿	U+693F	춘	춘	N	2015	75	N	9	13	13	unicode-total	火	木	father; a plant with white flowers	木		춘:0N	참죽나무 춘, 대춘나무 춘, 어르신네 춘
楂	U+6942	사	사	N	2015	75	N	9	13	13	unicode-total	火	木	a raft, to hew, to fell trees	木		사:1N	떼 사
楊	U+694A	양	양	Y		75	N	9	13	13	unicode-total	火	木	willow, poplar, aspen; surname	木		양:0E	갯버들 양
楏	U+694F	규	규	N	2015	75	N	9	13	13	unicode-total	火	木		木		규:1N	호미자루 규
楓	U+6953	풍	풍	N	2015	75	N	9	13	13	unicode-total	火	木	maple tree	木		풍:0N	단풍나무 풍, 신나무 풍
楔	U+6954	설	설	N	2015	75	N	9	13	13	unicode-total	火	木	wedge; gatepost; foreword	木		설:0N	문설주 설, 기둥 설
楕	U+6955	타	타	N	2015	75	N	9	13	13	unicode-total	火	木	oval-shaped, elliptical, tubular	木		타:0N	橢의 略字, 나무그릇 타
楗	U+6957	건	건	N	2015	75	N	9	12	13	kangxi-sum	火	木	bar of door, bolt of lock	木		건:0N	문 빗장 건, 문지방 건
楙	U+6959	무	무	N	2015	75	N	9	13	13	unicode-total	火	木	name of plant; lush	木		무:0N	무성할 무, 아름다울 무, 모과나무 무
楚	U+695A	초	초	N	2015	75	N	9	13	13	unicode-total	火	木	name of feudal state; clear	木		초:0N	회초리 초, 초나라 초
楝	U+695D	련	련	N	2015	75	N	9	13	13	unicode-total	火	木	Melia japonica	木	연	련:1N	멀구슬나무 련
楞	U+695E	릉	릉	N	2015	75	N	9	13	13	unicode-total	火	木	used for Ceylon in Buddhist texts	木	능	릉:0N	모 릉, 네모질 릉
楠	U+6960	남	남	N	2015	75	N	9	13	13	unicode-total	火	木	name of tree, Machilus nanmu	木		남:0N	녹나무 남, 들메나무 남
楡	U+6961	유	유	N	2015	75	N	9	13	13	unicode-total	火	木	elm tree	木		유:0N	느름나무 유, 서쪽 유
楢	U+6962	유	유	N	2015	75	N	9	13	13	unicode-total	火	木	tinder	木		유:0N	부드러운 나무 유, 홰 유
楣	U+6963	미	미	N	2015	75	N	9	13	13	unicode-total	火	木	crossbeam above or under gate	木		미:0N	문미 미, 처마 미, 인중방 미
楥	U+6965	원	원	N	2015	75	N	9	13	13	unicode-total	火	木	a last for making shoes; to turn on a lathe	木		원:1N	떡갈나무 원, 실감개 원, 신골 원
楨	U+6968	정	정	N	2015	75	N	9	13	13	unicode-total	火	木	hardwood; supports, posts	木		정:0N	담틀 마구리대 정, 단단한 나무 정, 쥐똥나무 정
楪	U+696A	접	접	N	2015	75	N	9	13	13	unicode-total	火	木	small dish; window	木		접:1N	널평상 접
楫	U+696B	즙,집	즙,집	N	2015	75	N	9	13	13	unicode-total	火	木	oar, paddle	木		즙:0N 집:N	노 즙, 돛대 즙
楬	U+696C	갈	갈	N	2015	75	N	9	13	13	unicode-total	火	木	tablet; a signpost	木		갈:1N	패를 써서 표시할 갈
業	U+696D	업	업	Y		75	N	9	13	13	unicode-total	火	木	profession, business, trade	木		업:0E	일 업, 위태할 업, 씩씩할 업, 벌써 업, 공경할 업
楮	U+696E	저	저	N	2015	75	N	9	12	13	kangxi-sum	火	木	mulberry; paper	木		저:0N	닥나무 저, 종이돈 저, 감매나무 저
楯	U+696F	순	순	N	2015	75	N	9	13	13	unicode-total	火	木	shield; horizontal bar	木		순:0N	난간 순, 방패 순, 뺄 순, 상여 순
楳	U+6973	매	매	N	2015	75	N	9	13	13	unicode-total	火	木	plums; prunes; surname	木		매:1N	梅의 古字
極	U+6975	극	극	Y		75	N	9	12	13	kangxi-sum	火	木	extreme, utmost, furthest, final	木		극:0E	가운데 극, 지극할 극
楷	U+6977	해	해	N	2015	75	N	9	13	13	unicode-total	火	木	model style of Chinese writing	木		해:0N	해나무 해, 본뜰 해, 해자 해, 법 해
楸	U+6978	추	추	N	2015	75	N	9	13	13	unicode-total	火	木	Mallotus japonicus, East Asian mallotus, (J) akamegashiwa	木		추:0N	가래나무 추, 노나무 추, 산유자 추, 바둑판 추
楹	U+6979	영	영	N	2015	75	N	9	13	13	unicode-total	火	木	column, pillar; numerary adjunct	木		영:0N	기둥 영, 하관들 영
楻	U+697B	황	황	N	2015	75	N	9	13	13	unicode-total	火	木		木		황:N	
榎	U+698E	가	가	N	2015	75	N	10	14	14	unicode-total	火	木	small evergreen shrub	木		가:1N	檟와 同字
榑	U+6991	부	부	N	2015	75	N	10	14	14	unicode-total	火	木		木		부:1N	부상 부
榔	U+6994	랑	랑	N	2015	75	N	10	12	14	kangxi-sum|kangxi-pos-residual:9>10	火	木	betel-nut tree	木	낭	랑:1N	나무 이름 랑
榕	U+6995	용	용	N	2015	75	N	10	14	14	unicode-total	火	木	banyan tree	木		용:0N	용나무 용, 나무이름 용
榘	U+6998	구	구	N	2015	75	N	10	13	14	kangxi-sum|kangxi-pos-residual:9>10	火	木	carpenter's square, ruler, rule	木		구:1N	곡척 구
榛	U+699B	진	진	N	2015	75	N	10	14	14	unicode-total	火	木	hazelnut; thicket, underbrush	木		진:0N	개암나무 진
榜	U+699C	방	방	N	2015	75	N	10	14	14	unicode-total	火	木	placard; list of successful exam candidates	木		방:0N	매 방, 게시판 방
榟	U+699F	재	재	N	2015	75	N	10	14	14	unicode-total	火	木		木		재:1N	
榤	U+69A4	걸	걸	N	2015	75	N	10	14	14	unicode-total	火	木	perch for fowls roost on	木		걸:1N	닭의 홰 걸
榥	U+69A5	황	황	N	2015	75	N	10	14	14	unicode-total	火	木	screen	木		황:0N	책상 황
榦	U+69A6	간	간	N	2015	75	N	10	14	14	unicode-total	火	木	tree trunk; support, prop	木		간:1N	幹의 本字
榧	U+69A7	비	비	N	2015	75	N	10	14	14	unicode-total	火	木	type of yew	木		비:0N	비자나무 비
榭	U+69AD	사	사	N	2015	75	N	10	14	14	unicode-total	火	木	kiosk, pavilion	木		사:1N	정자 사
榮	U+69AE	영	영	Y		75	N	10	14	14	unicode-total	火	木	glory, honor; flourish, prosper	木		영:0E	영화로울 영, 오동나무 영, 추녀 영, 꽃다울 영
榰	U+69B0	지	지	N	2015	75	N	10	14	14	unicode-total	火	木		木		지:1N	주춧돌 지
榱	U+69B1	최	최	N	2015	75	N	10	14	14	unicode-total	火	木	rafter	木		최:1N	서까래 최
榲	U+69B2	온	온	N	2015	75	N	10	14	14	unicode-total	火	木	pillar; Cryptomeria	木		온:N	
榴	U+69B4	류	류	N	2015	75	N	10	14	14	unicode-total	火	木	pomegranate	木	유	류:0N	석류나무 류
榷	U+69B7	교	교	N	2015	75	N	10	14	14	unicode-total	火	木	footbridge; toll, levy; monopoly	木		교:1N	외나무 다리 교
榺	U+69BA	승	승	N	2015	75	N	10	14	14	unicode-total	火	木		木		승:N	
榻	U+69BB	탑	탑	N	2015	75	N	10	14	14	unicode-total	火	木	cot, couch, bed	木		탑:0N	평상 탑, 모직 탑, 자리 탑
榼	U+69BC	합	합	N	2015	75	N	10	14	14	unicode-total	火	木	wine glass	木		합:1N	술그릇 합, 물통 합, 뚜껑 합
榾	U+69BE	골	골	N	2015	75	N	10	13	14	kangxi-sum	火	木	pieces of wood	木		골:1N	등걸 골
榿	U+69BF	기	기	N	2015	75	N	10	14	14	unicode-total	火	木	alder	木		기:N	
槀	U+69C0	고	고	N	2015	75	N	10	14	14	unicode-total	火	木	draft, manuscript	木		고:1N	마를 고
槁	U+69C1	고	고	N	2015	75	N	10	14	14	unicode-total	火	木	wither; withered, rotten, dead	木		고:0N	槀와 同字, 마른나무 고
槃	U+69C3	반	반	N	2015	75	N	10	14	14	unicode-total	火	木	tray; turn, rotate; search	木		반:0N	쟁반 반
槇	U+69C7	진	전,진	N	2015	75	N	10	14	14	unicode-total	火	木	tip of a tree; fallen tree	木		전:1 진:N	
槊	U+69CA	삭	삭	N	2015	75	N	10	14	14	unicode-total	火	木	spear, lance	木		삭:1N	창 삭
構	U+69CB	구	구	Y		75	N	10	14	14	unicode-total	火	木	frame, building, structure	木		구:0E	집세울 구
槌	U+69CC	퇴	퇴	N	2015	75	N	10	13	14	kangxi-sum	火	木	hammer, mallet; strike, beat	木		퇴:0N	몽둥이 퇴, 너스레 퇴, 누에시렁 퇴, 던질 퇴 / 칠 추
槍	U+69CD	창	창	N	2015	75	N	10	14	14	unicode-total	火	木	spear, lance; gun, rifle	木		창:0N	창 창, 나무창 창
槎	U+69CE	차	차	N	2015	75	N	10	13	14	kangxi-sum	火	木	raft; time, occasion; to hew	木		차:1N	뗏목 차
槏	U+69CF	겸	겸	N	2015	75	N	10	14	14	unicode-total	火	木		木		겸:N	
槐	U+69D0	괴	괴	N	2015	75	N	10	13	14	kangxi-sum	火	木	locust tree	木		괴:0N	홰나무 괴, 느티나무 괴
槓	U+69D3	공	공	N	2015	75	N	10	14	14	unicode-total	火	木	lever, pole, crowbar; sharpen; (Cant.) a wardrobe, trunk	木		공:1N	지렛대 공
槖	U+69D6	탁	탁	N	2015	75	N	10	14	14	unicode-total	火	木	a sack; a stamping sound	木		탁:N	
槢	U+69E2	습	습	N	2015	75	N	11	15	15	unicode-total	土	木	a hard wood	木		습:N	
槥	U+69E5	혜	혜	N	2015	75	N	11	15	15	unicode-total	土	木	coffin	木		혜:1N	널 혜, 작은 관 혜
槦	U+69E6	용	용	N	2015	75	N	11	15	15	unicode-total	土	木		木		용:1N	병기 얹는 시렁 용
槧	U+69E7	참	참	N	2015	75	N	11	15	15	unicode-total	土	木	wooden tablet; edition	木		참:1N	판 참 / 편지 첨
槨	U+69E8	곽	곽	N	2015	75	N	11	14	15	kangxi-sum	土	木	outer-coffin	木		곽:0N	덧널 곽, 궤 곽
槩	U+69E9	개	개	N	2015	75	N	11	15	15	unicode-total|kangxi-pos-residual:10>11	土	木	generally, approximately	木		개:1N	槪와 同字
槪	U+69EA	개	개	Y		75	N	11	15	15	unicode-total	土	木	generally	木		개:0E	평두목 개, 절개 개, 대강 개, 거리낄 개, 칠한 술통 개, 대개 개
槭	U+69ED	색	색	N	2015	75	N	11	15	15	unicode-total	土	木	maple	木		색:1N	나뭇잎 떨어져 앙상할 색 / 단풍나무 축
槲	U+69F2	곡	곡	N	2015	75	N	11	15	15	unicode-total	土	木	type of oak	木		곡:1N	떡갈나무 곡
槻	U+69FB	규	규	N	2015	75	N	11	15	15	unicode-total	土	木	zelkova tree	木		규:0N	물푸레나무 규
槽	U+69FD	조	조	N	2015	75	N	11	15	15	unicode-total	土	木	trough; manger; vat, tank; groove; a distillery	木		조:0N	구유 조, 마구 조
槿	U+69FF	근	근	N	2015	75	N	11	15	15	unicode-total	土	木	hibiscus	木		근:0N	무궁화 근
樀	U+6A00	적	적	N	2015	75	N	11	15	15	unicode-total	土	木		木		적:1N	추녀 적, 도토마리 적, 방망이 적
樂	U+6A02	락,악,요	낙,락,악,요	Y	2015	75	N	11	15	15	unicode-total	土	木	happy, glad; enjoyable; music	木	낙	낙:0 락:0E 악:0N 요:0N	즐거울 락, 즐길 락 / 풍류 악, 즐길 악 / 좋아할 요, 즐길 요 / 즐길 낙
樅	U+6A05	종	종	N	2015	75	N	11	15	15	unicode-total	土	木	fir tree	木		종:1N	전나무 종
樊	U+6A0A	번	번	N	2015	75	N	11	15	15	unicode-total	土	木	a railing; a fence an enclosed place	木		번:0N	울 번, 어수선할 번
樋	U+6A0B	통	통	N	2015	75	N	11	14	15	kangxi-sum	土	木	tree name	木		통:1N	대 홈 통, 어름나무 통
樑	U+6A11	량	량	N	2015	75	N	11	15	15	unicode-total	土	木	bridge; beam	木	양	량:0N	서늘할 량, 들보 량
樒	U+6A12	밀	밀	N	2015	75	N	11	15	15	unicode-total	土	木	a tree whose branches are placed on Buddhist graves	木		밀:1N	침향 밀
樓	U+6A13	루	누,루	Y		75	N	11	15	15	unicode-total	土	木	building of two or more stories	木	누	누:0 루:0E	다락 루 / 다락 누
樔	U+6A14	소	소	N	2015	75	N	11	15	15	unicode-total	土	木		木		소:1N	풀막 소, 너스레 소
樗	U+6A17	저	저	N	2015	75	N	11	15	15	unicode-total	土	木	Ailanthus glandulosa or A. altissima, a kind of tree useless as timber	木		저:0N	가죽나무 저
標	U+6A19	표	표	Y		75	N	11	15	15	unicode-total	土	木	a mark, symbol, label, sign; standard	木		표:0E	표시할 표, 높은 가지 표, 적을 표, 나무 끝 표, 표할 표
樛	U+6A1B	규	규	N	2015	75	N	11	15	15	unicode-total	土	木	bending branches, bent limbs	木		규:1N	나무가지 휘어질 규
樞	U+6A1E	추	추	N	2015	75	N	11	15	15	unicode-total	土	木	door hinge; pivot; center of power	木		추:0N	밑둥 추, 지두리 추, 고동 추, 북두 첫째 별 추, 긴요할 추, 달 추, 가운데 추, 지도리 추
樟	U+6A1F	장	장	N	2015	75	N	11	15	15	unicode-total	土	木	camphor tree	木		장:0N	녹나무 장, 노나무 장
模	U+6A21	모	모	Y		75	N	11	15	15	unicode-total	土	木	model, standard, pattern; copy	木		모:0E	법 모
樣	U+6A23	상,양	상,양	Y	2015	75	N	11	15	15	unicode-total	土	木	shape, form, pattern, style	木		상:N 양:0E	모양 양, 모범 양, 본보기 양
権	U+6A29	권	권	N	2015	75	N	11	15	15	unicode-total	土	木	power, right, authority	木		권:N	
樵	U+6A35	초	초	N	2015	75	N	12	16	16	unicode-total	土	木	woodcutter; firewood; gather wood	木		초:0N	땔나무 초
樸	U+6A38	박	박	N	2015	75	N	12	16	16	unicode-total	土	木	simple, honest; plain; rough	木		박:0N	통나무 박, 순박할 박
樹	U+6A39	수	수	Y		75	N	12	16	16	unicode-total	土	木	tree; plant; set up, establish	木		수:0E	나무 수, 막을 수, 세울 수, 심을 수
樺	U+6A3A	화	화	N	2015	75	N	12	14	16	kangxi-sum	土	木	type of birch	木		화:0N	자작나무 화, 벗나무 화
樻	U+6A3B	궤	궤	N	2015	75	N	12	16	16	unicode-total	土	木	cupboard, wardrobe, counter	木		궤:1N	가마테나무 궤
樽	U+6A3D	준	준	N	2015	75	N	12	16	16	unicode-total	土	木	goblet; jar, jug; lush	木		준:0N	술그릇 준, 술단지 준
橃	U+6A43	벌	벌	N	2015	75	N	12	16	16	unicode-total	土	木		木		벌:1N	떼 벌
橄	U+6A44	감	감	N	2015	75	N	12	15	16	kangxi-sum	土	木	olive	木		감:0N	감람나무 감
橅	U+6A45	모,무	모,무	N	2015	75	N	12	16	16	unicode-total	土	木	a beech tree	木		모:N 무:N	
橇	U+6A47	취	취	N	2015	75	N	12	16	16	unicode-total	土	木	a sledge for transportation	木		취:1N	
橈	U+6A48	요	요	N	2015	75	N	12	16	16	unicode-total	土	木	bent or twisted piece of wood; a paddle	木		요:0N	노 요, 돛대 요
橉	U+6A49	린	린	N	2015	75	N	12	16	16	unicode-total	土	木		木	인	린:N	
橊	U+6A4A	류	류	N	2015	75	N	12	16	16	unicode-total	土	木	(variant of 榴) pomegranate	木	유	류:1N	榴의 本字
橋	U+6A4B	교	교	Y		75	N	12	16	16	unicode-total	土	木	bridge; beam, crosspiece	木		교:0E	다리 교
橌	U+6A4C	한	한	N	2015	75	N	12	16	16	unicode-total	土	木		木		한:N	
橍	U+6A4D	윤	윤	N	2015	75	N	12	16	16	unicode-total	土	木		木		윤:N	
橐	U+6A50	탁	탁	N	2015	75	N	12	16	16	unicode-total	土	木	a sack, a bag opening at both ends	木		탁:1N	전대 탁, 자루 탁, 도가니 탁, 공잇소리 탁, 짐승이름 탁
橒	U+6A52	운	운	N	2015	75	N	12	16	16	unicode-total	土	木	wood streaks	木		운:0N	나무 무늬 운
橓	U+6A53	순	순	N	2015	75	N	12	16	16	unicode-total	土	木	hibiscus; transient	木		순:0N	무궁화나무 순
橘	U+6A58	귤	귤	N	2015	75	N	12	16	16	unicode-total	土	木	orange, tangerine	木		귤:0N	귤나무 귤
橙	U+6A59	등	등	N	2015	75	N	12	16	16	unicode-total	土	木	orange	木		등:0N	등자나무 등, 궤 등
橚	U+6A5A	숙	숙	N	2015	75	N	12	17	17	total-gt-rs-check	金	木	tall tree	木		숙:1N	길고 꼿꼿할 숙
橞	U+6A5E	혜	혜	N	2018	75	N	12	16	16	unicode-total	土	木		木		혜:N	
機	U+6A5F	기	기	Y		75	N	12	16	16	unicode-total	土	木	machine; moment, chance	木		기:0E	틀 기, 베틀 기
橠	U+6A60	나	나	N	2018	75	N	12	16	16	unicode-total	土	木		木		나:N	
橡	U+6A61	상	상	N	2015	75	N	12	15	16	kangxi-sum	土	木	chestnut oak; rubber tree; rubber	木		상:0N	상수리나무 상, 도토리 상
橢	U+6A62	타	타	N	2015	75	N	12	15	16	kangxi-sum	土	木	oval-shaped, elliptical, tubular	木		타:1N	둥글길죽할 타, 수레통 가운데그릇 타, 길죽한 그릇 타
橤	U+6A64	예	예	N	2015	75	N	12	16	16	unicode-total	土	木	stamen	木		예:N	
橦	U+6A66	동	동	N	2015	75	N	12	16	16	unicode-total	土	木	tree	木		동:1N	나무이름 동
橫	U+6A6B	횡	횡	Y		75	N	12	16	16	unicode-total	土	木	across, horizontal, lateral	木		횡:0E	가로 횡
橲	U+6A72	희	희	N	2015	75	N	12	16	16	unicode-total	土	木		木		희:N	
橵	U+6A75	산	산	N	2015	75	N	12	16	16	unicode-total	土	木	wood placed under roof tiles	木		산:1N	산자 산
橿	U+6A7F	강	강	N	2015	75	N	13	17	17	unicode-total	金	木	a kind of oak	木		강:1N	참죽나무 강, 호미자루 강, 사닥다리 강, 억셀 강
檀	U+6A80	단	단	Y		75	N	13	17	17	unicode-total	金	木	sandalwood, hardwood; surname	木		단:0E	향나무 단, 박달나무 단
檃	U+6A83	은	은	N	2015	75	N	13	16	17	kangxi-sum	金	木		木		은:N	
檄	U+6A84	격	격	N	2015	75	N	13	17	17	unicode-total	金	木	call arms; urgency	木		격:0N	격서 격, 격문 격, 과격할 격
檉	U+6A89	정	정	N	2015	75	N	13	17	17	unicode-total	金	木	type of willow; tamarisk	木		정:0N	능수버들 정, 수양버들 정
檍	U+6A8D	억	억	N	2015	75	N	13	17	17	unicode-total	金	木	ilex	木		억:0N	참죽나무 억, 박달나무 억, 싸리나무 억
檎	U+6A8E	금	금	N	2015	75	N	13	16	17	kangxi-sum	金	木	small red apple	木		금:0N	능금나무 금
檐	U+6A90	첨	첨	N	2015	75	N	13	17	17	unicode-total	金	木	eaves of house; brim, rim	木		첨:1N	처마 첨
檔	U+6A94	당	당	N	2015	75	N	13	17	17	unicode-total	金	木	shelf; frame, crosspiece	木		당:1N	책상 당
檗	U+6A97	벽	벽	N	2015	75	N	13	17	17	unicode-total	金	木	a cork tree	木		벽:0N	황벽나무 벽, 황백나무 벽
檜	U+6A9C	회	회	N	2015	75	N	13	17	17	unicode-total	金	木	Chinese cypress, Chinese juniper	木		회:0N	노송나무 회 / 전나무 괄, 나라이름 괄
檝	U+6A9D	즙	즙	N	2015	75	N	13	16	17	kangxi-sum	金	木	oar	木		즙:1N	楫과 同字
檟	U+6A9F	가	가	N	2015	75	N	13	17	17	unicode-total	金	木	small evergreen shrub	木		가:1N	오동나무 가
檠	U+6AA0	경	경	N	2015	75	N	13	16	17	kangxi-sum	金	木	stand for lamp; frame for bow	木		경:1N	도지개 경
檢	U+6AA2	검	검	Y		75	N	13	17	17	unicode-total	金	木	check; examine	木		검:0E	교정할 검, 금제할 검, 법 검, 봉할 검, 책메뚜기 검, 수결둘 검, 검사할 검
檣	U+6AA3	장	장	N	2015	75	N	13	17	17	unicode-total	金	木	mast, yard-arm, boom	木		장:0N	돛대 장
檮	U+6AAE	도	도	N	2015	75	N	14	18	18	unicode-total	金	木	block of wood; blockhead; stupid	木		도:1N	그루터기 도
檳	U+6AB3	빈	빈	N	2015	75	N	14	18	18	unicode-total	金	木	betel-nut, areca nut	木		빈:0N	빈랑나무 빈
檻	U+6ABB	함	함	N	2015	75	N	14	18	18	unicode-total	金	木	threshold, door-sill	木		함:0N	우리 함, 난간 함
檼	U+6ABC	은	은	N	2015	75	N	14	18	18	unicode-total	金	木	ridge pole; shape wood by use of heat; tool for shaping bent wood	木		은:1N	집 마룻대 은, 대공 은
檽	U+6ABD	누	누	N	2018	75	N	14	18	18	unicode-total	金	木		木		누:N	
檿	U+6ABF	염	염	N	2015	75	N	14	18	18	unicode-total	金	木	mulberry	木		염:1N	산뽕나무 염
櫂	U+6AC2	도	도	N	2015	75	N	14	18	18	unicode-total	金	木	oar, scull, paddle; row	木		도:0N	상앗대 도, 노 도
櫃	U+6AC3	궤	궤	N	2015	75	N	14	18	18	unicode-total	金	木	cupboard, wardrobe, counter	木		궤:0N	상자 궤, 궤짝 궤
櫓	U+6AD3	로	노,로	N	2015	75	N	15	19	19	unicode-total	水	木	oar, scull; row	木	노	노:0 로:0N	방패 로 / 큰 방패 노
櫚	U+6ADA	려	려	N	2015	75	N	15	18	19	kangxi-sum	水	木	palm	木	여	려:0N	종려나무 려
櫛	U+6ADB	즐	즐	N	2015	75	N	15	17	19	kangxi-sum	水	木	comb out; weed out, eliminate	木		즐:0N	빗 즐
櫜	U+6ADC	고	고	N	2015	75	N	15	19	19	unicode-total	水	木	quiver (case for arrows)	木		고:1N	활집 고
櫝	U+6ADD	독	독	N	2015	75	N	15	19	19	unicode-total	水	木	cabinet, wardrobe; closet	木		독:1N	함 독
櫞	U+6ADE	연	연	N	2015	75	N	15	19	19	unicode-total	水	木	citrus	木		연:1N	연나무 연
櫟	U+6ADF	력	력	N	2015	75	N	15	19	19	unicode-total	水	木	chestnut-leaved oak; oak	木	역	력:1N	상수리나무 력
櫨	U+6AE8	로	로	N	2015	75	N	16	20	20	unicode-total	水	木	supporting block; sumac, loquat	木	노	로:N	
櫪	U+6AEA	력	력	N	2015	75	N	16	20	20	unicode-total	水	木	type of oak; stable	木	역	력:1N	말구유 력
櫬	U+6AEC	친	친	N	2015	75	N	16	20	20	unicode-total	水	木	coffin; tung tree	木		친:1N	관 친, 무궁화나무 친, 땔나무 친
櫶	U+6AF6	헌	헌	N	2015	75	N	16	20	20	unicode-total	水	木	Excentrodendron hsienmu	木		헌:0N	나무이름
櫻	U+6AFB	앵	앵	N	2015	75	N	17	21	21	unicode-total	木	木	cherry, cherry blossom	木		앵:0N	앵두나무 앵
櫼	U+6AFC	첨	첨	N	2015	75	N	17	21	21	unicode-total	木	木	wedge	木		첨:1N	쐐기 첨
欂	U+6B02	박	박	N	2015	75	N	17	20	21	kangxi-sum	木	木		木		박:1N	주두 박
欃	U+6B03	참	참	N	2015	75	N	17	21	21	unicode-total	木	木	sandalwood; comet	木		참:1N	살별 참
欄	U+6B04	란	난,란	Y		75	N	17	21	21	unicode-total	木	木	railing, balustrade; animal pen	木	난	난:0 란:0E	난간 란 / 난간 난
權	U+6B0A	권	권	Y		75	N	18	21	22	kangxi-sum	木	木	power, right, authority	木		권:0E	권세 권
欌	U+6B0C	장	장	N	2015	75	N	17	21	21	unicode-total|kangxi-pos:75.18-19	木	木		木		장:0N	장농 장, 장롱 장
欑	U+6B11	찬	찬	N	2015	75	N	19	23	23	unicode-total	火	木	gather	木		찬:1N	모일 찬
欒	U+6B12	란	란	N	2015	75	N	19	23	23	unicode-total	火	木	name of tree; a part of cornice	木	난	란:0N	나무 이름 란, 난나무 란
欖	U+6B16	람	람	N	2015	75	N	21	25	25	unicode-total	土	木	olive	木	남	람:0N	감람나무 람
欗	U+6B17	란	란	N	2018	75	N	21	24	25	kangxi-sum	土	木		木	난	란:N	
欞	U+6B1E	령	령	N	2015	75	N	24	28	28	unicode-total	金	木	the lattice of a window a sill, a lintel	木	영	령:1N	격자창 령
欠	U+6B20	흠	흠	N	2015	76	N	0	4	4	unicode-total	火		owe, lack, be deficient; Kangxi radical 76	欠		흠:0N	하품 흠, 하품할 흠
次	U+6B21	차	차	Y		76	N	2	6	6	unicode-total	土		order, sequence; next	欠		차:0E	버금 차
欣	U+6B23	흔	흔	N	2015	76	N	4	8	8	unicode-total	金		happy, joyous, delighted	欠		흔:0N	기뻐할 흔, 기쁠 흔
欥	U+6B25	일	일	N	2018	76	N	4	8	8	unicode-total	金			欠		일:N	
欬	U+6B2C	해	해	N	2015	76	N	6	10	10	unicode-total	水		cough; sound of laughter	欠		해:1N	기침할 해, 크게 부를 해, 일깨울 해
欲	U+6B32	욕	욕	Y		76	N	7	11	11	unicode-total	木		desire, want, long for; intend	欠		욕:0E	욕심낼 욕, 하고자할 욕
欷	U+6B37	희	희	N	2015	76	N	7	11	11	unicode-total	木		sob; sigh	欠		희:1N	흐느낄 희
欸	U+6B38	애	애	N	2015	76	N	7	11	11	unicode-total	木		sigh; an exclamatory sound	欠		애:1N	한숨쉴 애
欹	U+6B39	의	의	N	2015	76	N	8	12	12	unicode-total	木		fierce dog; interjection of pleas; (Cant.) strange	欠		의:1N	아름답다할 의, 거룩하다할 의
欺	U+6B3A	기	기	Y		76	N	8	12	12	unicode-total	木		cheat, double-cross, deceive	欠		기:0E	속일 기
欻	U+6B3B	훌	훌	N	2015	76	N	8	12	12	unicode-total	木		sudden, abrupt, quick	欠		훌:1N	문득 훌
欽	U+6B3D	흠	흠	N	2015	76	N	8	12	12	unicode-total	木		respect, admire; respectful	欠		흠:0N	공경할 흠
款	U+6B3E	관	관	N	2015	76	N	8	12	12	unicode-total	木		item, article; clause; fund	欠		관:0N	정성 관
欿	U+6B3F	감	감	N	2015	76	N	8	12	12	unicode-total	木		discontented; sad; gloomy	欠		감:1N	서운할 감, 찌푸릴 감, 걱정할 감
歃	U+6B43	삽	삽	N	2015	76	N	9	13	13	unicode-total	火		smear one's mouth with blood of a victim when taking an oath	欠		삽:1N	마실 삽
歆	U+6B46	흠	흠	N	2015	76	N	9	13	13	unicode-total	火		like, admire; willingly, gladly; to quicken	欠		흠:0N	받을 흠, 흠향할 흠
歇	U+6B47	헐	헐	N	2015	76	N	9	13	13	unicode-total	火		rest, stop, lodge	欠		헐:0N	쉴 헐, 나른할 헐, 다할 헐, 으슥할 헐, 스러질 헐, 흩어질 헐
歉	U+6B49	겸	겸	N	2015	76	N	10	14	14	unicode-total	火		deficient, lacking, insufficient	欠		겸:1N	흉년들 겸, 적을 겸, 나쁠 겸
歊	U+6B4A	효	효	N	2015	76	N	10	14	14	unicode-total	火		sigh	欠		효:N	
歌	U+6B4C	가	가	Y		76	N	10	14	14	unicode-total	火		song, lyrics; sing, chant; praise	欠		가:0E	노래 가
歎	U+6B4E	탄	탄	Y		76	N	11	15	15	unicode-total	土		sigh, admire	欠		탄:0E	탄식할 탄, 아름답다 할 탄, 화답할 탄
歐	U+6B50	구	구	N	2015	76	N	11	15	15	unicode-total	土		used in transliterating non-Chinese words such as Europe, ohm; surname	欠		구:0N	토할 구
歔	U+6B54	허	허	N	2015	76	N	12	15	16	kangxi-sum	土		blow through nose, snort	欠		허:1N	한숨 쉴 허, 흑흑 느껴 울 허, 코로 숨 내쉴 허
歙	U+6B59	흡	흡	N	2015	76	N	12	16	16	unicode-total	土		to suck; a county's name in anhui	欠		흡:1N	줄일 흡
歚	U+6B5A	선	선	N	2015	76	N	12	16	16	unicode-total	土		used in name of famous Korean painter Ceng Sen	欠		선:1N	고을 선
歛	U+6B5B	감	감	N	2015	76	N	13	17	17	unicode-total	金		draw back, fold back; collect	欠		감:1N	
歟	U+6B5F	여	여	N	2015	76	N	14	17	18	kangxi-sum	金		a final particle used to express admiration, doubt, surprise, or to mark a question	欠		여:0N	그런가할 어조사 여
歠	U+6B60	철	철	N	2015	76	N	15	19	19	unicode-total	水		sip, drink, suck	欠		철:1N	마실 철
歡	U+6B61	환	환	Y		76	N	18	22	22	unicode-total	木		happy, pleased, glad; joy; to enjoy	欠		환:0E	기뻐할 환
止	U+6B62	지	지	Y		77	N	0	4	4	unicode-total	火		stop, halt, desist; detain	止		지:0E	발 지, 그칠 지
正	U+6B63	정	정	Y		77	N	1	5	5	unicode-total	土		right, proper, correct	止		정:0E	바를 정, 과녁 정, 남쪽으로 난 창 정, 어른 정, 분별할 정
此	U+6B64	차	차	Y		77	N	2	6	6	unicode-total	土		this, these; in this case, then	止		차:0E	이 차
步	U+6B65	보	보	Y		77	N	3	7	7	unicode-total	金		step, pace; walk, stroll	止		보:0E	걸을 보, 걸음 보
武	U+6B66	무	무	Y		77	N	4	8	8	unicode-total	金		military; martial, warlike	止		무:0E	굳셀 무, 자만할 무, 군인 무, 호반 무
歧	U+6B67	기	기	N	2015	77	N	4	8	8	unicode-total	金		fork of road; branching off	止		기:1N	岐와 同字
歩	U+6B69	보	보	N	2015	77	N	4	8	8	unicode-total	金		step	止		보:N	
歪	U+6B6A	왜	왜	N	2015	77	N	5	9	9	unicode-total	水		slant; inclined; askew, awry	止		왜:0N	비뚤
歲	U+6B72	세	세	Y		77	N	9	13	13	unicode-total	火		year; age; harvest	止		세:0E	해 세, 곡식 익을 세, 돐 세, 풍년 세
歷	U+6B77	력	력,역	Y		77	N	12	16	16	unicode-total	土		history; past; to take place	止	역	력:0E 역:0	지낼 력, 지날 력 / 지낼 력, 겪을 력, 지날 역
歸	U+6B78	귀	귀	Y		77	N	14	18	18	unicode-total	金		return; return to, revert to	止		귀:0E	돌아올 귀
死	U+6B7B	사	사	Y		78	N	2	6	6	unicode-total	土		die; dead; death	歹		사:0E	죽을 사
歿	U+6B7F	몰	몰	N	2015	78	N	4	8	8	unicode-total	金		die; death; dead	歹		몰:0N	죽을 몰
殀	U+6B80	요	요	N	2015	78	N	4	8	8	unicode-total	金		die young, die prematurely	歹		요:1N	단명할 요
殂	U+6B82	조	조	N	2015	78	N	5	9	9	unicode-total	水		to die	歹		조:1N	죽을 조
殃	U+6B83	앙	앙	Y		78	N	5	9	9	unicode-total	水		misfortune, disaster, calamity	歹		앙:0E	재앙 앙
殄	U+6B84	진	진	N	2015	78	N	5	9	9	unicode-total	水		to end; to exterminate	歹		진:0N	끊어질 진, 다할 진
殆	U+6B86	태	태	Y		78	N	5	9	9	unicode-total	水		dangerous, perilous; endanger	歹		태:0E	위태할 태, 가까이할 태, 비롯할 태
殉	U+6B89	순	순	Y		78	N	6	10	10	unicode-total	水		die for cause, be martyr for	歹		순:0E	죽은 사람을 따라 죽을 순, 구할 순, 좇을 순
殊	U+6B8A	수	수	Y		78	N	6	10	10	unicode-total	水		different, special, unusual	歹		수:0E	죽을 수, 베일 수, 끊어질 수, 지나갈 수, 다를 수
殍	U+6B8D	표	표	N	2015	78	N	7	11	11	unicode-total	木		to starve to death	歹		표:1N	굶어 죽을 표
殑	U+6B91	긍	긍	N	2015	78	N	7	11	11	unicode-total	木		swoon	歹		긍:1N	까무라칠 긍
殖	U+6B96	식	식	N	2015	78	N	8	12	12	unicode-total	木		breed, spawn; increase; prosper	歹		식:0N	날 식, 심을 식, 성할 식, 불릴 식
殘	U+6B98	잔	잔	Y		78	N	8	12	12	unicode-total	木		injure, spoil; oppress; broken	歹		잔:0E	해칠 잔, 나머지 잔
殞	U+6B9E	운	운	N	2015	78	N	10	14	14	unicode-total	火		die, perish; vanish; fall	歹		운:0N	죽을 운, 떨어질 운
殢	U+6BA2	체	체	N	2015	78	N	11	15	15	unicode-total	土		be in great difficulty, greatly	歹		체:1N	나른할 체
殤	U+6BA4	상	상	N	2015	78	N	11	15	15	unicode-total	土		die young; national mourning	歹		상:1N	일찍죽을 상
殫	U+6BAB	탄	탄	N	2015	78	N	12	16	16	unicode-total	土		utmost, entirely, quite; use up	歹		탄:1N	다할 탄
殭	U+6BAD	강	강	N	2015	78	N	13	17	17	unicode-total	金		a stiff corpse	歹		강:1N	죽어 썩지 않을 강, 마른 누에 강
殮	U+6BAE	렴	렴,염	N	2015	78	N	13	17	17	unicode-total	金		dress corpse for burial	歹	염	렴:0N 염:0	염할 렴 / 염할 염
殯	U+6BAF	빈	빈	N	2015	78	N	14	18	18	unicode-total	金		encoffin; embalm; funeral	歹		빈:0N	염할 빈
殲	U+6BB2	섬	섬	N	2015	78	N	17	21	21	unicode-total	木		annihilate, wipe out, kill off	歹		섬:0N	다죽일 섬, 멸할 섬
殳	U+6BB3	수	수	N	2015	79	N	0	4	4	unicode-total	火		name of old weapon; kill; rad. 79	殳		수:1N	치다
段	U+6BB5	단	단	Y		79	N	5	9	9	unicode-total	水		section, piece, division	殳		단:0E	층계 단
殷	U+6BB7	은	은	N	2015	79	N	6	10	10	unicode-total	水		many, great; abundant, flourishing	殳		은:0N	많을 은, 무리 은, 클 은, 가운데 은, 은나라 은, 융성할 은, 천둥소리 은
殺	U+6BBA	살,쇄	살,쇄	Y	2015	79	N	7	10	11	kangxi-sum	木		kill, slaughter, murder; hurt; to pare off, reduce, clip	殳		살:0E 쇄:0N	죽일 살 / 내릴 쇄, 감할 쇄, 빠를 쇄, 죽일 쇄
殼	U+6BBC	각	각	N	2015	79	N	8	12	12	unicode-total	木		casing, shell, husk, hull, skin	殳		각:0N	껍질 각
殽	U+6BBD	효	효	N	2015	79	N	8	12	12	unicode-total	木		mixed up, confused; cooked	殳		효:1N	섞일 효
殿	U+6BBF	전	전	Y		79	N	9	13	13	unicode-total	火		hall; palace; temple	殳		전:0E	대궐 전
毀	U+6BC0	훼	훼	N	2015	79	N	9	13	13	unicode-total	火		destroy, ruin, injure; slander	殳		훼:N	
毁	U+6BC1	훼	훼	Y		79	N	9	13	13	unicode-total	火		destroy	殳		훼:0E	毀의 俗字, 헐 훼
毄	U+6BC4	격	격	N	2015	79	N	10	14	14	unicode-total	火			殳		격:1N	맞부딛는 소리 격, 충돌할 격, 창 격
毅	U+6BC5	의	의	N	2015	79	N	11	15	15	unicode-total	土		resolute, decisive, firm, persist	殳		의:0N	굳셀 의, 발끈 성낼 의
毆	U+6BC6	구	구	N	2015	79	N	11	15	15	unicode-total	土		beat, fight with fists, hit; to strike, brawl	殳		구:0N	때릴 구, 구박할 구
毋	U+6BCB	무	무	N	2015	80	N	0	4	4	unicode-total	火		do not; not; surname; rad. 80	毋		무:0N	말 무
母	U+6BCD	모	모	Y		80	N	1	5	5	unicode-total	土		mother; female elders; female	毋		모:0E	어미 모
每	U+6BCF	매	매	Y		80	N	3	7	7	unicode-total	金		every, each	毋		매:0E	매양 매
毒	U+6BD2	독	독	Y		80	N	4	9	9	total-gt-rs-check	水		poison, venom; poisonous	毋		독:0E	독 독, 독할 독
毓	U+6BD3	육	육	N	2015	80	N	9	14	14	total-gt-rs-check	火		give birth to; bring up, educate	毋		육:0N	기를 육, 어릴 육, 많을 육
比	U+6BD4	비	비	Y		81	N	0	4	4	unicode-total	火		to compare, liken; comparison; than; hexagram ䷇	比		비:0E	견줄 비
毖	U+6BD6	비	비	N	2015	81	N	5	9	9	unicode-total	水		guard against, take care; caution	比		비:0N	삼갈 비
毗	U+6BD7	비	비	N	2015	81	N	5	9	9	unicode-total	水		help, assist; connect, adjoin	比		비:0N	도울 비, 밝을 비
毘	U+6BD8	비	비	N	2015	81	N	5	9	9	unicode-total	水		help, assist; connect, adjoin	比		비:0N	毗와 同字, 밝을 비
毚	U+6BDA	참	참	N	2015	81	N	13	17	17	unicode-total	金		cunning; greedy; crafty	比		참:1N	토끼 참
毛	U+6BDB	모	모	Y		82	N	0	4	4	unicode-total	火		hair, fur, feathers; coarse	毛		모:0E	털 모, 터럭 모
毫	U+6BEB	호	호	Y		82	N	7	11	11	unicode-total	木		fine hair; measure of length	毛		호:0E	가는 털 호
毬	U+6BEC	구	구	N	2015	82	N	7	11	11	unicode-total	木		ball, anything round, sphere	毛		구:0N	제기 구
毯	U+6BEF	담	담	N	2015	82	N	8	12	12	unicode-total	木		rug, carpet, blanket	毛		담:1N	담자리 담
毳	U+6BF3	취	취	N	2015	82	N	8	12	12	unicode-total	木		fine hair or fur on animals	毛		취:1N	솜털 취, 연하고 부드러울 취
毸	U+6BF8	시	시	N	2015	82	N	9	13	13	unicode-total	火			毛		시:N	
氅	U+6C05	창	창	N	2015	82	N	12	16	16	unicode-total	土		overcoat; down feathers	毛		창:1N	새털 창
氈	U+6C08	전	전	N	2015	82	N	13	17	17	unicode-total	金		felt; rug, carpet	毛		전:0N	단자리 전, 전방석 전
氏	U+6C0F	씨	씨	Y		83	N	0	4	4	unicode-total	火		clan, family; mister	氏		씨:0E	성 씨
氐	U+6C10	저	저	N	2015	83	N	1	5	5	unicode-total	土		name of an ancient tribe; root; 3rd lunar mansion, determinative star α Librae (Zubenelgenubi)	氏		저:1N	낮을 저, 오랑캐 이름 저, 이를 저, 근본 저, 별이름 저
民	U+6C11	민	민	Y		83	N	1	5	5	unicode-total	土		people, subjects, citizens	氏		민:0E	백성 민
氓	U+6C13	맹	맹	N	2015	83	N	4	8	8	unicode-total	金		people; subjects; vassals	氏		맹:0N	백성 맹
氛	U+6C1B	분	분	N	2015	84	N	4	8	8	unicode-total	金		gas, vapor, air	气		분:1N	기운 분
氣	U+6C23	기	기	Y		84	N	6	10	10	unicode-total	水		air, gas, steam, vapor; spirit	气		기:0E	기운 기
氤	U+6C24	인	인	N	2015	84	N	6	10	10	unicode-total	水		hanging fog, misty	气		인:1N	기운성할 인
氳	U+6C33	온	온	N	2015	84	N	10	14	14	unicode-total	火		life giving influences of nature; spirit of harmony; prosperity	气		온:1N	기운 어릴 온, 기운 성할 온
水	U+6C34	수	수	Y		85	N	0	4	4	unicode-total	火	水	water, liquid, lotion, juice	水		수:0E	물 수, 고를 수
氶	U+6C36	승	승	N	2015	85	N	1	5	5	unicode-total	土	水	name of a river in Shandong	水		승:N	
氷	U+6C37	빙	빙	Y		85	N	1	5	5	unicode-total	土	水	ice, frost, icicles; cold	水		빙:0E	얼음 빙
永	U+6C38	영	영	Y		85	N	1	5	5	unicode-total	土	水	long, perpetual, eternal, forever	水		영:0E	길 영, 오랠 영
氾	U+6C3E	범	범	N	2015	85	N	2	5	6	radical-full	土	水	overflow, flood, inundate	水		범:0N	넘칠 범, 물넘칠 범
氿	U+6C3F	궤	궤	N	2015	85	N	2	5	6	radical-full	土	水	spring	水		궤:1N	물가 궤
汀	U+6C40	정	정	N	2015	85	N	2	5	6	radical-full	土	水	sandbar, beach, bank, shore	水		정:0N	물가 정, 수렁 정
汁	U+6C41	즙	즙	N	2015	85	N	2	5	6	radical-full	土	水	juice, liquor, fluid, sap, gravy, sauce	水		즙:0N	즙 즙, 진액 즙
求	U+6C42	구	구	Y		85	N	2	7	7	radical-variant-check	金	水	seek; demand, request; beseech	水		구:0E	찾을 구, 구할 구
汃	U+6C43	팔	팔	N	2015	85	N	2	5	6	radical-full	土	水		水		팔:1N	
汋	U+6C4B	작	작	N	2015	85	N	3	6	7	radical-full	金	水	to pour	水		작:1N	삶을 작
汎	U+6C4E	범	범	N	2015	85	N	3	6	7	radical-full	金	水	float, drift; afloat; careless	水		범:0N	뜰 범
汏	U+6C4F	대	대	N	2015	85	N	3	6	7	radical-full	金	水		水		대:1N	씻을 대
汐	U+6C50	석	석	N	2015	85	N	3	6	7	radical-full	金	水	night tides, evening ebb tide	水		석:0N	조수 석, 저녁조수 석
汒	U+6C52	망	망	N	2015	85	N	3	6	7	radical-full	金	水		水		망:1N	황급할 망
汓	U+6C53	수	수	N	2015	85	N	3	6	7	radical-full	金	水		水		수:N	
汔	U+6C54	흘	흘	N	2015	85	N	3	6	7	radical-full	金	水	close, almost	水		흘:1N	거의 흘
汕	U+6C55	산	산	N	2015	85	N	3	6	7	radical-full	金	水	basket for catching fish; bamboo; Swatow (Shantou)	水		산:0N	오구 산, 통발 산
汗	U+6C57	한	한	Y		85	N	3	6	7	radical-full	金	水	perspiration, sweat	水		한:0E	땀 한
汙	U+6C59	오	오	N	2015	85	N	3	6	7	radical-full	金	水	filthy, dirty, impure, polluted	水		오:1N	汚와 同字
汚	U+6C5A	오	오	Y		85	N	3	6	7	radical-full	金	水	filthy, dirty, impure, polluted	水		오:0E	더러울 오, 웅덩이 오
汛	U+6C5B	신	신	N	2015	85	N	3	6	7	radical-full	金	水	high water, flood tides	水		신:1N	물뿌릴 신
汜	U+6C5C	사	사	N	2015	85	N	3	6	7	radical-full	金	水	a stream which leaves the main branch then later returns	水		사:1N	지류 사
汝	U+6C5D	여	여	Y		85	N	3	6	7	radical-full	金	水	you	水		여:0E	물 이름 여, 물에 젖을 여, 너 여
汞	U+6C5E	홍	홍	N	2015	85	N	3	7	7	unicode-total	金	水	mercury (element 80, Hg)	水		홍:0N	수은 홍
江	U+6C5F	강	강	Y		85	N	3	6	7	radical-full	金	水	large river; the Yangzi; surname	水		강:0E	가람 강, 물 강
池	U+6C60	지	지	Y		85	N	3	6	7	radical-full	金	水	pool, pond; moat; cistern	水		지:0E	못 지
汦	U+6C66	지	지	N	2015	85	N	4	7	8	radical-full	金	水		水		지:N	
汨	U+6C68	골	골	N	2015	85	N	4	7	8	radical-full	金	水	Mi(luo) river in Hunan province where Qu Yuan drowned himself; to sink; (used erroneously for 汩)	水		골:0N	골몰할 / 물이름 멱
汩	U+6C69	율	율	N	2015	85	N	4	7	8	radical-full	金	水	run swiftly	水		율:N	
汪	U+6C6A	왕	왕	N	2015	85	N	4	7	8	radical-full	金	水	vast, extensive, deep; surname	水		왕:0N	물 출렁출렁할 왕, 연못 왕, 깊고넓을 왕
汭	U+6C6D	예	예	N	2015	85	N	4	7	8	radical-full	金	水	confluence of two streams; bend	水		예:0N	물 이름 예, 물 굽이 예
汰	U+6C70	태	태	N	2015	85	N	4	7	8	radical-full	金	水	excessive; scour, wash out	水		태:0N	미끄러울 태, 넘칠 태, 씻길 태, 사치할 태, 미끄러질 태
汲	U+6C72	급	급	N	2015	85	N	4	6	8	radical-full|component-kangxi-diff	金	水	draw water from well; imbibe	水		급:0N	길을 급, 물길을 급
汶	U+6C76	문	문	N	2015	85	N	4	7	8	radical-full	金	水	a river in Shandong province	水		문:0N	내 이름 문, 수치 문, 물이름 문
決	U+6C7A	결	결	Y		85	N	4	7	8	radical-full	金	水	decide, determine, judge	水		결:0E	결단할 결, 물이름 결, 물골 터 놓을 결, 끊을 결, 이별할 결
汽	U+6C7D	기	기	N	2015	85	N	4	7	8	radical-full	金	水	steam, vapor, gas	水		기:0N	김 기, 물끓는김 기 / 汔과 同字
汾	U+6C7E	분	분	N	2015	85	N	4	7	8	radical-full	金	水	river in Shanxi province	水		분:0N	클 분, 물이름 분
沁	U+6C81	심	심	N	2015	85	N	4	7	8	radical-full	金	水	soak into, seep in, percolate	水		심:0N	스며들 심, 물이름 심
沂	U+6C82	기	기	N	2015	85	N	4	7	8	radical-full	金	水	river in southeast Shandong	水		기:0N	물 이름 기
沃	U+6C83	옥	옥	N	2015	85	N	4	7	8	radical-full	金	水	water, irrigate; fertile, rich	水		옥:0N	기름질 옥, 부드러울 옥, 손 씻을 옥, 아리따울 옥
沄	U+6C84	운	운	N	2015	85	N	4	7	8	radical-full	金	水	billows	水		운:1N	물 콸콸 흐를 운, 끓을 운
沅	U+6C85	원	원	N	2015	85	N	4	7	8	radical-full	金	水	name of a river in western Hunan that flows into Dongting lake	水		원:0N	물 이름 원
沆	U+6C86	항	항	N	2015	85	N	4	7	8	radical-full	金	水	a ferry; fog; flowing	水		항:0N	큰 물 항, 진펀할 항, 이슬 항
沇	U+6C87	연,윤	연,윤	N	2015	85	N	4	7	8	radical-full	金	水	flowing and engulfing; brimming	水		연:0N 윤:N	물 졸졸 흐를 연, 물흐르는모양 연
沈	U+6C88	심,침	심,침	Y	2015	85	N	4	7	8	radical-full	金	水	sink, submerge; addicted to; surname	水		심:0N 침:0E	성 심, 가라앉을 심 / 장마물 침, 진펄 침, 잠길 침, 채색할 침, 고요할 침, 가라앉을 침
沌	U+6C8C	돈	돈	N	2015	85	N	4	7	8	radical-full	金	水	chaotic, confused; turbid, murky	水		돈:0N	기름 덩어리 돈, 혼탁할 돈
沍	U+6C8D	호	호	N	2015	85	N	4	7	8	radical-full	金	水	freezing; stopped up, closed off	水		호:1N	冱의 譌字
沐	U+6C90	목	목	N	2015	85	N	4	7	8	radical-full	金	水	bathe, cleanse, wash, shampoo	水		목:0N	머리감을 목
沒	U+6C92	몰	몰	Y		85	N	4	7	8	radical-full	金	水	not, have not, none; to drown, sink	水		몰:0E	가라 앉을 몰, 빠질 몰
沓	U+6C93	답	답	N	2015	85	N	4	8	8	unicode-total	金	水	connected, joined; repeated	水		답:0N	거듭 답, 물넘칠 답
沔	U+6C94	면	면	N	2015	85	N	4	7	8	radical-full	金	水	flood; overflowing	水		면:0N	물 흐를 면
沕	U+6C95	물	물	N	2015	85	N	4	7	8	radical-full	金	水	deep; (Cant.) to dive	水		물:0N	아득할 물, 숨길 물, 잠길 물
沖	U+6C96	충	충	N	2015	85	N	4	7	8	radical-full	金	水	pour, infuse, steep; wash away	水		충:0N	깊을 충, 온화할 충, 어릴 충
沘	U+6C98	비	비	N	2015	85	N	4	7	8	radical-full	金	水	name of a river	水		비:1N	강 이름 비
沙	U+6C99	사	사	Y		85	N	4	7	8	radical-full	金	水	sand, gravel, pebbles; granulated	水		사:0E	모래 사
沚	U+6C9A	지	지	N	2015	85	N	4	7	8	radical-full	金	水	islet in stream; small sandbar	水		지:0N	물가 지, 모래톱 지
沛	U+6C9B	패	패	N	2015	85	N	4	7	8	radical-full	金	水	abundant, full, copious; sudden	水		패:0N	둥둥 뜰 패, 비 쏟아질 패, 넉넉할 패, 비가쏟아지는모양 패
沫	U+6CAB	말	말	N	2015	85	N	5	8	9	radical-full	水	水	froth, foam, bubbles, suds	水		말:0N	거품 말, 물방울 말
沬	U+6CAC	매	매	N	2015	85	N	5	8	9	radical-full	水	水	dusk; Mei river; Zhou dynasty place-name; (Cant.) to go underwater, to dive	水		매:1N	
沮	U+6CAE	저	저	N	2015	85	N	5	8	9	radical-full	水	水	stop, prevent; defeated, dejected	水		저:0N	그칠 저, 막을 저, 무너질 저, 공갈할 저, 물이 번질 저, 나라이름 저
沰	U+6CB0	탁	탁	N	2015	85	N	5	8	9	radical-full	水	水	to let drop	水		탁:1N	떨어뜨릴 탁, 돌 던질 탁, 떨어질 탁
沱	U+6CB1	타	타	N	2015	85	N	5	8	9	radical-full	水	水	rivers, streams, waterways; flow	水		타:1N	물이 갈래질 타, 큰 비 타, 눈물이 흐를 타
河	U+6CB3	하	하	Y		85	N	5	8	9	radical-full	水	水	river; stream; the Yellow River	水		하:0E	물 하
沶	U+6CB6	시	시	N	2015	85	N	5	8	9	radical-full	水	水		水		시:N	
沸	U+6CB8	비	비	N	2015	85	N	5	8	9	radical-full	水	水	boil, bubble up, gush	水		비:0N	끓을 비
油	U+6CB9	유	유	Y		85	N	5	8	9	radical-full	水	水	oil, fat, grease, lard; paints	水		유:0E	기름 유, 구름 피어오를 유, 공손할 유
治	U+6CBB	치	치	Y		85	N	5	8	9	radical-full	水	水	govern, regulate, administer	水		치:0E	다스릴 치, 다듬을 치, 익을 치, 치료할 치
沼	U+6CBC	소	소	N	2015	85	N	5	8	9	radical-full	水	水	lake, fishpond, swamps	水		소:0N	못 소, 늪 소
沽	U+6CBD	고	고	N	2015	85	N	5	8	9	radical-full	水	水	buy and sell; inferior in quality	水		고:0N	팔 고
沾	U+6CBE	첨	첨	N	2015	85	N	5	8	9	radical-full	水	水	moisten, wet, soak; touch	水		첨:0N	더할 첨, 절일 첨
沿	U+6CBF	연	연	Y		85	N	5	8	9	radical-full	水	水	follow a course, go along	水		연:0E	물 따라 내려갈 연, 좇을 연
況	U+6CC1	황	황	Y		85	N	5	8	9	radical-full	水	水	condition, situation; furthermore	水		황:0E	하물며 황
泂	U+6CC2	형	형	N	2015	85	N	5	8	9	radical-full	水	水	clear and deep (of water); wide	水		형:0N	멀 형, 깊고 넓은 모양 형, 차가운 형, 찰 형
泄	U+6CC4	설	설	N	2015	85	N	5	8	9	radical-full	水	水	leak; vent; flow; reveal	水		설:0N	샐 설, 발설할 설 / 내칠 예, 날개 훨훨칠 예, 흩을 예
泅	U+6CC5	수	수	N	2015	85	N	5	8	9	radical-full	水	水	swim, float, wade	水		수:1N	
泆	U+6CC6	일	일	N	2015	85	N	5	8	9	radical-full	水	水	licentious, libertine, dissipated	水		일:1N	끊을 일
泇	U+6CC7	가	가	N	2018	85	N	5	8	9	radical-full	水	水		水		가:N	
泉	U+6CC9	천	천	Y		85	N	5	9	9	unicode-total	水	水	spring, fountain; wealth, money	水		천:0E	샘 천
泊	U+6CCA	박	박	Y		85	N	5	8	9	radical-full	水	水	anchor vessel; lie at anchor	水		박:0E	머무를 박, 배댈 박
泌	U+6CCC	비,필	비,필	N	2015	85	N	5	8	9	radical-full	水	水	to seep out, excrete	水		비:0N 필:0N	샘물 흐르는 모양 비, 졸졸흐르는 모양 비 / 졸졸흐르는 모양
泐	U+6CD0	륵	륵	N	2015	85	N	5	7	9	radical-full|component-kangxi-diff	水	水	to write; to indite; veins in minerals	水	늑	륵:1N	돌 갈라질 륵
泑	U+6CD1	유	유	N	2015	85	N	5	8	9	radical-full	水	水	the vitreous glaze on china, porcelain, etc.	水		유:1N	물빛이 검을 유, 물이름 유
泓	U+6CD3	홍	홍	N	2015	85	N	5	8	9	radical-full	水	水	clear, deep pool of water	水		홍:0N	깊을 홍, 물깊을 홍
泔	U+6CD4	감	감	N	2015	85	N	5	8	9	radical-full	水	水	water from washing rice to boil thick, as gruel	水		감:1N	
法	U+6CD5	법	법	Y		85	N	5	8	9	radical-full	水	水	law, rule, regulation, statute; France, French	水		법:0E	법 법
泗	U+6CD7	사	사	N	2015	85	N	5	8	9	radical-full	水	水	mucous; nasal flow; sniffle; river in Shandong	水		사:0N	물 이름 사
泙	U+6CD9	평	평	N	2015	85	N	5	8	9	radical-full	水	水	roar	水		평:1N	물소리 평, 물결 셀 평
泚	U+6CDA	자	자	N	2015	85	N	6	9	10	radical-full|kangxi-pos:85.5	水	水	clear; bright and brilliant; sweat	水		자:1N	맑을 자
泛	U+6CDB	범	범	N	2015	85	N	5	7	9	radical-full|component-kangxi-diff	水	水	to drift, float; careless, reckless	水		범:0N	뜰 범
泜	U+6CDC	지	지	N	2015	85	N	5	8	9	radical-full	水	水	a river in Hebei province	水		지:1N	강 이름 지
泝	U+6CDD	소	소	N	2015	85	N	5	8	9	radical-full	水	水	go upstream; trace source; formerly	水		소:1N	거슬러 올라갈 소, 흘러갈 소
泠	U+6CE0	령	령	N	2015	85	N	5	8	9	radical-full	水	水	nice and cool, mild and comfortable	水	영	령:1N	깨우칠 령
泡	U+6CE1	포	포	N	2015	85	N	5	8	9	radical-full	水	水	bubbles, suds; blister; soak	水		포:0N	물거품 포, 물이 솟아날 포, 물 흐를 포, 성할 포
波	U+6CE2	파	파	Y		85	N	5	8	9	radical-full	水	水	waves, breakers; undulations	水		파:0E	물결 파, 물 젖을 파, 눈 광채 파, 움직일 파, 달빛 파
泣	U+6CE3	읍	읍	Y		85	N	5	8	9	radical-full	水	水	cry, sob, weep	水		읍:0E	눈물 줄줄 흘릴 읍, 부글부글 끓는 소리 읍, 소리없이울 읍
泥	U+6CE5	니	니,이	Y		85	N	5	8	9	radical-full	水	水	mud, mire; earth, clay; plaster	水	이	니:0E 이:0	막힐 니, 진흙 니 / 진흙 니, 물이 더러워질 니, 흙손 니, 술취할 니, 이슬 맺힐 니
注	U+6CE8	주	주	Y		85	N	5	8	9	radical-full	水	水	concentrate, focus, direct	水		주:0E	물댈 주
泫	U+6CEB	현	현	N	2015	85	N	5	8	9	radical-full	水	水	weep; cry; shine, glisten	水		현:0N	물 깊을 현, 이슬 맺힐 현, 눈물 줄줄 흘릴 현
泮	U+6CEE	반	반	N	2015	85	N	5	8	9	radical-full	水	水	Zhou dynasty school; disperse; fall apart	水		반:0N	학교 반, 얼음풀릴 반
泯	U+6CEF	민	민	N	2015	85	N	5	8	9	radical-full	水	水	destroy, eliminate; perish	水		민:0N	망할 민, 빠질 민
泰	U+6CF0	태	태	Y		85	N	5	10	10	radical-variant-check	水	水	great, exalted, superior; big; hexagram ䷊	水		태:0E	클 태, 통할 태, 너그러울 태, 편안할 태, 괘 이름 태, 타이
泱	U+6CF1	앙	앙	N	2015	85	N	5	8	9	radical-full	水	水	great, expansive; agitated	水		앙:1N	끝없을 앙
泳	U+6CF3	영	영	Y		85	N	5	8	9	radical-full	水	水	dive; swim	水		영:0E	헤엄칠 영
泿	U+6CFF	은	은	N	2015	85	N	6	9	10	radical-full	水	水		水		은:N	
洄	U+6D04	회	회	N	2015	85	N	6	9	10	radical-full	水	水	a back-water; an eddy a whirlpool	水		회:1N	거슬러 올라 갈 회
洇	U+6D07	인	인	N	2015	85	N	6	9	10	radical-full	水	水	to soak paper, blot	水		인:1N	湮과 同字
洊	U+6D0A	천	천	N	2015	85	N	6	9	10	radical-full	水	水	flowing water	水		천:1N	이를 천
洋	U+6D0B	양	양	Y		85	N	6	9	10	radical-full	水	水	ocean, sea; foreign; western	水		양:0E	큰 바다 양, 넘칠 양
洌	U+6D0C	렬	렬	N	2015	85	N	6	9	10	radical-full	水	水	clear	水	열	렬:0N	맑을 렬
洑	U+6D11	보	보	N	2015	85	N	6	9	10	radical-full	水	水	whirlpool, undercurrent	水		보:0N	보 보, 보마기 보
洒	U+6D12	선,세	선,세	N	2015	85	N	6	9	10	radical-full	水	水	sprinkle; scatter; pour; to wipe away; to shiver	水		선:N 세:1N	씻을 세, 설치할 세
洔	U+6D14	지	지	N	2015	85	N	6	9	10	radical-full	水	水		水		지:N	
洗	U+6D17	선,세	선,세	Y	2015	85	N	6	9	10	radical-full	水	水	wash, rinse; clean, purify	水		선:N 세:0E	조촐할 선, 율이름 선 / 씻을 세, 세수 그릇 세
洙	U+6D19	수	수	N	2015	85	N	6	9	10	radical-full	水	水	name of a river in Shandong	水		수:0N	물가 수, 물읾 수
洛	U+6D1B	락	낙,락	N	2015	85	N	6	9	10	radical-full	水	水	river in Shanxi province; city	水	낙	낙:0 락:0N	강이름 락 / 강 이름 낙
洞	U+6D1E	동,통	동,통	Y	2015	85	N	6	9	10	radical-full	水	水	cave, grotto; ravine; hole	水		동:0E 통:0N	마을 동, 고을 동 / 구렁 통, 깊을 통, 빌 통, 밝을 통, 고을 통
洟	U+6D1F	이	이	N	2015	85	N	6	9	10	radical-full	水	水	snivel, mucus from nose	水		이:1N	콧물 이, 눈물 이, 못이름 이
洣	U+6D23	미	미	N	2015	85	N	6	9	10	radical-full	水	水	Mi river in Hunan, tributary of Xiangjiang	水		미:N	
津	U+6D25	진	진	N	2015	85	N	6	9	10	radical-full	水	水	ferry; saliva; ford	水		진:0N	나루 진
洧	U+6D27	유	유	N	2015	85	N	6	9	10	radical-full	水	水	name of a river in Honan	水		유:0N	물이름 유
洨	U+6D28	효	효	N	2015	85	N	6	9	10	radical-full	水	水	river in Hebei province	水		효:N	
洩	U+6D29	설	설	N	2015	85	N	6	9	10	radical-full	水	水	leak, drip; vent or release	水		설:0N	샐 설, 물이샐 설 / 퍼질 예, 날개 훨훨칠 예
洪	U+6D2A	홍	홍	Y		85	N	6	9	10	radical-full	水	水	vast, immense; flood, deluge	水		홍:0E	큰물 홍, 넓을 홍
洫	U+6D2B	혁	혁	N	2015	85	N	6	9	10	radical-full	水	水	to ditch; a moat	水		혁:1N	넘칠 혁, 빌 혁, 봇도랑 혁
洬	U+6D2C	속	속	N	2015	85	N	6	9	10	radical-full	水	水		水		속:1N	
洮	U+6D2E	도	도	N	2015	85	N	6	9	10	radical-full	水	水	cleanse; river in Gansu province	水		도:1N	
洯	U+6D2F	결	결	N	2018	85	N	6	10	10	unicode-total	水	水		水		결:N	
洲	U+6D32	주	주	Y		85	N	6	9	10	radical-full	水	水	continent; island; islet	水		주:0E	섬 주, 물가 주
洵	U+6D35	순	순	N	2015	85	N	6	9	10	radical-full	水	水	true, real, truly, really	水		순:0N	웅덩이물 순, 소리없이 눈물흘릴 순, 믿을 순 / 멀 현
洶	U+6D36	흉	흉	N	2015	85	N	6	9	10	radical-full	水	水	the rush of water; turbulent; noisy, restless	水		흉:0N	물살세찰 흉, 물소리 흉
洸	U+6D38	광	광	N	2015	85	N	6	9	10	radical-full	水	水	sparkle, glitter	水		광:0N	물 용솟음할 광, 물솟을 광
洹	U+6D39	원,환	원,환	N	2015	85	N	6	9	10	radical-full	水	水	river in Henan province	水		원:0N 환:N	흐를 원, 물 이름 원
洺	U+6D3A	명	명	N	2015	85	N	6	9	10	radical-full	水	水	river in Hebei province	水		명:1N	강 이름 명
活	U+6D3B	활	활	Y		85	N	6	9	10	radical-full	水	水	live, exist, survive; lively	水		활:0E	살 활
洼	U+6D3C	와	와	N	2015	85	N	6	9	10	radical-full	水	水	hollow; pit; depression; swamp	水		와:1N	물 이름 와
洽	U+6D3D	흡	흡	N	2015	85	N	6	9	10	radical-full	水	水	to blend with, be in harmony; to penetrate; to cover; a river in Shenxi	水		흡:0N	윤태하게 할 흡, 화할 흡
派	U+6D3E	파	파	Y		85	N	6	9	10	radical-full	水	水	school of thought, sect, branch	水		파:0E	물 갈래 파, 보낼 파, 나눌 파, 파벌 파, 물가닥 파
流	U+6D41	류	류,유	Y		85	N	6	10	10	unicode-total	水	水	flow, circulate, drift; class	水	유	류:0E 유:0	흐를 류 / 흐를 류, 번져나갈 류, 구할 류, 내칠 류, 달아날 류, 무리 류, 귀양보낼 류
浙	U+6D59	절	절	N	2015	85	N	7	10	11	radical-full	木	水	Zhejiang province; river	水		절:0N	쌀 씻을 절, 물이름 절
浚	U+6D5A	준	준	N	2015	85	N	7	10	11	radical-full	木	水	dredge	水		준:0N	깊을 준
浜	U+6D5C	빈	빈	N	2015	85	N	7	10	11	radical-full	木	水	creek, stream; beach, sea coast	水		빈:0N	물가 빈, 갯고랑 빈
浡	U+6D61	발	발	N	2015	85	N	7	10	11	radical-full	木	水	burst forth; rise; vigorous	水		발:1N	일어날 발
浣	U+6D63	완	완	N	2015	85	N	7	10	11	radical-full	木	水	to wash, to rinse	水		완:0N	옷 빨 완, 씻을 완
浤	U+6D64	굉	굉	N	2015	85	N	7	10	11	radical-full	木	水	beating of ocean; surging of water	水		굉:1N	용솟음할 굉
浥	U+6D65	읍	읍	N	2015	85	N	7	10	11	radical-full	木	水	moist, wet, dampen	水		읍:1N	젖을 읍, 흠치르르할 읍
浦	U+6D66	포	포	Y		85	N	7	10	11	radical-full	木	水	bank of river, shore; surname	水		포:0E	물가 포, 갯가 포, 개 포
浧	U+6D67	영	영	N	2015	85	N	7	10	11	radical-full	木	水		水		영:1N	잠길 영, 앙금 영
浩	U+6D69	호	호	Y		85	N	7	10	11	radical-full	木	水	great, numerous, vast, abundant	水		호:0E	클 호
浪	U+6D6A	랑	낭,랑	Y		85	N	7	10	11	radical-full	木	水	wave; wasteful, reckless	水	낭	낭:0 랑:0E	물결 랑 / 물결 낭
浬	U+6D6C	리	리	N	2015	85	N	7	10	11	radical-full	木	水	nautical mile; knot, nautical mile per hour	水	이	리:0N	해리 리, 바다잇수 리
浮	U+6D6E	부	부	Y		85	N	7	10	11	radical-full	木	水	to float, drift, waft; to exceed; superfluous	水		부:0E	뜰 부
浯	U+6D6F	오	오	N	2015	85	N	7	10	11	radical-full	木	水	name of a river in Shandong	水		오:N	
浲	U+6D72	봉	봉	N	2015	85	N	7	10	11	radical-full	木	水		水		봉:N	
浴	U+6D74	욕	욕	Y		85	N	7	10	11	radical-full	木	水	bathe, wash; bath	水		욕:0E	깨끗이할 욕, 못 이름 욕, 목욕할 욕
海	U+6D77	해	해	Y	2015	85	N	7	10	11	radical-full	木	水	sea, ocean; maritime	水		해:0EN	바다 해, 많을 해, 세계 해
浸	U+6D78	침	침	Y		85	N	7	10	11	radical-full	木	水	soak, immerse, dip, percolate	水		침:0E	적실 침, 불릴 침, 번질 침, 빠질 침
浹	U+6D79	협	협	N	2015	85	N	7	10	11	radical-full	木	水	saturate, drench; damp, wet	水		협:0N	사무칠 협, 둘릴 협
浿	U+6D7F	패	패	N	2015	85	N	7	10	11	radical-full	木	水		水		패:0N	물이름 패, 물가 패
涂	U+6D82	도	도	N	2015	85	N	7	10	11	radical-full	木	水	surname; name of certain rivers	水		도:1N	길 도
涇	U+6D87	경	경	N	2015	85	N	7	10	11	radical-full	木	水	name of a river	水		경:0N	통할 경
消	U+6D88	소	소	Y		85	N	7	10	11	radical-full	木	水	vanish, die out; melt away	水		소:0E	다할 소, 꺼질 소, 풀릴 소, 해어질 소, 사라질 소
涉	U+6D89	섭	섭	Y		85	N	7	10	11	radical-full	木	水	ford stream, wade across	水		섭:0E	물 건널 섭, 지나칠 섭, 돌아다닐 섭
涌	U+6D8C	용	용	N	2015	85	N	7	10	11	radical-full	木	水	surge up, bubble up, gush forth	水		용:0N	물 넘칠 용, 날칠 용, 물솟을 용
涍	U+6D8D	효	효	N	2015	85	N	7	10	11	radical-full	木	水		水		효:0N	성 효, 물가 효
涎	U+6D8E	연	연	N	2015	85	N	7	9	11	radical-full|component-kangxi-diff	木	水	saliva	水		연:0N	침 연, 물 졸졸 흐를 연
涏	U+6D8F	정	정	N	2015	85	N	7	9	11	radical-full|component-kangxi-diff	木	水		水		정:N	
涑	U+6D91	속	속	N	2015	85	N	7	10	11	radical-full	木	水	river in Shansi province	水		속:0N	빨
涓	U+6D93	연	연	N	2015	85	N	7	10	11	radical-full	木	水	brook, stream; select; pure	水		연:0N	물방울 떨어질 연, 조촐할 연
涔	U+6D94	잠	잠	N	2015	85	N	7	10	11	radical-full	木	水	river in Shaanxi; murky torrent	水		잠:1N	괸물 잠
涕	U+6D95	체	체	N	2015	85	N	7	10	11	radical-full	木	水	tear; snivel, nasal mucus	水		체:0N	눈물 체
涖	U+6D96	리	리	N	2015	85	N	7	10	11	radical-full	木	水	river in Hebei province; creek	水	이	리:1N	다다를 리
涗	U+6D97	세	세	N	2015	85	N	7	10	11	radical-full	木	水		水		세:N	
涘	U+6D98	사	사	N	2018	85	N	7	10	11	radical-full	木	水	river bank; water's edge	水		사:N	
涪	U+6DAA	부	부	N	2015	85	N	8	11	12	radical-full	木	水	river in Sichuan province	水		부:1N	물거품 부
涫	U+6DAB	관	관	N	2015	85	N	8	11	12	radical-full	木	水		水		관:1N	끓을 관
涬	U+6DAC	행	행	N	2015	85	N	8	11	12	radical-full	木	水	watery expanse	水		행:N	
涯	U+6DAF	애	애	Y		85	N	8	11	12	radical-full	木	水	shore, bank, water's edge	水		애:0E	물가 애
液	U+6DB2	액	액	N	2015	85	N	8	11	12	radical-full	木	水	sap, juice, liquid, fluid	水		액:0N	즙 액, 진액 액
涴	U+6DB4	완	완	N	2015	85	N	8	11	12	radical-full	木	水	daub	水		완:1N	물 굽이쳐 흐를 완, 진흙 묻을 완
涵	U+6DB5	함	함	N	2015	85	N	8	11	12	radical-full	木	水	soak, wet; tolerate, be lenient	水		함:0N	젖을 함
涷	U+6DB7	동	동	N	2015	85	N	8	11	12	radical-full	木	水	rainstorm	水		동:1N	마룻대 동
涼	U+6DBC	량	량	Y		85	N	8	11	12	radical-full	木	水	cool, cold; disheartened	水	양	량:1E	서늘할 량
涿	U+6DBF	탁	탁	N	2015	85	N	8	11	12	radical-full	木	水	drip, dribble, trickle	水		탁:1N	물방울 떨어질 탁, 칠 탁, 물이름 탁, 땅이름 탁
淀	U+6DC0	정	정	N	2015	85	N	8	11	12	radical-full	木	水	shallow water, swamp; swampy	水		정:0N	배댈
淃	U+6DC3	권	권	N	2015	85	N	8	11	12	radical-full	木	水		水		권:0N	물돌아 흐를 권, 물도는 모양 권
淄	U+6DC4	치	치	N	2015	85	N	8	11	12	radical-full	木	水	river in Shandong province	水		치:0N	물이름 치, 검을 치
淅	U+6DC5	석	석	N	2015	85	N	8	11	12	radical-full	木	水	water used wash rice; to wash rice	水		석:0N	쌀일 석
淆	U+6DC6	효	효	N	2015	85	N	8	11	12	radical-full	木	水	confused, in disarray, mixed up	水		효:0N	뒤섞일 효, 흙탕칠 효
淇	U+6DC7	기	기	N	2015	85	N	8	11	12	radical-full	木	水	river in Henan province	水		기:0N	강 이름 기, 물이름 기
淈	U+6DC8	굴	굴	N	2015	85	N	8	11	12	radical-full	木	水		水		굴:1N	흐릴 굴
淋	U+6DCB	림	림,임	N	2015	85	N	8	11	12	radical-full	木	水	drip, soak, drench; perfectly	水	임	림:0N 임:0	물뿌릴 림, 물댈 림 / 지적지적할 림, 축일 림, 번지르르할 림, 물댈 임
淌	U+6DCC	창	창	N	2015	85	N	8	11	12	radical-full	木	水	trickle; flow down; drip	水		창:N	
淏	U+6DCF	호	호	N	2015	85	N	8	11	12	radical-full	木	水		水		호:0N	맑을 호
淐	U+6DD0	창	창	N	2015	85	N	8	11	12	radical-full	木	水		水		창:N	
淑	U+6DD1	숙	숙	Y		85	N	8	11	12	radical-full	木	水	good, pure, virtuous, charming	水		숙:0E	맑을 숙, 착할 숙, 사모할 숙
淒	U+6DD2	처	처	N	2015	85	N	8	11	12	radical-full	木	水	bitter cold, miserable, dreary	水		처:1N	쓸쓸할 처
淖	U+6DD6	뇨	뇨	N	2015	85	N	8	11	12	radical-full	木	水	slush; mud	水	요	뇨:1N	진흙 뇨
淘	U+6DD8	도	도	N	2015	85	N	8	11	12	radical-full	木	水	wash in a sieve; weed out	水		도:0N	일 도, 물흐를 도
淙	U+6DD9	종	종	N	2015	85	N	8	11	12	radical-full	木	水	gurgling sound of water	水		종:0N	물 소리 종
淚	U+6DDA	루	누,루	Y		85	N	8	11	12	radical-full	木	水	tears; weep, cry	水	누	누:0 루:0E	눈물 루 / 눈물 누
淝	U+6DDD	비	비	N	2015	85	N	8	11	12	radical-full	木	水	name of an affluent of the Poyang Lake	水		비:1N	강 이름 비
淞	U+6DDE	송	송	N	2015	85	N	8	11	12	radical-full	木	水	name of a river in Jiangsu	水		송:0N	강이름 송
淠	U+6DE0	비	비	N	2015	85	N	8	11	12	radical-full	木	水	name of a river in Anhui	水		비:1N	강 이름 비
淡	U+6DE1	담	담	Y		85	N	8	11	12	radical-full	木	水	weak, watery; insipid, tasteless	水		담:0E	물모양 담, 묽을 담
淢	U+6DE2	역	역	N	2015	85	N	8	11	12	radical-full	木	水	ditch	水		역:1N	빨리 흐를 역
淣	U+6DE3	예	예	N	2015	85	N	8	11	12	radical-full	木	水		水		예:N	
淤	U+6DE4	어	어	N	2015	85	N	8	11	12	radical-full	木	水	mud, sediment; clog up, silt up	水		어:1N	앙금 어, 진흙 어
淥	U+6DE5	록	록	N	2015	85	N	8	11	12	radical-full	木	水	strain; (Cant.) to scald	水	녹	록:1N	밭을 록
淦	U+6DE6	감	감	N	2015	85	N	8	11	12	radical-full	木	水	river in Jiangxi province; water leaking into a boat	水		감:1N	
淨	U+6DE8	정	정	Y		85	N	8	11	12	radical-full	木	水	pure, clean, unspoiled	水		정:0E	맑을 정, 조촐할 정
淪	U+6DEA	륜	륜,윤	N	2015	85	N	8	11	12	radical-full	木	水	be lost; sink, be submerged	水	윤	륜:0N 윤:0	물놀이 륜, 빠질 륜 / 빠질 륜, 물놀이칠 륜, 거느릴 륜
淫	U+6DEB	음	음	Y		85	N	8	11	12	radical-full	木	水	obscene, licentious, lewd	水		음:0E	방탕할 음, 간음할 음, 음란할 음, 넘칠 음, 적실 음, 오랠 음
淬	U+6DEC	쉬	쉬	N	2015	85	N	8	11	12	radical-full	木	水	temper; dye; soak; change, alter	水		쉬:1N	칼 담글 쉬, 물들일 쉬, 범할 쉬
淮	U+6DEE	회	회	N	2015	85	N	8	11	12	radical-full	木	水	river in Anhui province	水		회:0N	강 이름 회, 물이름 회
深	U+6DF1	심	심	Y		85	N	8	11	12	radical-full	木	水	deep; depth; far; very, extreme	水		심:0E	깊을 심
淳	U+6DF3	순	순	N	2015	85	N	8	11	12	radical-full	木	水	honest, simple, unsophisticated; cyanogen; ethane dinitrile	水		순:0N	맑을 순, 순박할 순
淵	U+6DF5	연	연	N	2015	85	N	8	12	12	unicode-total	木	水	gulf, abyss, deep	水		연:0N	못 연, 깊을 연, 북소리 둥둥할 연, 모래톱 연
淶	U+6DF6	래	래	N	2015	85	N	8	11	12	radical-full	木	水	river in Hebei province; creek	水	내	래:1N	강 이름 래
混	U+6DF7	혼	혼	Y		85	N	8	11	12	radical-full	木	水	to mix, blend, mingle; to bumble along	水		혼:0E	섞을 혼, 섞일 혼
淸	U+6DF8	청	청	Y		85	N	8	11	12	radical-full	木	水	clear	水		청:0E	맑을 청
淹	U+6DF9	엄	엄	N	2015	85	N	8	11	12	radical-full	木	水	drown; cover with liquid, steep	水		엄:0N	담글 엄, 오래머물 엄
淺	U+6DFA	천	천	Y		85	N	8	11	12	radical-full	木	水	shallow, not deep; superficial	水		천:0E	얕을 천
添	U+6DFB	첨	첨	Y		85	N	8	11	12	radical-full	木	水	append, add to; increase	水		첨:0E	더할 첨
淼	U+6DFC	묘	묘	N	2015	85	N	8	12	12	unicode-total	木	水	a wide expanse of water	水		묘:1N	물 아득할 묘
清	U+6E05	청	청	N	2015	85	N	8	11	12	radical-full	木	水	clear, pure, clean; peaceful	水		청:N	
済	U+6E08	제	제	N	2015	85	N	8	11	12	radical-full	木	水	help, aid, relieve; ferry, cross	水		제:N	
渊	U+6E0A	연	연	N	2015	85	N	8	11	12	radical-full	木	水	surge up, bubble up, gush forth	水		연:N	
渙	U+6E19	환	환	N	2015	85	N	9	12	13	radical-full	火	水	scatter; scattered, dispersed; hexagram ䷺	水		환:0N	흩어질 환, 물성할 환
渚	U+6E1A	저	저	N	2015	85	N	9	12	13	radical-full|kangxi-pos-residual:8>9	火	水	small sand bank, islet	水		저:0N	물가 저, 물 갈라질 저
減	U+6E1B	감	감	Y		85	N	9	12	13	radical-full	火	水	decrease, subtract, diminish	水		감:0E	덜 감, 무지러질 감, 가벼울 감, 물이름 감, 감할 감
渝	U+6E1D	투	투	N	2015	85	N	9	12	13	radical-full	火	水	change; chongqing	水		투:1N	빛 변할 투, 더러워질 투, 고을이름 투
渟	U+6E1F	정	정	N	2015	85	N	9	12	13	radical-full	火	水	(of water) not flowing; clear	水		정:0N	물 고일 정, 도랑 정, 물가 정
渠	U+6E20	거	거	N	2015	85	N	9	12	13	radical-full|multi-rs:75.8=12	火	水	ditch, canal, channel, gutter	水		거:0N	개천 거, 도랑 거, 휑덩그렁할 거, 클 거, 껄껄 웃을 거, 무엇 거
渡	U+6E21	도	도	Y		85	N	9	12	13	radical-full	火	水	cross, ferry over; ferry	水		도:0E	건널 도
渢	U+6E22	범	범	N	2015	85	N	9	12	13	radical-full	火	水	pleasant sound	水		범:N	
渣	U+6E23	사	사	N	2015	85	N	9	12	13	radical-full	火	水	refuse, dregs, lees, sediment	水		사:0N	찌끼 사
渤	U+6E24	발	발	N	2015	85	N	9	12	13	radical-full	火	水	swelling; (渤海) the Bohai Sea	水		발:0N	바다이름 발
渥	U+6E25	악	악	N	2015	85	N	9	12	13	radical-full	火	水	moisten, soak; great, deep; dye; to enrich	水		악:0N	두터울 악, 비젖을 악
渦	U+6E26	와	와	N	2015	85	N	9	11	13	radical-full|component-kangxi-diff	火	水	swirl, whirlpool, eddy	水		와:0N	소용돌이 와, 시끄러울 와
渨	U+6E28	외	외	N	2015	85	N	9	12	13	radical-full	火	水	a cove, a bay; a bend or nook in the hills; the curve of a bow	水		외:1N	더러울 외
渫	U+6E2B	설	설	N	2015	85	N	9	12	13	radical-full	火	水	beating of ocean; surging of water	水		설:0N	칠 설, 더러울 설 / 물결 출렁출렁할 접
測	U+6E2C	측	측	Y		85	N	9	12	13	radical-full	火	水	measure, estimate, conjecture	水		측:0E	측량할 측, 깊을 측, 맑을 측, 날카로울 측, 헤아릴 측
渭	U+6E2D	위	위	N	2015	85	N	9	12	13	radical-full	火	水	name of a river in Shanxi	水		위:0N	물 이름 위, 속 끓일 위
港	U+6E2F	항	항	Y		85	N	9	12	13	radical-full	火	水	port, harbor; small stream; bay	水		항:0E	물 갈라질 항, 항구 항, 뱃길 항
渲	U+6E32	선	선	N	2015	85	N	9	12	13	radical-full	火	水	add repeated washes of color	水		선:0N	바림 선, 물적실 선
渴	U+6E34	갈	갈	Y		85	N	9	12	13	radical-full	火	水	thirsty, parched; yearn, pine	水		갈:0E	목마를 갈, 급할 갈
渶	U+6E36	영	영	N	2015	85	N	9	11	13	radical-full|component-kangxi-diff	火	水		水		영:0N	물 맑을 영
渷	U+6E37	연	연	N	2015	85	N	9	12	13	radical-full	火	水		水		연:1N	물 이름 연
游	U+6E38	유	유	N	2015	85	N	9	12	13	radical-full	火	水	to swim; float, drift; wander, roam	水		유:0N	헤엄칠 유, 노닐 유, 깃발 유
渺	U+6E3A	묘	묘	N	2015	85	N	9	12	13	radical-full	火	水	endlessly long, boundless, vast	水		묘:0N	아득할 묘
渼	U+6E3C	미	미	N	2015	85	N	9	12	13	radical-full	火	水	ripples	水		미:0N	물놀이 미, 내 이름 미, 물결무늬 미
渽	U+6E3D	재	재	N	2015	85	N	9	12	13	radical-full	火	水		水		재:0N	맑을 재
渾	U+6E3E	혼	혼	N	2015	85	N	9	12	13	radical-full	火	水	muddy, turbid; blend, merge, mix	水		혼:0N	흐릴 혼
湀	U+6E40	규	규	N	2015	85	N	9	12	13	radical-full	火	水		水		규:N	
湃	U+6E43	배	배	N	2015	85	N	9	12	13	radical-full	火	水	sound of waves; turbulent	水		배:0N	물결 이는 모양 배, 물소리 배
湄	U+6E44	미	미	N	2015	85	N	9	12	13	radical-full	火	水	water's edge, shore, bank	水		미:0N	물 가 미, 더운 물 미
湅	U+6E45	련	련	N	2015	85	N	9	12	13	radical-full	火	水	boil silk	水	연	련:1N	누일 련
湊	U+6E4A	주	주	N	2015	85	N	9	12	13	radical-full	火	水	piece together, assemble	水		주:0N	모일 주, 물모일 주
湍	U+6E4D	단	단	N	2015	85	N	9	12	13	radical-full	火	水	rapid water current, rapids	水		단:0N	여울 단
湎	U+6E4E	면	면	N	2015	85	N	9	12	13	radical-full	火	水	flushed with drink, drunk	水		면:1N	빠질 면
湑	U+6E51	서	서	N	2015	85	N	9	12	13	radical-full	火	水	to strain spirits; river in Guangxi; abundant; bright	水		서:1N	거를 서
湓	U+6E53	분	분	N	2015	85	N	9	12	13	radical-full	火	水	a river in Jiangxi province	水		분:1N	용솟음할 분
湔	U+6E54	전	전	N	2015	85	N	9	12	13	radical-full	火	水	wash, cleanse; purge	水		전:1N	빨 전, 씻을 전, 물 번질 전
湕	U+6E55	건	건	N	2015	85	N	9	11	13	radical-full|component-kangxi-diff	火	水		水		건:N	
湖	U+6E56	호	호	Y		85	N	9	12	13	radical-full	火	水	a lake; Hubei, Hunan; bluish-green	水		호:0E	호수 호
湘	U+6E58	상	상	N	2015	85	N	9	12	13	radical-full	火	水	alternate name for Hunan	水		상:0N	강이름 상, 물이름 상
湛	U+6E5B	담	담	N	2015	85	N	9	12	13	radical-full	火	水	deep; profound; clear; tranquil, placid	水		담:0N	즐거울 담 / 빠질 침, 잠길 침
湜	U+6E5C	식	식	N	2015	85	N	9	12	13	radical-full	火	水	transparent, clear	水		식:0N	물 맑을 식, 엄숙할 식
湞	U+6E5E	정	정	N	2015	85	N	9	12	13	radical-full	火	水	river in Guangdong province	水		정:0N	물이름 정
湟	U+6E5F	황	황	N	2015	85	N	9	12	13	radical-full	火	水	river in Qinghai province	水		황:0N	해자 황, 물결빨리내려가는 모양 황
湣	U+6E63	혼	민,혼	N	2015	85	N	9	12	13	radical-full	火	水	mixed, confused; pity	水		민:1 혼:N	낚시줄 민
湧	U+6E67	용	용	N	2015	85	N	9	12	13	radical-full	火	水	well up; gush forth; rise	水		용:0N	涌의 俗字, 물솟을 용
湫	U+6E6B	추	추	N	2015	85	N	9	12	13	radical-full	火	水	a small pond; a damp and narrow place	水		추:0N	늪 추, 폭포 추, 찌푸릴 추, 서늘할 추
湮	U+6E6E	인	인	N	2015	85	N	9	12	13	radical-full	火	水	bury, sink, block up; stain	水		인:0N	잠길 인, 없어질 인
湯	U+6E6F	탕	탕	Y		85	N	9	12	13	radical-full	火	水	hot water; soup, gravy, broth	水		탕:0E	물 끓일 탕, 물이름 탕, 씻을 탕, 끓을 탕
湲	U+6E72	원	원	N	2015	85	N	9	12	13	radical-full	火	水	flow	水		원:0N	물소리 원, 물 졸졸 흐를 원
湳	U+6E73	남	남	N	2015	85	N	9	12	13	radical-full	火	水		水		남:0N	강 이름 남, 물이름 남
湵	U+6E75	유	유	N	2015	85	N	9	12	13	radical-full	火	水		水		유:N	
湺	U+6E7A	보	보	N	2015	85	N	9	12	13	radical-full	火	水		水		보:0N	보
溏	U+6E8F	당	당	N	2015	85	N	10	13	14	radical-full	火	水	pool; not hardened, semi-soft	水		당:1N	진수렁 당
源	U+6E90	원	원	Y		85	N	10	13	14	radical-full	火	水	spring; source, head; surname	水		원:0E	근원 원, 샘 원, 계속할 원
溒	U+6E92	원	원	N	2018	85	N	10	13	14	radical-full	火	水		水		원:N	
溕	U+6E95	몽	몽	N	2015	85	N	10	13	14	radical-full	火	水		水		몽:1N	
準	U+6E96	준	준	Y		85	N	10	13	14	radical-full	火	水	rule, guideline, standard	水		준:0E	수준기 준, 법 준
溘	U+6E98	합	합	N	2015	85	N	10	13	14	radical-full	火	水	abruptly, suddenly, unexpectedly	水		합:1N	문득 합, 이를 합, 의지할 합
溜	U+6E9C	류	류,유	N	2015	85	N	10	13	14	radical-full	火	水	slide, glide, slip; slippery	水	유	류:0N 유:0	방울져 떨어질 류, 증류수 류 / 처마물 류, 낙수물 류, 증류수 류
溝	U+6E9D	구	구	N	2015	85	N	10	13	14	radical-full	火	水	ditch, drain, narrow waterway	水		구:0N	개천 구
溟	U+6E9F	명	명	N	2015	85	N	10	13	14	radical-full	火	水	drizzling rain; dark, obscure	水		명:0N	어두울 명, 바다 명
溢	U+6EA2	일	일	N	2015	85	N	10	13	14	radical-full	火	水	overflow, brim over; full	水		일:0N	넘칠 일
溥	U+6EA5	보,부	보,부	N	2015	85	N	10	13	14	radical-full	火	水	big, great, vast, wide; widespread	水		보:N 부:0N	펼 부, 클 부
溧	U+6EA7	률	률	N	2015	85	N	10	13	14	radical-full	火	水	river in Anhui and Jiangsu provinces	水	율	률:1N	강 이름 률
溨	U+6EA8	재	재	N	2015	85	N	10	13	14	radical-full	火	水		水		재:N	
溪	U+6EAA	계	계	Y		85	N	10	13	14	radical-full	火	水	mountain stream, creek	水		계:0E	시내 계
溫	U+6EAB	온	온	Y		85	N	10	13	14	radical-full	火	水	lukewarm, warm; tepid, mild	水		온:0E	따뜻할 온, 부드러울 온
溯	U+6EAF	소	소	N	2015	85	N	10	13	14	radical-full	火	水	go upstream, go against current; formerly	水		소:0N	거슬러 올라갈 소
溱	U+6EB1	진	진	N	2015	85	N	10	13	14	radical-full	火	水	river in Henan	水		진:0N	많을 진, 성할 진
溲	U+6EB2	수	수	N	2015	85	N	10	12	14	radical-full|component-kangxi-diff	火	水	urinate; soak, drench	水		수:1N	오줌 수, 반족할 수, 적실 수
溵	U+6EB5	은	은	N	2015	85	N	10	13	14	radical-full	火	水	name of a place in Tianjin	水		은:1N	물소리 은, 물이름 은
溶	U+6EB6	용	용	N	2015	85	N	10	13	14	radical-full	火	水	to melt, dissolve; overflowing with	水		용:0N	물 질펀히 흐를 용, 녹일 용, 녹을 용
溷	U+6EB7	혼	혼	N	2015	85	N	10	13	14	radical-full	火	水	privy, latrine; turbid, dirty	水		혼:1N	어지러울 혼
溺	U+6EBA	닉	닉,익	N	2015	85	N	10	13	14	radical-full	火	水	drown; submerge in water; indulge	水	익	닉:0N 익:0	빠질 닉 / 우줌눌 뇨 / 빠질 닉, 약할 닉, 헤어 나오지 못할 닉
溽	U+6EBD	욕	욕	N	2015	85	N	10	13	14	radical-full	火	水	moist, humid, muggy	水		욕:1N	유월 더위 욕, 무더울 욕
滂	U+6EC2	방	방	N	2015	85	N	10	13	14	radical-full	火	水	torrential; voluminous	水		방:0N	비 퍼부을 방, 기름질 방
滃	U+6EC3	옹	옹	N	2015	85	N	10	13	14	radical-full	火	水	swelling, rising, dispersing	水		옹:1N	구름 피어 오를 옹, 안개 자욱할 옹
滄	U+6EC4	창	창	N	2015	85	N	10	13	14	radical-full	火	水	blue, dark green; cold	水		창:0N	찰 창, 서늘할 창
滅	U+6EC5	멸	멸	Y		85	N	10	13	14	radical-full	火	水	extinguish; wipe out, exterminate	水		멸:0E	멸망할 멸, 멸할 멸
滇	U+6EC7	진	진	N	2018	85	N	10	13	14	radical-full	火	水	Yunnan province	水		진:N	
滈	U+6EC8	호	호	N	2015	85	N	10	13	14	radical-full	火	水	downpour; river in Shaanxi	水		호:1N	장마 호
滉	U+6EC9	황	황	N	2015	85	N	10	13	14	radical-full	火	水	deep	水		황:0N	물 깊고 넓을 황
滋	U+6ECB	자	자	N	2015	85	N	10	12	14	radical-full|rs-by-kangxi-pos:85.10|component-kangxi-diff|multi-rs:85.9=13	火	水	grow, multiply, increase; thrive	水		자:0N	불을 자
滌	U+6ECC	척	척	N	2015	85	N	11	13	15	radical-full|kangxi-pos:85.10|component-kangxi-diff	土	水	wash, cleanse, purify; sweep	水		척:0N	씻을 척
滎	U+6ECE	형	형	N	2015	85	N	10	14	14	unicode-total	火	水	county in Henan; rising and dashing of waves	水		형:0N	실개천 형, 물결 일 형, 맑을 형
滑	U+6ED1	골,활	골,활	N	2015	85	N	10	13	14	radical-full	火	水	slip, slide; slippery, polished	水		골:0N 활:0N	어지러울 골 / 미끄러울 활, 어지러울 활
滓	U+6ED3	재	재	N	2015	85	N	10	13	14	radical-full	火	水	sediment, lees, dregs	水		재:0N	앙금 재, 찌끼 재
滔	U+6ED4	도	도	N	2015	85	N	10	13	14	radical-full	火	水	overflow; rushing water, a torrent	水		도:0N	물 넘칠 도, 도도히 흐르는 도
滕	U+6ED5	등	등	N	2015	85	N	10	15	15	radical-variant-check	土	水	an ancient state in Shandong province; water bursting forth	水		등:1N	물 솟을 등
滬	U+6EEC	호	호	N	2015	85	N	11	14	15	radical-full	土	水	Shanghai; river near Shanghai	水		호:1N	강 이름 호
滭	U+6EED	필	필	N	2015	85	N	11	13	15	radical-full|component-kangxi-diff	土	水		水		필:1N	샘 끓어 솟을 필
滯	U+6EEF	체	체	Y		85	N	11	14	15	radical-full	土	水	block up, obstruct; stagnant	水		체:0E	막힐 체, 쌓일 체
滲	U+6EF2	삼	삼	N	2015	85	N	11	14	15	radical-full	土	水	soak through, infiltrate	水		삼:N	샐
滴	U+6EF4	적	적	Y		85	N	11	14	15	radical-full	土	水	drip; drop of water	水		적:0E	물방울 적, 물 댈 적
滵	U+6EF5	밀	밀	N	2015	85	N	11	14	15	radical-full	土	水		水		밀:1N	물 흐르는 모양 밀
滷	U+6EF7	로	로	N	2015	85	N	11	14	15	radical-full	土	水	thick gravy, sauce, broth; brine	水	노	로:1N	소금밭 로
滸	U+6EF8	호	호	N	2015	85	N	11	14	15	radical-full	土	水	riverbank, shore	水		호:0N	물가 호
滼	U+6EFC	범	범	N	2015	85	N	11	14	15	radical-full	土	水		水		범:N	
滾	U+6EFE	곤	곤	N	2015	85	N	11	14	15	radical-full	土	水	turn, roll, rotate; boil	水		곤:0N	흐를 곤, 끓는 물 곤
滿	U+6EFF	만	만	Y		85	N	11	14	15	radical-full	土	水	fill; full, satisfied	水		만:0E	찰 만
漁	U+6F01	어	어	Y		85	N	11	14	15	radical-full	土	水	to fish; seize; pursue; surname	水		어:0E	물고기 잡을 어
漂	U+6F02	표	표	Y		85	N	11	14	15	radical-full	土	水	float, drift; tossed about	水		표:0E	뜰 표, 움직일 표, 으스스할 표, 높이 훨훨 날 표
漄	U+6F04	애	애	N	2015	85	N	11	14	15	radical-full	土	水		水		애:1N	물가 애
漆	U+6F06	칠	칠	Y		85	N	11	14	15	radical-full	土	水	varnish, lacquer, paint	水		칠:0E	옻나무 칠, 물이름 칠
漉	U+6F09	록	록	N	2015	85	N	11	14	15	radical-full	土	水	filter, strain; wet, dripping	水	녹	록:1N	거를 록
漊	U+6F0A	루	루	N	2018	85	N	11	14	15	radical-full	土	水	river in Hubei province	水	누	루:N	
漌	U+6F0C	근	근	N	2015	85	N	11	14	15	radical-full	土	水		水		근:1N	맑을 근
漏	U+6F0F	루	누,루	Y		85	N	11	14	15	radical-full	土	水	leak, drip; funnel; hour glass	水	누	누:0 루:0E	샐 루 / 샐 누
漑	U+6F11	개	개	N	2015	85	N	11	14	15	radical-full	土	水	water	水		개:0N	물 댈 개, 씻을 개, 물 천천히 흐를 개
漓	U+6F13	리	리	N	2015	85	N	11	13	15	radical-full|kangxi-pos-residual:10>11|component-kangxi-diff	土	水	river in Guangxi province; water dripping	水	이	리:1N	스며들 리
演	U+6F14	연	연	Y		85	N	11	14	15	radical-full	土	水	perform, put on; exercise	水		연:0E	펼칠 연, 긴 물줄기 연, 통할 연, 윤택할 연, 넓힐 연
漕	U+6F15	조	조	N	2015	85	N	11	14	15	radical-full	土	水	transport by water; canal transportation	水		조:0N	배로 실어 나를 조, 배로실어올 조
漙	U+6F19	단	단	N	2015	85	N	11	14	15	radical-full	土	水	dewy	水		단:1N	이슬방울 맺을 단
漚	U+6F1A	구	구	N	2015	85	N	11	14	15	radical-full	土	水	soak, steep; sodden, soaked; rotten; foam, froth	水		구:1N	물거품 구
漠	U+6F20	막	막	Y		85	N	11	13	15	radical-full|component-kangxi-diff	土	水	desert; aloof, indifferent, cool	水		막:0E	사막 막, 아득할 막
漢	U+6F22	한	한	Y		85	N	11	14	15	radical-full	土	水	the Chinese people, Chinese language	水		한:0E	한수 한
漣	U+6F23	련	련,연	N	2015	85	N	11	13	15	radical-full|component-kangxi-diff	土	水	flowing water; ripples; weeping	水	연	련:0N 연:0	물놀이 련, 물놀이칠 련 / 물 놀이칠 련, 눈물 줄줄 흘릴 련
漤	U+6F24	람	람	N	2015	85	N	11	14	15	radical-full	土	水	marinate in salt	水	남	람:N	
漦	U+6F26	시	시	N	2015	85	N	11	15	15	unicode-total	土	水	saliva; spittle; flowing downstream	水		시:N	
漧	U+6F27	건	건	N	2015	85	N	11	14	15	radical-full	土	水		水		건:N	
漨	U+6F28	봉	봉	N	2015	85	N	11	13	15	radical-full|component-kangxi-diff	土	水		水		봉:N	
漪	U+6F2A	의	의	N	2015	85	N	11	14	15	radical-full	土	水	ripples on water; swirling	水		의:1N	물놀이칠 의
漫	U+6F2B	만	만	Y		85	N	11	14	15	radical-full	土	水	overflow of water; spreading	水		만:0E	질펀할 만, 물질펀한 만
漬	U+6F2C	지	지	N	2015	85	N	11	14	15	radical-full	土	水	soak, steep; dye; stains; sodden	水		지:0N	담글 지, 물거품 지
漭	U+6F2D	망	망	N	2015	85	N	11	13	15	radical-full|component-kangxi-diff	土	水	vast; expansive	水		망:1N	넓을 망
漯	U+6F2F	루	루	N	2018	85	N	11	14	15	radical-full	土	水	river in northern Shandong	水	누	루:N	
漰	U+6F30	붕	붕	N	2015	85	N	11	14	15	radical-full	土	水	roar	水		붕:1N	
漱	U+6F31	수	수	N	2015	85	N	11	14	15	radical-full	土	水	gargle, rinse; wash, scour	水		수:0N	양치질할 수, 빨래할 수
漲	U+6F32	창	창	N	2015	85	N	11	14	15	radical-full	土	水	rise in price	水		창:0N	불을 창, 넘칠 창
漳	U+6F33	장	장	N	2015	85	N	11	14	15	radical-full	土	水	name of a river in Henan	水		장:1N	강이름 장
漸	U+6F38	점	점	Y		85	N	11	14	15	radical-full	土	水	gradually; hexagram ䷴	水		점:0E	번질 점, 물 흘러 들어갈 점, 점점 점, 차차 점
漼	U+6F3C	최	최	N	2015	85	N	11	14	15	radical-full	土	水	having the appearance of depth	水		최:1N	깊을 최, 고을 최, 눈물 줄줄 흘릴 최, 눈서리 쌓일 최
漾	U+6F3E	양	양	N	2015	85	N	11	14	15	radical-full	土	水	overflow; swirl, ripple; to be tossed by waves	水		양:1N	물결 출렁거릴 양
漿	U+6F3F	장	장	N	2015	85	N	11	15	15	unicode-total	土	水	any thick fluid; starch; broth	水		장:0N	미음 장, 초 장
潁	U+6F41	영	영	N	2015	85	N	11	15	15	unicode-total	土	水	river in Anhui	水		영:0N	물 이름 영, 성씨 영, 강이름 영
潏	U+6F4F	율	율	N	2015	85	N	12	15	16	radical-full	土	水	reclaimed land; dike, embankment	水		율:1N	물 흐를 율
潑	U+6F51	발	발	N	2015	85	N	12	15	16	radical-full	土	水	pour, splash, water, sprinkle; violent, malignant	水		발:0N	뿌릴 발, 활발할 발
潒	U+6F52	상	상	N	2015	85	N	12	14	16	radical-full|component-kangxi-diff	土	水		水		상:N	
潓	U+6F53	혜	혜	N	2018	85	N	12	15	16	radical-full	土	水		水		혜:N	
潔	U+6F54	결	결	Y		85	N	12	15	16	radical-full	土	水	clean, purify, pure	水		결:0E	맑을 결, 정결할 결, 조촐할 결
潗	U+6F57	집	집	N	2015	85	N	12	15	16	radical-full	土	水	friendly; harmonious	水		집:0N	샘솟을 집, 물끓을 집
潘	U+6F58	반	반	N	2015	85	N	12	15	16	radical-full	土	水	surname; water in which rice has been rinsed; a river that flows into the Han	水		반:0N	뜨물 반, 물이름 반
潙	U+6F59	규	규	N	2015	85	N	12	15	16	radical-full	土	水	river in Shanxi	水		규:1N	
潚	U+6F5A	숙	숙	N	2015	85	N	12	16	16	unicode-total	土	水	gay; deep	水		숙:0N	빠를
潛	U+6F5B	잠	잠	Y		85	N	12	15	16	radical-full	土	水	hide; hidden, secret, latent	水		잠:0E	잠길 잠
潜	U+6F5C	잠	잠	N	2015	85	N	12	15	16	radical-full	土	水	hide; hidden, secret, latent	水		잠:1N	潛의 俗字
潝	U+6F5D	흡	흡	N	2015	85	N	12	15	16	radical-full	土	水	agree	水		흡:1N	빨리 흐르는 소리 흡
潞	U+6F5E	로	로	N	2015	85	N	12	16	16	unicode-total	土	水	a county in Yunnan	水	노	로:0N	강 이름 로, 물이름 로
潟	U+6F5F	석	석	N	2015	85	N	12	15	16	radical-full	土	水	land impregnated with salt from the tide	水		석:0N	개펄 석
潡	U+6F61	돈	돈	N	2015	85	N	12	15	16	radical-full	土	水		水		돈:1N	큰 물 돈
潢	U+6F62	황	황	N	2015	85	N	12	14	16	radical-full|component-kangxi-diff	土	水	expanse of water, lake, pond	水		황:0N	웅덩이 황
潣	U+6F63	민	민	N	2015	85	N	12	15	16	radical-full	土	水	to pollute, contaminate	水		민:N	
潤	U+6F64	윤	윤	Y		85	N	12	15	16	radical-full	土	水	soft, moist; sleek; freshen	水		윤:0E	불을
潦	U+6F66	로,료	로,료	N	2015	85	N	12	15	16	radical-full	土	水	to flood; a puddle; without care	水	노,요	로:N 료:1N	큰 비 료
潪	U+6F6A	지	지	N	2018	85	N	12	15	16	radical-full	土	水		水		지:N	
潭	U+6F6D	담	담	N	2015	85	N	12	15	16	radical-full	土	水	deep pool, lake; deep, profound	水		담:0N	깊을 담, 못 담
潮	U+6F6E	조	조	Y		85	N	12	15	16	radical-full	土	水	tide; moist, wet, damp; flow	水		조:0E	조수 조
潯	U+6F6F	심	심	N	2015	85	N	12	15	16	radical-full	土	水	steep bank by stream; jiujiang	水		심:1N	물가 심
潰	U+6F70	궤	궤	N	2015	85	N	12	15	16	radical-full	土	水	flooding river; militarily defeat	水		궤:0N	흩어질 궤, 무너뜨릴 궤
潱	U+6F71	열	열	N	2015	85	N	12	15	16	radical-full	土	水		水		열:N	
潴	U+6F74	저	저	N	2015	85	N	12	14	16	radical-full|component-kangxi-diff	土	水	pond; a pool	水		저:1N	瀦와 同字
潸	U+6F78	산	산	N	2015	85	N	12	15	16	radical-full	土	水	weep; tears flowing	水		산:1N	눈물흐를 산
潺	U+6F7A	잔	잔	N	2015	85	N	12	15	16	radical-full	土	水	sound of flowing water	水		잔:0N	물이 줄줄 흐르는 모양 잔, 물졸졸흐르는 모양 잔
潼	U+6F7C	동	동	N	2015	85	N	12	15	16	radical-full	土	水	high, lofty; damp	水		동:0N	물 이름 동, 물결높을 동
潽	U+6F7D	보	보	N	2015	85	N	12	15	16	radical-full	土	水		水		보:0N	물이름
潾	U+6F7E	린	린	N	2015	85	N	12	15	16	radical-full	土	水	clear water	水	인	린:0N	맑을 린, 물맑을 린
澁	U+6F81	삽	삽	N	2015	85	N	12	15	16	radical-full	土	水	astringent; harsh; uneven, rough	水		삽:0N	떫을 삽, 깔깔할 삽
澂	U+6F82	징	징	N	2015	85	N	12	15	16	radical-full	土	水	clear and still water	水		징:1N	澄과 同字
澄	U+6F84	징	징	N	2015	85	N	12	15	16	radical-full	土	水	purify water by allowing sediment to settle; clear, pure	水		징:0N	맑을 징
澆	U+6F86	요	요	N	2015	85	N	12	15	16	radical-full	土	水	spray, water, sprinkle	水		요:1N	걸찰 요, 물 끌어올 요
澇	U+6F87	로	로	N	2015	85	N	12	15	16	radical-full	土	水	inundate, flood; torrent	水	노	로:N	
澈	U+6F88	철	철	N	2015	85	N	12	15	16	radical-full	土	水	thoroughly, completely	水		철:0N	물 맑을 철
澉	U+6F89	감	감	N	2015	85	N	12	14	16	radical-full|component-kangxi-diff	土	水	to wash name of a place	水		감:1N	
澋	U+6F8B	횡	횡	N	2015	85	N	12	15	16	radical-full	土	水		水		횡:1N	물이 빙 돌 횡
澌	U+6F8C	시	시	N	2015	85	N	12	15	16	radical-full	土	水	to exhaust; to drain dry	水		시:1N	물 잦을 시, 다할 시
澍	U+6F8D	주	주	N	2015	85	N	12	15	16	radical-full	土	水	timely rain, life-giving rain	水		주:0N	단비 주
澎	U+6F8E	팽	팽	N	2015	85	N	12	15	16	radical-full	土	水	splatter	水		팽:0N	물소리 팽, 물결 부딛는 형세 팽
澐	U+6F90	운	운	N	2015	85	N	12	15	16	radical-full	土	水	billows	水		운:0N	큰 물결 운
澒	U+6F92	홍	홍	N	2015	85	N	12	15	16	radical-full	土	水	vast	水		홍:1N	수은 홍
澔	U+6F94	호	호	N	2015	85	N	12	15	16	radical-full	土	水	radiance of gems	水		호:0N	浩와 同字, 채색빛날 호
澕	U+6F95	화	화	N	2015	85	N	12	13	16	radical-full|component-kangxi-diff	土	水		水		화:N	
澖	U+6F96	한	한	N	2015	85	N	12	15	16	radical-full	土	水		水		한:N	
澗	U+6F97	간	간	N	2015	85	N	12	15	16	radical-full	土	水	brook, mountain stream	水		간:0N	산골물 간
澘	U+6F98	산	산	N	2015	85	N	12	15	16	radical-full	土	水		水		산:1N	潸의 略字
澟	U+6F9F	름	름	N	2015	85	N	13	16	17	radical-full	金	水		水	늠	름:1N	서늘할 름
澡	U+6FA1	조	조	N	2015	85	N	13	16	17	radical-full	金	水	wash, bathe	水		조:1N	씻을 조
澣	U+6FA3	한	한	N	2015	85	N	13	16	17	radical-full	金	水	cleanse, wash	水		한:0N	빨 한, 빨래할 한
澤	U+6FA4	택	택	Y		85	N	13	16	17	radical-full	金	水	marsh, swamp; grace, brilliance; damp, moist; fertile	水		택:0E	못 택, 진펄 택, 진액 택, 윤택할 택, 비와 이슬 택, 늪 택
澥	U+6FA5	해	해	N	2015	85	N	13	16	17	radical-full	金	水	a blocked stream; gulf	水		해:N	
澧	U+6FA7	례	례	N	2015	85	N	13	16	17	radical-full	金	水	river in northern Hunan province	水	예	례:0N	강 이름 례
澨	U+6FA8	서	서	N	2015	85	N	13	16	17	radical-full	金	水	shore; river in Hubei	水		서:1N	물가 서
澪	U+6FAA	령	령	N	2015	85	N	13	16	17	radical-full	金	水		水	영	령:N	
澮	U+6FAE	회	회	N	2015	85	N	13	16	17	radical-full	金	水	irrigation ditch, trench; river	水		회:0N	봇도랑 회, 우물도랑 회
澯	U+6FAF	찬	찬	N	2015	85	N	13	16	17	radical-full	金	水		水		찬:0N	맑을 찬
澱	U+6FB1	전	전	N	2015	85	N	13	16	17	radical-full	金	水	sediment, dregs, precipitate	水		전:0N	찌끼 전, 물 고일 전
澳	U+6FB3	오	오	N	2015	85	N	13	15	17	radical-full|component-kangxi-diff	金	水	inlet, bay; dock, bank	水		오:0N	깊을 오, 물 이름 오
澶	U+6FB6	전	전	N	2015	85	N	13	16	17	radical-full	金	水	still water, placid, tranquil	水		전:1N	물이름 전
澹	U+6FB9	담	담	N	2015	85	N	13	16	17	radical-full	金	水	calm, quiet, tranquil	水		담:0N	맑을 담, 싱거울 담
澾	U+6FBE	달	달	N	2015	85	N	13	15	17	radical-full|component-kangxi-diff	金	水	slippery, smooth	水		달:0N	미끄러울
激	U+6FC0	격	격	Y		85	N	13	16	17	radical-full	金	水	arouse, excite, incite; quickly	水		격:0E	물결 부딪혀 흐를 격, 찌를 격, 맑은 소리 격, 말 과격히 할 격, 급할 격
濁	U+6FC1	탁	탁	Y		85	N	13	16	17	radical-full	金	水	muddy, turbid, dirty, filthy	水		탁:0E	흐릴 탁, 더러울 탁, 물이름 탁
濂	U+6FC2	렴	렴	N	2015	85	N	13	16	17	radical-full	金	水	a waterfall; a river in Hunan	水	염	렴:0N	내 이름 렴, 엷을 렴
濃	U+6FC3	농	농	N	2015	85	N	13	16	17	radical-full	金	水	thick, strong, concentrated	水		농:0N	짙을 농
濆	U+6FC6	분	분	N	2015	85	N	13	15	17	radical-full|component-kangxi-diff	金	水	river bank; river in Henan province; gush	水		분:1N	뿜을 분
濇	U+6FC7	색	색	N	2015	85	N	13	16	17	radical-full	金	水	astringent; harsh, rough; uneven	水		색:1N	껄끄러울 색
濉	U+6FC9	수	수	N	2015	85	N	13	16	17	radical-full	金	水	a river in Anui	水		수:1N	
濊	U+6FCA	예	예	N	2015	85	N	13	16	17	radical-full	金	水	vast, expansive, deep; dirty	水		예:0N	흐릴 예, 물 넘칠 예, 물넘치는 모양 예
濔	U+6FD4	니,미	니,미	N	2015	85	N	14	17	18	radical-full	金	水	many	水	이	니:N 미:N	
濕	U+6FD5	습	습	Y		85	N	14	17	18	radical-full	金	水	wet, moist, humid, damp; an illness	水		습:0E	젖을 습, 소 귀 벌룩거릴 습, 근심 습
濘	U+6FD8	녕	녕	N	2015	85	N	14	17	18	radical-full	金	水	mud; miry, muddy, stagnant	水	영	녕:1N	진흙 녕
濚	U+6FDA	영	영	N	2015	85	N	14	17	18	radical-full	金	水	a stream, eddy; to eddy	水		영:0N	물 돌아나갈 영, 물도는 모양 영
濛	U+6FDB	몽	몽	N	2015	85	N	14	16	18	radical-full|component-kangxi-diff	金	水	drizzling, misty, raining	水		몽:1N	가랑비 올 몽
濞	U+6FDE	비	비	N	2015	85	N	14	17	18	radical-full	金	水	a county in Yunnan; the sound made by turbulent water	水		비:1N	물 소리 비
濟	U+6FDF	제	제	Y		85	N	14	17	18	radical-full	金	水	to help, aid, relieve; to ferry, cross	水		제:0E	나루 제, 건널 제
濠	U+6FE0	호	호	N	2015	85	N	14	17	18	radical-full	金	水	moat, trench, ditch	水		호:0N	해자 호, 강 이름 호, 고을이름 호
濡	U+6FE1	유	유	N	2015	85	N	14	17	18	radical-full	金	水	immerse, moisten; wet, damp	水		유:0N	적실 유, 막힐 유, 곱고 윤택할 유
濤	U+6FE4	도	도	N	2015	85	N	14	17	18	radical-full	金	水	large waves	水		도:0N	물결 도, 큰물결 도
濥	U+6FE5	인	인	N	2015	85	N	14	17	18	radical-full	金	水		水		인:N	
濦	U+6FE6	은	은	N	2015	85	N	14	17	18	radical-full	金	水		水		은:N	
濩	U+6FE9	호	호	N	2015	85	N	14	17	18	radical-full	金	水	pour down, cascade down; look	水		호:0N	퍼질 호
濫	U+6FEB	람	남,람	Y		85	N	14	17	18	radical-full	金	水	flood, overflow; excessive	水	남	남:0 람:0E	퍼질 람 / 퍼질 남
濬	U+6FEC	준	준	N	2015	85	N	14	17	18	radical-full	金	水	dredge, dig; profound, deep	水		준:0N	칠 준, 깊을 준
濮	U+6FEE	복	복	N	2015	85	N	14	17	18	radical-full	金	水	county in Henan province	水		복:1N	강 이름 복
濯	U+6FEF	탁	탁	Y		85	N	14	17	18	radical-full	金	水	wash out, rinse; cleanse	水		탁:0E	씻을 탁, 빨래할 탁, 적실 탁, 클 탁, 빛날 탁, 산 민둥민둥할 탁, 살찔 탁, 놀 탁
濱	U+6FF1	빈	빈	N	2015	85	N	14	17	18	radical-full	金	水	beach, sea coast; river bank	水		빈:0N	물가 빈
濴	U+6FF4	영	영	N	2015	85	N	14	17	18	radical-full	金	水		水		영:1N	물 졸졸 흐를 영
濶	U+6FF6	활	활	N	2015	85	N	14	17	18	radical-full	金	水	broad, ample, wide; be apart	水		활:N	
濺	U+6FFA	천	천	N	2015	85	N	15	18	19	radical-full	水	水	sprinkle, spray; spill, splash	水		천:1N	흩뿌릴 천
濾	U+6FFE	려	려,여	N	2015	85	N	15	18	19	radical-full	水	水	strain out, filter	水	여	려:0N 여:0	겨를 려, 씻을 려 / 씻을 려, 맑을 려
瀁	U+7001	양	양	N	2015	85	N	15	17	19	radical-full|component-kangxi-diff	水	水	waves, ripples, rapids; overflow	水		양:0N	물결 일렁일 양, 내이름 양
瀅	U+7005	형	형	N	2015	85	N	15	18	19	radical-full	水	水	clear, pure water; lucid; glossy	水		형:0N	맑을 형, 개천 형, 물맑을 형
瀆	U+7006	독	독	N	2015	85	N	15	18	19	radical-full	水	水	ditch, sluice, gutter, drain	水		독:0N	도랑 독, 개천 독
瀇	U+7007	왕	왕	N	2015	85	N	15	17	19	radical-full|component-kangxi-diff	水	水	extensive body of water; broad and deep of water; momentum of moving water deep and wide	水		왕:1N	아득할 왕, 넓을 왕, 고인 물 썪어 냄새날 왕
瀉	U+7009	사	사	N	2015	85	N	15	18	19	radical-full	水	水	drain off, leak; flow, pour down	水		사:0N	토할 사, 쏟을 사
瀋	U+700B	심	심	N	2015	85	N	15	18	19	radical-full	水	水	juice; liquid; water; leak, pour	水		심:0N	즙낼
瀏	U+700F	류	류	N	2015	85	N	15	18	19	radical-full	水	水	clear; bright; whistling	水	유	류:0N	맑을 류
瀑	U+7011	폭	폭	N	2015	85	N	15	18	19	radical-full	水	水	waterfall, cascade; heavy rain	水		폭:0N	폭포수 폭, 소나기 폭
瀒	U+7012	색	색	N	2015	85	N	15	18	19	radical-full	水	水	coarse, rough; astringent	水		색:1N	濇의 俗字
瀓	U+7013	징	징	N	2015	85	N	15	18	19	radical-full	水	水		水		징:1N	맑을 징
瀕	U+7015	빈	빈	N	2015	85	N	16	19	20	radical-full	水	水	approach, be on verge of; near	水		빈:0N	물가 빈
瀘	U+7018	로	로	N	2015	85	N	16	19	20	radical-full	水	水	river in Jiangxi province	水	노	로:0N	강 이름 로
瀚	U+701A	한	한	N	2015	85	N	16	19	20	radical-full	水	水	vast, wide, extensive	水		한:0N	넓고 큰 한, 넓고클 한
瀛	U+701B	영	영	N	2015	85	N	16	19	20	radical-full	水	水	sea, ocean	水		영:0N	큰 바다 영, 신선 사는 산 영
瀜	U+701C	융	융	N	2015	85	N	16	19	20	radical-full	水	水		水		융:0N	물 깊을 륭, 물깊은 모양 융
瀝	U+701D	력	력	N	2015	85	N	16	19	20	radical-full	水	水	trickle, drip; strain; dregs	水	역	력:0N	거를 력, 스밀 력
瀞	U+701E	정	정	N	2015	85	N	16	17	20	radical-full|kangxi-pos:85.14|component-kangxi-diff	水	水	pool in a river	水		정:0N	맑을 정, 정결할 정
瀟	U+701F	소	소	N	2015	85	N	16	19	20	radical-full	水	水	sound of beating wind and rain; light, ethereal	水		소:0N	물 맑을 소, 비바람 몰아칠 소, 강이름 소, 비바람치는 모양 소
瀢	U+7022	유	유	N	2018	85	N	16	18	20	radical-full|component-kangxi-diff	水	水		水		유:N	
瀣	U+7023	해	해	N	2015	85	N	16	19	20	radical-full	水	水	sea mist; vapor	水		해:0N	찬이슬 해, 이슬 기운 해
瀦	U+7026	저	저	N	2015	85	N	16	18	20	radical-full|component-kangxi-diff	水	水	pond; a pool	水		저:1N	물 괼 저, 못 저, 웅덩이 저
瀧	U+7027	롱	롱	N	2015	85	N	16	19	20	radical-full	水	水	raining; wet; soaked; a river in Guangdong	水	농	롱:0N	적실
瀨	U+7028	뢰	뢰	N	2015	85	N	16	19	20	radical-full	水	水	swift current; rapids	水	뇌	뢰:0N	여울 뢰, 물결 뢰
瀯	U+702F	영	영	N	2015	85	N	17	19	21	radical-full|component-kangxi-diff	木	水		水		영:0N	물소리 영, 물 돌아나갈 영, 물웅덩이 영
瀰	U+7030	미	미	N	2015	85	N	17	20	21	radical-full	木	水	overflow	水		미:1N	물 넓을 미
瀲	U+7032	렴	렴	N	2015	85	N	17	20	21	radical-full	木	水	waves, ripples; overflow	水	염	렴:1N	넘칠 렴
瀷	U+7037	익	익	N	2015	85	N	17	20	21	radical-full	木	水		水		익:0N	강이름 익, 스며흐를 익
瀸	U+7038	첨	첨	N	2015	85	N	17	20	21	radical-full	木	水	moisten, soak	水		첨:1N	적실 첨
瀼	U+703C	양	양	N	2015	85	N	17	20	21	radical-full	木	水	river in Henan province; flowing	水		양:1N	이슬 많은 모양 양, 강이름 양
瀾	U+703E	란	란	N	2015	85	N	17	20	21	radical-full	木	水	overflowing; waves, ripples	水	난	란:0N	물결 란, 큰물결 란
灄	U+7044	섭	섭	N	2015	85	N	18	21	22	radical-full	木	水	river in Hubei province	水		섭:1N	흠치르르할 섭, 물이름 섭, 떼 섭
灆	U+7046	람	람	N	2015	85	N	18	20	22	radical-full|component-kangxi-diff	木	水		水	남	람:N	
灌	U+704C	관	관	N	2015	85	N	18	21	22	radical-full	木	水	pour; water; irrigate, flood	水		관:0N	물 댈 관
灐	U+7050	형	형	N	2015	85	N	18	21	22	radical-full	木	水		水		형:0N	물 이름 형
灑	U+7051	쇄	쇄	N	2015	85	N	19	22	23	radical-full	火	水	sprinkle, splash; scatter, throw	水		쇄:0N	뿌릴 쇄, 깜짝 놀랄 쇄
灓	U+7053	란	란	N	2015	85	N	19	23	23	unicode-total	火	水		水	난	란:1N	적실 란
灕	U+7055	리	리	N	2018	85	N	19	21	23	radical-full|component-kangxi-diff	火	水	short name for Guangxi province	水	이	리:N	
灘	U+7058	탄	탄	N	2015	85	N	19	22	23	radical-full	火	水	bank, a sandbar, shoal; rapids	水		탄:0N	여울 탄, 해 이름 탄
灝	U+705D	호	호	N	2015	85	N	21	24	25	radical-full	土	水	vast, large, grand, expansive	水		호:0N	넓을 호, 콩 삶은 물 호, 물줄기멀 호
灞	U+705E	파	파	N	2015	85	N	21	24	25	radical-full	土	水	river in Shanxi province	水		파:1N	물이름 파
灣	U+7063	만	만	N	2015	85	N	22	25	26	radical-full	土	水	a bay, cove, inlet, bend of stream	水		만:0N	물굽이 만
灦	U+7066	현	현	N	2015	85	N	23	26	27	radical-full	金	水		水		현:N	
灩	U+7069	염	염	N	2015	85	N	28	31	32	radical-full	木	水	overflowing, billowing; wavy	水		염:1N	물 그득할 염, 물결 출렁거릴 염
火	U+706B	화	화	Y		86	N	0	4	4	unicode-total	火	火	fire, flame; burn; anger, rage	火		화:0E	불 화
灯	U+706F	정	정	N	2015	86	N	2	6	6	unicode-total	土	火	lantern, lamp	火		정:1N	燈의 略字
灰	U+7070	회	회	N	2015	86	N	2	6	6	unicode-total	土	火	ashes; dust; lime, mortar	火		회:0N	재 회
灸	U+7078	구	구	N	2015	86	N	3	7	7	unicode-total	金	火	cauterize with moxa; moxibustion	火		구:0N	지질 구, 구울 구
灼	U+707C	작	작	N	2015	86	N	3	7	7	unicode-total	金	火	burn; broil; cauterize; bright	火		작:0N	사를 작, 구을 작
災	U+707D	재	재	Y		86	N	3	7	7	unicode-total	金	火	calamity, disaster, catastrophe	火		재:0E	재앙 재, 천벌 재, 횡액 재
灾	U+707E	재	재	N	2015	86	N	3	7	7	unicode-total	金	火	calamity, disaster, catastrophe	火		재:1N	災와 同字
炁	U+7081	기	기	N	2015	86	N	4	8	8	unicode-total	金	火	breath, air, steam, gas. weather. used in Taoist charms	火		기:1N	기운 기
炅	U+7085	경	경	N	2015	86	N	4	8	8	unicode-total	金	火	brilliance	火		경:0N	빛날 경, 빗날 경
炆	U+7086	문	문	N	2015	86	N	4	8	8	unicode-total	金	火	(Cant.) to simmer, cook over a slow fire	火		문:1N	따뜻할 문
炊	U+708A	취	취	N	2015	86	N	4	8	8	unicode-total	金	火	cook; meal	火		취:0N	불 지필 취, 밥 지을 취, 불땔 취
炎	U+708E	담,염	담,염	Y	2015	86	N	4	8	8	unicode-total	金	火	flame, blaze; hot	火		담:N 염:0E	불꽃 염, 임금의 호 염
炒	U+7092	초	초	N	2015	86	N	4	8	8	unicode-total	金	火	fry, saute, roast, boil, cook	火		초:0N	볶을 초
炕	U+7095	항	항	N	2015	86	N	4	8	8	unicode-total	金	火	the brick-bed in northern China	火		항:1N	마를 항, 구울 항, 구들 항
炘	U+7098	흔	흔	N	2015	86	N	4	8	8	unicode-total	金	火	brilliant, shining, bright	火		흔:0N	화끈거릴 흔
炙	U+7099	자,적	자,적	N	2015	86	N	4	8	8	unicode-total	金	火	roast, broil; toast; cauterize	火		자:0N 적:0N	고기구을 자, 고기구이 자 / 고기구이 적, 김 쏘일 적, 냄새 퍼질 적
炚	U+709A	광	광	N	2015	86	N	4	8	8	unicode-total	金	火		火		광:0N	햇빚 뜨거울 광, 밝을 광
炛	U+709B	광	광	N	2015	86	N	4	8	8	unicode-total	金	火		火		광:N	
炡	U+70A1	정	정	N	2015	86	N	5	9	9	unicode-total	水	火		火		정:0N	데칠 정, 불 번쩍거릴 정
炤	U+70A4	소,조	소,조	N	2015	86	N	5	9	9	unicode-total	水	火	illumine, light up; reflect	火		소:0N 조:N	밝을 소 / 照와 同字
炦	U+70A6	발,별	발,별	N	2015	86	N	5	9	9	unicode-total	水	火		火		발:N 별:N	
炫	U+70AB	현	현	N	2015	86	N	5	9	9	unicode-total	水	火	shine, glitter; show off, flaunt	火		현:0N	밝을 현, 불빛 현
炬	U+70AC	거	거	N	2015	86	N	5	8	9	kangxi-sum	水	火	torch	火		거:0N	횃불 거, 불 땔 거, 햇불 거
炭	U+70AD	탄	탄	Y		86	N	5	9	9	unicode-total	水	火	charcoal; coal; carbon	火		탄:0E	숯 탄, 불똥 탄, 볶일 탄
炮	U+70AE	포	포	N	2015	86	N	5	9	9	unicode-total	水	火	large gun, cannon; artillery	火		포:1N	그슬릴 포, 싸서 구울 포, 형벌 포
炯	U+70AF	형	형	N	2015	86	N	5	9	9	unicode-total	水	火	bright, brilliant, clear; hot	火		형:0N	빛날 형, 밝을 형
炰	U+70B0	포	포	N	2015	86	N	5	9	9	unicode-total	水	火	roast, broil; bake	火		포:1N	그슬 포, 까불거릴 포
炳	U+70B3	병	병	N	2015	86	N	5	9	9	unicode-total	水	火	bright, luminous; glorious	火		병:0N	밝을 병
炷	U+70B7	주	주	N	2015	86	N	5	9	9	unicode-total	水	火	candle wick, lamp wick; stick of incense	火		주:0N	심지 주
炸	U+70B8	작	작	N	2015	86	N	5	9	9	unicode-total	水	火	to fry in oil; to scald; to explode	火		작:0N	터질 작, 기름에 지질 작
点	U+70B9	점	점	N	2015	86	N	5	9	9	unicode-total	水	火	dot, speck, spot; point, degree	火		점:0N	點의 略字, 검은 점 점
烈	U+70C8	렬	렬,열	Y		86	N	6	10	10	unicode-total	水	火	fiery, violent, vehement, ardent	火	열	렬:0E 열:0	세찰 렬, 매울 렬 / 불 활활 붙을 렬, 빛날 렬, 업적 렬, 아름다울 렬, 사나울 렬, 매울 열
烊	U+70CA	양	양	N	2015	86	N	6	10	10	unicode-total	水	火	to smelt; to melt	火		양:1N	구울 양, 녹일 양
烋	U+70CB	효,휴	효,휴	N	2015	86	N	6	10	10	unicode-total	水	火	boast	火		효:N 휴:0N	경사로울 휴, 아름다울 휴
烍	U+70CD	선	선	N	2018	86	N	6	10	10	unicode-total	水	火		火		선:N	
烏	U+70CF	오	오	Y		86	N	6	10	10	unicode-total	水	火	crow, rook, raven; black, dark	火		오:0E	까마귀 오, 검을 오, 어찌 오, 탄식할 오
烓	U+70D3	계	계	N	2015	86	N	6	10	10	unicode-total	水	火	stove	火		계:1N	화덕 계
烔	U+70D4	동	동	N	2015	86	N	6	10	10	unicode-total	水	火	heat	火		동:N	
烘	U+70D8	홍	홍	N	2015	86	N	6	10	10	unicode-total	水	火	bake, roast; dry by fire	火		홍:0N	횃불 홍
烙	U+70D9	락	낙,락	N	2015	86	N	6	10	10	unicode-total	水	火	brand, burn; branding iron	火	낙	낙:0 락:0N	지질 락 / 지질 낙
烜	U+70DC	훤	훤	N	2015	86	N	6	10	10	unicode-total	水	火	light of the sun; to dry in the sun	火		훤:1N	마를 훤
烝	U+70DD	증	증	N	2015	86	N	6	10	10	unicode-total	水	火	rise, steam; many, numerous	火		증:0N	김 오를 증
烟	U+70DF	연	연	N	2015	86	N	6	10	10	unicode-total	水	火	smoke, soot; opium; tobacco, cigarettes	火		연:0N	煙과 同字, 연기 연
烯	U+70EF	희	희	N	2015	86	N	7	11	11	unicode-total	木	火	alkene	火		희:N	
烱	U+70F1	경	경	N	2015	86	N	7	11	11	unicode-total	木	火	bright, brilliant, clear; hot	火		경:0N	빛날 경, 불김 경
烳	U+70F3	보	보	N	2018	86	N	7	11	11	unicode-total	木	火		火		보:N	
烹	U+70F9	팽	팽	N	2015	86	N	7	11	11	unicode-total	木	火	boil, cook; quick fry, stir fry	火		팽:0N	삶을 팽, 요리 팽, 삶는 팽
烺	U+70FA	랑	랑	N	2015	86	N	7	11	11	unicode-total	木	火	(said of fire) bright	火	낭	랑:N	
烽	U+70FD	봉	봉	N	2015	86	N	7	11	11	unicode-total	木	火	signal fire; signal tower	火		봉:0N	봉화 봉
焃	U+7103	혁	혁	N	2015	86	N	7	11	11	unicode-total	木	火		火		혁:N	
焄	U+7104	훈	훈	N	2015	86	N	7	11	11	unicode-total	木	火	rising flames or fumes; aroma	火		훈:0N	연기에 그을릴 훈, 향내 훈
焆	U+7106	결	결	N	2015	86	N	7	11	11	unicode-total	木	火		火		결:N	
焇	U+7107	소	소	N	2018	86	N	7	11	11	unicode-total	木	火		火		소:N	
焉	U+7109	언	언	Y		86	N	7	11	11	unicode-total	木	火	thereupon, then; how? why? where?	火		언:0E	어찌 언, 의심쩍을 언, 어조사 언
焌	U+710C	준	준	N	2015	86	N	7	11	11	unicode-total	木	火	to light	火		준:0N	굽을 준, 불땔 준
焙	U+7119	배	배	N	2015	86	N	8	12	12	unicode-total	木	火	dry over slow fire; bake; roast	火		배:0N	불에 쬘 배, 말릴 배
焚	U+711A	분	분	N	2015	86	N	8	12	12	unicode-total	木	火	burn	火		분:0N	불사를 분
焛	U+711B	린	린	N	2018	86	N	8	12	12	unicode-total	木	火		火	인	린:N	
焜	U+711C	혼	혼	N	2015	86	N	8	12	12	unicode-total	木	火	fire, flames; bright, shining	火		혼:1N	빛날 혼
焞	U+711E	돈,순	돈,순	N	2015	86	N	8	12	12	unicode-total	木	火	dim	火		돈:0N 순:N	귀갑 지지는 불 돈
焠	U+7120	쉬	쉬	N	2015	86	N	8	12	12	unicode-total	木	火	temper; burn	火		쉬:1N	물들일 쉬, 칼날 물에 담글 쉬, 지질 쉬, 태울 쉬
無	U+7121	무	무	Y		86	N	8	12	12	unicode-total	木	火	negative, no, not; lack, have no	火		무:0E	없을 무
焦	U+7126	초	초	N	2015	86	N	8	12	12	unicode-total	木	火	burned, scorched; anxious, vexed	火		초:0N	그슬릴 초, 탈 초
焭	U+712D	경	경	N	2015	86	N	8	12	12	unicode-total	木	火	orphan; alone, desolate	火		경:1N	근싱할 경
焯	U+712F	작	작	N	2015	86	N	8	12	12	unicode-total	木	火	boil vegetables for a very short time; scald	火		작:1N	밝을 작
焰	U+7130	염	염	N	2015	86	N	8	12	12	unicode-total	木	火	flame, blaze; glowing, blazing	火		염:0N	불당길
焱	U+7131	혁	혁	N	2015	86	N	8	12	12	unicode-total	木	火	flames	火		혁:1N	
然	U+7136	연	연	Y		86	N	8	12	12	unicode-total	木	火	yes, certainly; pledge, promise	火		연:0E	불사를 연, 그러할 연, 허락할 연, 그러나 연, 그럴 연
煃	U+7143	규	규	N	2015	86	N	9	13	13	unicode-total	火	火	remove, get rid of; scatter	火		규:N	
煆	U+7146	하	하	N	2015	86	N	9	13	13	unicode-total	火	火	raging fire; to forge, work	火		하:1N	불사를 하
煇	U+7147	훈,휘	훈,휘	N	2015	86	N	9	13	13	unicode-total	火	火	weld, solder	火		훈:N 휘:0N	빛날 휘
煉	U+7149	련	련,연	N	2015	86	N	9	13	13	unicode-total	火	火	smelt, refine; distill, condense	火	연	련:0N 연:0	불릴 련, 쇠불릴 련 / 쇠 불릴 련, 반죽할 련
煊	U+714A	훤	훤	N	2015	86	N	9	13	13	unicode-total	火	火	warm	火		훤:0N	따뜻할 훤
煌	U+714C	황	황	N	2015	86	N	9	13	13	unicode-total	火	火	bright, shining, luminous	火		황:0N	빛날 황, 환히밝을 황
煎	U+714E	전	전	N	2015	86	N	9	13	13	unicode-total	火	火	fry in fat or oil; boil in water	火		전:0N	달일 전, 불에 말릴 전, 다릴 전
煐	U+7150	영	영	N	2015	86	N	9	12	13	kangxi-sum	火	火		火		영:0N	빛날 영
煒	U+7152	위,휘	위,휘	N	2015	86	N	9	13	13	unicode-total	火	火	brilliant red; glowing	火		위:1N 휘:N	벌그레할 위, 환할 위
煓	U+7153	단	단	N	2015	86	N	9	13	13	unicode-total	火	火		火		단:N	
煕	U+7155	희	희	N	2015	86	N	9	14	14	total-gt-rs-check	火	火	bright, splendid, glorious	火		희:N	
煖	U+7156	난	난	N	2015	86	N	9	13	13	unicode-total	火	火	warm, genial	火		난:0N	따뜻할 난, 더울 난
煙	U+7159	연	연	Y		86	N	9	13	13	unicode-total	火	火	smoke, soot; opium; tobacco, cigarettes	火		연:0E	연기 연
煜	U+715C	욱	욱	N	2015	86	N	9	13	13	unicode-total	火	火	bright, shining, brilliant	火		욱:0N	비칠 욱, 불꽃 욱, 성할 욱, 빛날 욱
煝	U+715D	미	미	N	2015	86	N	9	13	13	unicode-total	火	火	twisted paper for lighting cigarettes	火		미:N	
煞	U+715E	살	살	N	2015	86	N	9	13	13	unicode-total	火	火	malignant deity; baleful, noxious; strike dead	火		살:0N	죽일 살
煢	U+7162	경	경	N	2015	86	N	9	13	13	unicode-total	火	火	alone; no friends or relatives	火		경:1N	외로울 경
煤	U+7164	매	매	N	2015	86	N	9	13	13	unicode-total	火	火	coal, coke, charcoal, carbon	火		매:0N	그을음 매
煥	U+7165	환	환	N	2015	86	N	9	13	13	unicode-total	火	火	shining, brilliant, lustrous	火		환:0N	불꽃 환, 빛날 환
煦	U+7166	후	후	N	2015	86	N	9	13	13	unicode-total	火	火	kind, gentle, gracious, genial	火		후:0N	따뜻하게 할 후, 뜨거울 후
照	U+7167	조	조	Y		86	N	9	13	13	unicode-total	火	火	shine, illumine, reflect	火		조:0E	비출 조, 비칠 조
煨	U+7168	외	외	N	2015	86	N	9	13	13	unicode-total	火	火	to stew, simmer	火		외:1N	불에 묻어 구울 외, 그슬릴 외, 사람이름 외
煩	U+7169	번	번	Y		86	N	9	13	13	unicode-total	火	火	bother, vex, trouble; troublesome	火		번:0E	괴로워할 번, 번거로울 번
煬	U+716C	양	양	N	2015	86	N	9	13	13	unicode-total	火	火	roast; scorch; melt; flame	火		양:0N	구울 양, 녹일 양
煮	U+716E	자	자	N	2015	86	N	9	13	13	unicode-total|kangxi-pos-residual:8>9	火	火	cook	火		자:0N	삶을 자, 지질 자
煽	U+717D	선	선	N	2015	86	N	10	14	14	unicode-total	火	火	stir up, incite, agitate, provoke	火		선:0N	부칠 선, 부추킬 선
熀	U+7180	엽,황	엽,황	N	2015	86	N	10	14	14	unicode-total	火	火	the blaze of fire; dazzling	火		엽:1N 황:N	불빛 이글이글할 녑
熄	U+7184	식	식	N	2015	86	N	10	14	14	unicode-total	火	火	put out, extinguish, quash	火		식:0N	불 꺼질 식, 없어질 식, 마칠 식
熅	U+7185	온	온	N	2015	86	N	10	14	14	unicode-total	火	火	smooth out, iron out	火		온:1N	
熇	U+7187	혹,효	혹,효	N	2015	86	N	10	14	14	unicode-total	火	火	bake	火		혹:N 효:1N	불김 효
熈	U+7188	희	희	N	2015	86	N	10	14	14	unicode-total	火	火	bright, splendid, glorious	火		희:N	
熉	U+7189	운	운	N	2015	86	N	10	14	14	unicode-total	火	火	yellow color	火		운:0N	누른 빛 운
熊	U+718A	웅	웅	N	2015	86	N	10	14	14	unicode-total	火	火	a bear; brilliant; bright; surname	火		웅:0N	곰 웅, 빛날 웅
熏	U+718F	훈	훈	N	2015	86	N	10	14	14	unicode-total	火	火	smoke, fog, vapor; smoke, cure	火		훈:0N	연기 낄 훈, 불기운 훈
熒	U+7192	형	형	N	2015	86	N	10	14	14	unicode-total	火	火	shine, shimmer; shining, dazzling	火		형:0N	등불 형, 밝을 형
熔	U+7194	용	용	N	2015	86	N	10	14	14	unicode-total	火	火	melt, smelt, fuse; mold	火		용:0N	鎔의 俗字, 거푸집 용
熙	U+7199	희	희	N	2015	86	N	10	14	14	unicode-total|kangxi-pos:86.9	火	火	bright, splendid, glorious	火		희:0N	빛날 희
熛	U+719B	표	표	N	2015	86	N	11	15	15	unicode-total	土	火	blaze	火		표:1N	불똥 튈 표, 성낼 표, 붉을 표, 빛날 표
熟	U+719F	숙	숙	Y		86	N	11	15	15	unicode-total	土	火	well-cooked; ripe; familiar with	火		숙:0E	익힐 숙, 삶을 숙, 풍년들 숙, 익을 숙
熡	U+71A1	루	루	N	2015	86	N	11	15	15	unicode-total	土	火		火	누	루:N	
熢	U+71A2	봉	봉	N	2015	86	N	11	14	15	kangxi-sum	土	火		火		봉:0N	연기 자욱할 봉, 불기운 봉
熤	U+71A4	익	익	N	2015	86	N	11	15	15	unicode-total	土	火		火		익:1N	빛날 익, 사람이름 익
熨	U+71A8	위	위	N	2015	86	N	11	15	15	unicode-total	土	火	iron, press	火		위:1N	다리미 위, 고약 붙일 위
熩	U+71A9	호	호	N	2015	86	N	11	15	15	unicode-total	土	火		火		호:N	
熬	U+71AC	오	오	N	2015	86	N	11	14	15	kangxi-sum	土	火	cook down, to boil; endure	火		오:0N	볶을 오, 애 끓는 소리 오
熱	U+71B1	열	열	Y		86	N	11	15	15	unicode-total	土	火	hot; heat; fever; restless; zeal	火		열:0E	뜨거울 열, 쏠릴 열, 더울 열
熲	U+71B2	경	경	N	2015	86	N	11	15	15	unicode-total	土	火	bright	火		경:1N	빛날 경
熹	U+71B9	희	희	N	2015	86	N	12	16	16	unicode-total	土	火	dim light, glimmer; warm, bright	火		희:0N	성할 희, 밝을 희
熺	U+71BA	희	희	N	2015	86	N	12	16	16	unicode-total	土	火	dim light, glimmer; warm	火		희:0N	熹와 同字, 밝을 희
熾	U+71BE	치	치	N	2015	86	N	12	16	16	unicode-total	土	火	burning-hot, intense; to burn, blaze; splendid, illustrious	火		치:0N	불 활활 붙을 치, 불성할 치
燁	U+71C1	엽	엽	N	2015	86	N	12	14	16	kangxi-sum	土	火	bright, glorious, splendid, flame	火		엽:0N	불 이글글할 엽, 번쩍번쩍할 엽, 번쩍거릴 엽
燃	U+71C3	연	연	Y		86	N	12	16	16	unicode-total	土	火	burn; light fire, ignite	火		연:0E	불사를 연, 연등절 연, 불탈 연
燈	U+71C8	등	등	Y		86	N	12	16	16	unicode-total	土	火	lantern, lamp	火		등:0E	등잔 등
燉	U+71C9	돈	돈	N	2015	86	N	12	16	16	unicode-total	土	火	heat with fire; stew	火		돈:0N	불 성할 돈
燋	U+71CB	초	초	N	2015	86	N	12	16	16	unicode-total	土	火	scorch, burn, scald; torch	火		초:1N	홰 초
燎	U+71CE	료	료,요	N	2015	86	N	12	16	16	unicode-total	土	火	to burn, set afire; to illuminate; a signal lamp	火	요	료:0N 요:0	화톳불 료, 햇불 료 / 뜰에 세운 횃불 료, 풀 태울 료, 햇불 요
燏	U+71CF	율	율	N	2015	86	N	12	16	16	unicode-total	土	火	blaze	火		율:N	
燐	U+71D0	린	린,인	N	2015	86	N	12	16	16	unicode-total	土	火	phosphorus (element 15, P)	火	인	린:0N 인:0	도깨비불 린, 반딧불 린 / 도깨비불 인, 반딧불 인
燒	U+71D2	소	소	Y		86	N	12	16	16	unicode-total	土	火	burn; bake; heat; roast	火		소:0E	불 붙을 소, 들불 소, 불 놓을 소, 불사를 소
燔	U+71D4	번	번	N	2015	86	N	12	16	16	unicode-total	土	火	to roast; to burn	火		번:0N	구울 번
燕	U+71D5	연	연	Y		86	N	12	16	16	unicode-total	土	火	swallow (bird); comfort, enjoy	火		연:0E	제비 연, 편안할 연, 잔치 연, 나라이름 연
燖	U+71D6	심	심	N	2015	86	N	12	16	16	unicode-total	土	火	reheat food	火		심:1N	삶을 심
燙	U+71D9	탕	탕	N	2015	86	N	12	16	16	unicode-total	土	火	scald, heat; wash; iron clothes	火		탕:1N	씻을 탕, 불에 델 탕
燛	U+71DB	경	경	N	2015	86	N	12	16	16	unicode-total	土	火		火		경:N	
營	U+71DF	영	영	Y		86	N	13	17	17	unicode-total	金	火	encampment, barracks; manage	火		영:0E	지을 영, 헤아릴 영, 다스릴 영, 진 영
燠	U+71E0	오,우,욱	오,우,욱	N	2015	86	N	13	16	17	kangxi-sum	金	火	warm; warmth	火		오:N 우:N 욱:1N	더울 욱
燥	U+71E5	조	조	Y		86	N	13	17	17	unicode-total	金	火	dry, parched, arid; quick-tempered	火		조:0E	마를 조, 불에말릴 조
燦	U+71E6	찬	찬	N	2015	86	N	13	17	17	unicode-total	金	火	vivid, illuminating; bright	火		찬:0N	빛날 찬, 찬란할 찬
燧	U+71E7	수	수	N	2015	86	N	13	16	17	kangxi-sum	金	火	flintstone; beacon, signal fire; torch	火		수:0N	봉화 수, 불 수, 나무 문질러 불낼 수
燬	U+71EC	훼	훼	N	2015	86	N	13	17	17	unicode-total	金	火	burn down; blaze, fire	火		훼:1N	불 훼
燭	U+71ED	촉	촉	Y		86	N	13	17	17	unicode-total	金	火	candle, taper; to shine, illuminate	火		촉:0E	爥의 俗字, 촛불 촉
燮	U+71EE	섭	섭	N	2015	86	N	13	17	17	unicode-total	金	火	harmonize, blend; adjust	火		섭:0N	불에 익힐 섭, 불꽃 섭, 조화로울 섭
燸	U+71F8	유	유	N	2018	86	N	14	18	18	unicode-total	金	火		火		유:N	
燹	U+71F9	희	희	N	2015	86	N	14	18	18	unicode-total	金	火	fire; wild fires	火		희:1N	
燻	U+71FB	훈	훈	N	2015	86	N	14	18	18	unicode-total	金	火	smoke, fog, vapor; smoke, cure	火		훈:0N	연기 낄 훈, 불기운성할 훈
燼	U+71FC	신	신	N	2015	86	N	14	18	18	unicode-total	金	火	cinders, ashes, embers; remnants	火		신:0N	깜부기불 신, 불똥 신, 재난의 뒤 신
燽	U+71FD	주	주	N	2015	86	N	14	18	18	unicode-total	金	火		火		주:N	
燾	U+71FE	도	도	N	2015	86	N	14	18	18	unicode-total	金	火	shine, illuminate; cover, envelope	火		도:0N	비칠 도, 덮일 도
燿	U+71FF	요	요	N	2015	86	N	14	18	18	unicode-total	金	火	shine, dazzle; brilliant, radiant	火		요:0N	비칠 요, 빛날 요
爀	U+7200	혁	혁	N	2015	86	N	14	18	18	unicode-total	金	火		火		혁:0N	불빛 혁, 빛날 혁
爁	U+7201	람	람	N	2015	86	N	14	18	18	unicode-total	金	火		火	남	람:N	
爆	U+7206	폭	폭	Y		86	N	15	19	19	unicode-total	水	火	crackle, pop, burst, explode	火		폭:0E	불터질 폭, 폭발할 폭
爇	U+7207	설	설	N	2015	86	N	15	18	19	kangxi-sum	水	火	burn	火		설:1N	불사를 설
爌	U+720C	광	광	N	2015	86	N	15	18	19	kangxi-sum	水	火		火		광:1N	불 빛 환할 광
爍	U+720D	삭	삭	N	2015	86	N	15	19	19	unicode-total	水	火	shine, glitter, sparkle	火		삭:1N	빛날 삭
爐	U+7210	로	노,로	Y		86	N	16	20	20	unicode-total	水	火	fireplace, stove, oven, furnace	火	노	노:0 로:0E	화로 로, 화초 로 / 화로 노, 화초 노
爔	U+7214	희	희	N	2015	86	N	16	20	20	unicode-total	水	火	sunlight, sunshine; early dawn	火		희:1N	불 희
爗	U+7217	엽	엽	N	2015	86	N	16	18	20	kangxi-sum	水	火	bright, glorious, splendid; a flame	火		엽:1N	불 이글글할 엽, 번쩍번쩍할 엽
爚	U+721A	약	약	N	2015	86	N	17	21	21	unicode-total	木	火	bright; fiery	火		약:1N	스러질 약
爛	U+721B	란	난,란	N	2015	86	N	17	21	21	unicode-total	木	火	rotten, spoiled, decayed	火	난	난:0 란:0N	문드러질 란 / 문드러질 난
爟	U+721F	관	관	N	2015	86	N	18	21	22	kangxi-sum	木	火	fire	火		관:1N	봉화 관
爥	U+7225	촉	촉	N	2015	86	N	21	25	25	unicode-total	土	火	simmer, cook over slow fire	火		촉:1N	비칠 촉
爨	U+7228	찬	찬	N	2015	86	N	25	30	30	total-gt-rs-check	水	火	oven, cooking stove; cook	火		찬:1N	불땔 찬
爪	U+722A	조	조	N	2015	87	N	0	4	4	unicode-total	火		claw, nail, talon; animal feet	爪		조:0N	손톱 조
爬	U+722C	파	파	N	2015	87	N	4	8	8	unicode-total	金		crawl, creep; climb; scramble	爪		파:0N	긁을 파, 기어다닐 파
爭	U+722D	쟁	쟁	Y		87	N	4	8	8	unicode-total	金		to dispute, fight, contend, strive	爪		쟁:0E	다툴 쟁, 다스릴 쟁, 분별할 쟁
爰	U+7230	원	원	N	2015	87	N	5	9	9	unicode-total	水		lead on to; therefore, then	爪		원:0N	당길 원, 이끌 원, 가로되 원
爲	U+7232	위	위	Y		87	N	8	12	12	unicode-total	木		do, handle, govern, act; be	爪		위:0E	할 위, 다스릴 위, 하여금 위, 어미원숭이 위, 이룰 위
爵	U+7235	작	작	Y		87	N	14	17	18	kangxi-sum	金		feudal title or rank	爪		작:0E	벼슬 작
父	U+7236	부	부	Y		88	N	0	4	4	unicode-total	火		father; Kangxi radical 88	父		부:0E	아비 부
爸	U+7238	파	파	N	2015	88	N	4	8	8	unicode-total	金		father, papa	父		파:1N	아비 파
爹	U+7239	다	다	N	2015	88	N	6	10	10	unicode-total	水		father, daddy	父		다:1N	아비 다
爺	U+723A	야	야	N	2015	88	N	9	13	13	unicode-total	火		father, grandfather	父		야:0N	아비 야, 노인 야, 노인존칭 야
爻	U+723B	효	효	N	2015	89	N	0	4	4	unicode-total	火		diagrams for divination	爻		효:0N	효 효, 괘이름 효
爽	U+723D	상	상	N	2015	89	N	7	11	11	unicode-total	木		happy, cheerful; refreshing	爻		상:0N	시원할 상
爾	U+723E	이	이	N	2015	89	N	10	14	14	unicode-total	火		you; that, those; final particle	爻		이:0N	너 이, 가까울 이, 오직 이
牀	U+7240	상	상	N	2015	90	N	4	8	8	unicode-total	金		bed, couch; bench; chassis	爿		상:0N	평상 상
牂	U+7242	장	장	N	2015	90	N	6	10	10	unicode-total	水		female sheep, ewe	爿		장:1N	암양 장
牆	U+7246	장	장	N	2015	90	N	13	17	17	unicode-total	金		wall	爿		장:0N	담 장
片	U+7247	편	편	Y		91	N	0	4	4	unicode-total	火		slice, splinter, strip; rad. 91	片		편:0E	조각 편, 쪼갤 편, 성씨 편
版	U+7248	판	판	Y		91	N	4	8	8	unicode-total	金		printing blocks; edition	片		판:0E	조각 판, 호적 판, 국경 판, 한 길 판, 인쇄할 판
牋	U+724B	전	전	N	2015	91	N	8	12	12	unicode-total	木		memorandum, official note	片		전:1N	글 전, 표 전, 문체이름 전
牌	U+724C	패	패	N	2015	91	N	8	12	12	unicode-total	木		signboard, placard	片		패:0N	방 붙일 패, 호패 패, 방패 패
牒	U+7252	첩	첩	N	2015	91	N	9	13	13	unicode-total	火		documents, records; dispatch	片		첩:0N	글씨판 첩, 편지 첩
牓	U+7253	방	방	N	2015	91	N	10	14	14	unicode-total	火		tablet; public notice; register	片		방:1N	패 방
牔	U+7254	박	박	N	2015	91	N	10	14	14	unicode-total	火		gable	片		박:1N	박공 박
牖	U+7256	유	유	N	2015	91	N	11	15	15	unicode-total	土		window; lead enlightenment	片		유:1N	엇살창 유, 들창 유, 밝을 유, 인도할 유
牘	U+7258	독	독	N	2015	91	N	15	19	19	unicode-total	水		writing tablet; documents, books	片		독:0N	편지 독
牙	U+7259	아	아	Y		92	N	0	4	4	unicode-total	火		tooth, molars, teeth; serrated	牙		아:0E	어금니 아, 대장 기 아
牚	U+725A	탱	탱	N	2015	92	N	8	12	12	unicode-total	木			牙		탱:1N	
牛	U+725B	우	우	Y		93	N	0	4	4	unicode-total	火		cow, ox, bull; Kangxi radical 93; 9th lunar mansion, determinative star β Capricorni (Dabih)	牛		우:0E	소 우, 별 이름 우
牝	U+725D	빈	빈	N	2015	93	N	2	6	6	unicode-total	土		female of species; deep gorge	牛		빈:0N	암컷 빈
牟	U+725F	모	모	N	2015	93	N	2	6	6	unicode-total	土		make; seek, get; barley; low	牛		모:0N	소 우는 소리 모, 클 모
牡	U+7261	모	모	N	2015	93	N	3	7	7	unicode-total	金		male of animals; bolt of door	牛		모:0N	수컷 모
牢	U+7262	뢰	뇌,뢰	N	2015	93	N	3	7	7	unicode-total	金		prison; stable, pen; secure	牛	뇌	뇌:0 뢰:0N	우리 뢰 / 가축우리 뇌
牣	U+7263	인	인	N	2015	93	N	3	7	7	unicode-total	金		fill, stuff; full	牛		인:N	
牧	U+7267	목	목	Y		93	N	4	8	8	unicode-total	金		tend cattle, shepherd	牛		목:0E	칠 목, 기를 목
物	U+7269	물	물	Y		93	N	4	8	8	unicode-total	金		thing, substance, creature	牛		물:0E	만물 물, 무리 물
牯	U+726F	고	고	N	2015	93	N	5	9	9	unicode-total	水		cow; bull; ox	牛		고:1N	암소 고
牲	U+7272	생	생	N	2015	93	N	5	9	9	unicode-total	水		sacrificial animal; animal	牛		생:0N	희생 생
牴	U+7274	저	저	N	2015	93	N	5	9	9	unicode-total	水		gore, butt; resist	牛		저:1N	찌를 저, 대강 저, 씨름 저, 당할 저
牸	U+7278	자	자	N	2015	93	N	6	10	10	unicode-total	水		the female of certain animals; to bring forth young of animals	牛		자:1N	암컷 자
特	U+7279	특	특	Y		93	N	6	10	10	unicode-total	水		special, unique, distinguished	牛		특:0E	우뚝할 특, 숫소 특, 뛰어날 특, 다만 특, 세 살 먹은 짐승 특, 특별할 특
牽	U+727D	견	견	Y		93	N	7	11	11	unicode-total	木		drag, pull, lead by hand	牛		견:0E	당길 견, 이끌 견, 빠를 견, 거리낄 견, 볏줄 견
犀	U+7280	서	서	N	2015	93	N	8	12	12	unicode-total|kangxi-pos:93.7	木		rhinoceros; sharp, well-tempered	牛		서:0N	무소 서, 뿔난소 서
犁	U+7281	리	리	N	2015	93	N	7	11	11	unicode-total	木		plow	牛	이	리:0N	얼룩소 리
犂	U+7282	리	리	N	2015	93	N	8	12	12	unicode-total	木		plow	牛	이	리:N	
犇	U+7287	분	분	N	2015	93	N	8	12	12	unicode-total	木		run fast, flee; rush about; run	牛		분:1N	달아날 분
犍	U+728D	건	건	N	2015	93	N	9	12	13	kangxi-sum	火		a bullock; a fabulous monster	牛		건:1N	불친 소 건, 짐승이름 건, 촉나라 고을이름 건
犒	U+7292	호	호	N	2015	93	N	10	14	14	unicode-total	火		entertain victorious soldiers	牛		호:1N	호궤할 호
犖	U+7296	락	락	N	2015	93	N	10	14	14	unicode-total	火		brindled ox; brindled in color	牛	낙	락:1N	얼룩소 락
犢	U+72A2	독	독	N	2015	93	N	15	19	19	unicode-total	水		calf; victim of sacrifice	牛		독:0N	송아지 독
犧	U+72A7	희	희	N	2015	93	N	16	20	20	unicode-total	水		sacrifice, give up; sacrificial	牛		희:0N	희생 희
犬	U+72AC	견	견	Y		94	N	0	4	4	unicode-total	火		dog; radical number 94	犬		견:0E	큰 개 견
犯	U+72AF	범	범	Y		94	N	2	5	6	radical-full	土		commit crime, violate; criminal	犬		범:0E	범할 범
犳	U+72B3	작	작	N	2015	94	N	3	6	7	radical-full	金			犬		작:1N	아롱 짐승 작
犴	U+72B4	안	안	N	2015	94	N	3	6	7	radical-full	金		a wild dog, a not very large lock-up	犬		안:1N	들개 안
犵	U+72B5	힐	힐	N	2015	94	N	3	6	7	radical-full	金		resolute; a non-Han ethnic group in Guangxi, Hunan, and Guizhou	犬		힐:1N	오랑캐이름 힐
狀	U+72C0	상,장	상,장	Y	2015	94	N	4	8	8	unicode-total	金		form; appearance; shape; official	犬		상:0E 장:0N	형상 상 / 모양 형상 장
狂	U+72C2	광	광	Y		94	N	4	7	8	radical-full	金		insane, mad; violent; wild	犬		광:0E	미질 광, 미칠 광
狄	U+72C4	적	적	N	2015	94	N	4	7	8	radical-full	金		tribe from northern China; surname	犬		적:0N	북방 오랑캐 적, 꿩 그린 옷 적, 멀 적
狉	U+72C9	비	비	N	2015	94	N	5	8	9	radical-full	水		fox-cub	犬		비:1N	삵의 새끼 비
狎	U+72CE	압	압	N	2015	94	N	5	8	9	radical-full	水		be familiar with; disrespect	犬		압:0N	친근할 압, 업신여길 압, 익힐 압
狐	U+72D0	호	호	N	2015	94	N	5	8	9	radical-full	水		fox	犬		호:0N	여우 호
狒	U+72D2	비	비	N	2015	94	N	5	8	9	radical-full	水		baboon	犬		비:1N	비비 비
狗	U+72D7	구	구	Y		94	N	5	8	9	radical-full	水		dog, Canis familiaris	犬		구:0E	개 구
狙	U+72D9	저	저	N	2015	94	N	5	8	9	radical-full	水		an ape, monkey; to spy, watch for; to lie	犬		저:0N	원숭이 저, 엿볼 저, 살필 저
狡	U+72E1	교	교	N	2015	94	N	6	9	10	radical-full	水		cunning, deceitful, treacherous	犬		교:0N	교활할 교, 간교할 교
狢	U+72E2	학	학	N	2015	94	N	6	9	10	radical-full	水		animal name	犬		학:1N	오소리 학
狨	U+72E8	융	융	N	2015	94	N	6	9	10	radical-full	水		monkey with gold-colored hair; golden lion tamarin	犬		융:1N	원숭이 융
狩	U+72E9	수	수	N	2015	94	N	6	9	10	radical-full	水		winter hunting; imperial tour	犬		수:0N	겨울사냥 수, 순행할 수
狴	U+72F4	폐	폐	N	2015	94	N	7	10	11	radical-full	木		a kind of tapir; a fierce beast depicted on the door of prisons	犬		폐:1N	짐승이름 폐, 옥 폐, 들개 폐
狷	U+72F7	견	견	N	2015	94	N	7	10	11	radical-full	木		rash, impetuous, impulsive	犬		견:1N	고집스러울 견, 조수할 견, 편협할 견
狸	U+72F8	리	리	N	2015	94	N	7	10	11	radical-full	木		fox	犬	이	리:0N	貍와 同字, 이리 리
狹	U+72F9	협	협	N	2015	94	N	7	10	11	radical-full	木		narrow, limited; narrow-minded; to pinch	犬		협:0N	좁을 협
狺	U+72FA	은	은	N	2015	94	N	7	10	11	radical-full	木		the snarling of dogs	犬		은:1N	뭇 개 짖는 소리 은
狻	U+72FB	산	산	N	2015	94	N	7	10	11	radical-full	木		a fabulous beast	犬		산:1N	사자 산
狼	U+72FC	랑	낭,랑	N	2015	94	N	7	10	11	radical-full	木		wolf	犬	낭	낭:0 랑:0N	이리 랑 / 이리 낭
狽	U+72FD	패	패	N	2015	94	N	7	10	11	radical-full	木		a legendary animal with short forelegs which rode a wolf	犬		패:0N	이리 패
猉	U+7309	기	기	N	2015	94	N	8	11	12	radical-full	木			犬		기:1N	
猊	U+730A	예	예	N	2015	94	N	8	11	12	radical-full	木		lion; wild beast; wild horse	犬		예:0N	사자 예
猓	U+7313	과	과	N	2015	94	N	8	11	12	radical-full	木		monkey	犬		과:1N	긴 꼬리 원숭이 과
猖	U+7316	창	창	N	2015	94	N	8	11	12	radical-full	木		mad, wild, reckless, unruly	犬		창:0N	미쳐 날뛸 창, 놀랄 창
猗	U+7317	아,의	아,의	N	2015	94	N	8	11	12	radical-full	木		exclamation of admiration	犬		아:N 의:1N	불 깐 개 의, 탄식할 의, 길 의
猘	U+7318	제	제	N	2015	94	N	8	11	12	radical-full	木		fierce dog; furious, frenzied	犬		제:1N	미친개 제
猙	U+7319	쟁	쟁	N	2015	94	N	8	11	12	radical-full	木		fierce-looking, ferocious	犬		쟁:1N	밉살스럴 쟁, 짐승이름 쟁
猛	U+731B	맹	맹	Y		94	N	8	11	12	radical-full	木		violent, savage, cruel; bold	犬		맹:0E	사나울 맹
猜	U+731C	시	시	N	2015	94	N	8	11	12	radical-full	木		guess, conjecture, suppose; feel	犬		시:0N	의심낼 시, 시기할 시, 두려워할 시, 사나울 시
猝	U+731D	졸	졸	N	2015	94	N	8	11	12	radical-full	木		abruptly, suddenly; abrupt	犬		졸:0N	갑자기 졸
猢	U+7322	호	호	N	2015	94	N	9	12	13	radical-full	火		a kind of monkey found in western China	犬		호:1N	원숭이 호
猥	U+7325	외	외	N	2015	94	N	9	12	13	radical-full	火		vulgar, low, cheap; wanton; obscene	犬		외:0N	더러울 외, 굽을 외, 섞일 외, 개 새끼 셋 낳을 외, 음란할 외
猧	U+7327	와	와	N	2015	94	N	9	11	13	radical-full|component-kangxi-diff	火			犬		와:1N	와개 와
猨	U+7328	원	원	N	2015	94	N	9	12	13	radical-full	火		ape	犬		원:1N	猿과 同字
猩	U+7329	성	성	N	2015	94	N	9	12	13	radical-full	火		species of orangutan	犬		성:0N	성성이 성
猪	U+732A	저	저	N	2015	94	N	9	12	13	radical-full|rs-by-kangxi-pos:94.9|multi-rs:94.8=12	火		pig, hog, wild boar	犬		저:0N	豬의 俗字, 돼지 저
猫	U+732B	묘	묘	N	2015	94	N	9	12	13	radical-full	火		cat	犬		묘:0N	고양이 묘
猱	U+7331	노	노	N	2015	94	N	9	12	13	radical-full	火		a monkey with yellow hair, macaque	犬		노:1N	못할 노
猴	U+7334	후	후	N	2015	94	N	9	12	13	radical-full	火		monkey, ape; monkey-like	犬		후:1N	원숭이 후
猶	U+7336	유	유	Y		94	N	9	12	13	radical-full	火		like, similar to, just like, as	犬		유:0E	어미 원숭이 유, 같을 유, 오히려 유
猷	U+7337	유	유	N	2015	94	N	9	13	13	unicode-total	火		plan, scheme; plan, plot; way	犬		유:0N	꾀 유, 그릴 유, 옳을 유, 탄식할 유
猾	U+733E	활	활	N	2015	94	N	10	12	14	radical-full|component-kangxi-diff	火		crafty, cunning, shrewd; deceitful	犬		활:0N	교활할 활
猿	U+733F	원	원	N	2015	94	N	10	13	14	radical-full	火		ape	犬		원:0N	원숭이 원, 잔나비 원
獃	U+7343	애	애	N	2015	94	N	10	14	14	unicode-total	火		dull; dull-minded, simple, stupid	犬		애:1N	어리석을 애
獄	U+7344	옥	옥	Y		94	N	11	14	15	radical-full|kangxi-pos:94.10	土		prison, jail; case; lawsuit	犬		옥:0E	감옥 옥
獅	U+7345	사	사	N	2015	94	N	10	13	14	radical-full	火		lion	犬		사:0N	사자 사
獎	U+734E	장	장	N	2015	94	N	11	15	15	unicode-total	土		prize, reward; give award to	犬		장:N	권면할
獐	U+7350	장	장	N	2015	94	N	11	14	15	radical-full	土		roebuck, hornless river deer	犬		장:0N	노루 장
獒	U+7352	오	오	N	2015	94	N	11	15	15	unicode-total	土		mastiff, large fierce dog	犬		오:0N	사나운 개 오, 호박개 오
獗	U+7357	궐	궐	N	2015	94	N	12	15	16	radical-full	土		unruly, wild, violent, lawless	犬		궐:0N	도둑 일어날 궐, 뛰놀 궐
獘	U+7358	폐	폐	N	2015	94	N	12	15	16	radical-full	土		collapse	犬		폐:1N	곤할 폐, 폐단 폐, 죽을 폐, 엎드러질 폐
獜	U+735C	린	린	N	2015	94	N	12	15	16	radical-full	土			犬	인	린:1N	튼튼할 린
獠	U+7360	료	료	N	2015	94	N	12	15	16	radical-full	土		to hunt at night by torches	犬	요	료:1N	밤사냥 료
獨	U+7368	독	독	Y		94	N	13	16	17	radical-full	金		alone, single, solitary, only	犬		독:0E	홀로 독
獩	U+7369	예	예	N	2015	94	N	13	16	17	radical-full	金			犬		예:1N	민족이름 예
獪	U+736A	회	회	N	2015	94	N	13	16	17	radical-full	金		sly, cunning, crafty	犬		회:0N	교활할 회, 간교할 회 / 간교할 쾌, 교활할 쾌
獫	U+736B	험	험	N	2015	94	N	13	16	17	radical-full	金		dog	犬		험:1N	험윤 오랑캐 험
獬	U+736C	해	해	N	2015	94	N	13	16	17	radical-full	金		a fabulous monster	犬		해:1N	신통한 양 해, 해갓 해
獯	U+736F	훈	훈	N	2015	94	N	14	17	18	radical-full	金		a tribe of Scythians which invaded China during the Xia dynasty	犬		훈:1N	오랑캐 이름 훈
獰	U+7370	녕	녕,영	N	2015	94	N	14	17	18	radical-full	金		ferocious appearance; hideous	犬	영	녕:N 영:0	영악할
獲	U+7372	획	획	Y		94	N	14	17	18	radical-full	金		obtain, get, receive; seize	犬		획:0E	얻을 획
獵	U+7375	렵	렵,엽	Y		94	N	15	18	19	radical-full	水		hunt; field sports	犬	엽	렵:0E 엽:0	사냥 렵, 사냥할 렵 / 사냥할 렵, 진동할 렵, 어긋날 렵, 바람소리 렵
獷	U+7377	광	광	N	2015	94	N	15	17	19	radical-full|component-kangxi-diff	水		fierce, rude, uncivilized	犬		광:1N	사나울 광
獸	U+7378	수	수	Y		94	N	15	19	19	unicode-total	水		beast, animal; bestial	犬		수:0E	짐승 수
獺	U+737A	달	달	N	2015	94	N	16	19	20	radical-full	水		otter	犬		달:0N	수달 달
獻	U+737B	헌	헌	Y		94	N	16	20	20	unicode-total	水		offer, present; show, display	犬		헌:0E	바칠 헌, 음식 헌, 어진이 헌, 드릴 헌
獼	U+737C	미	미	N	2015	94	N	17	20	21	radical-full	木		macacus monkey	犬		미:1N	원숭이 미
玁	U+7381	험	험	N	2015	94	N	20	22	24	radical-full|component-kangxi-diff	火		a dog with a long snout or muzzle	犬		험:1N	獫과 同字
玄	U+7384	현	현	Y		95	N	0	5	5	unicode-total	土		deep, profound, abstruse; Kangxi radical 95	玄		현:0E	검을 현, 검붉을 현, 하늘 현, 아득할 현, 고요할 현
玆	U+7386	자	자	N	2015	95	N	5	10	10	unicode-total	水		now, here; this; time, year	玄		자:0N	이 자
率	U+7387	률,솔	률,솔,율	Y	2015	95	N	6	11	11	unicode-total	木		to lead; ratio; rate; limit	玄	율	률:0E 솔:0N 율:0	헤아릴 률 / 거느릴 솔, 좇을 솔, 쓸 솔, 대강 솔, 공경할 솔, 뱀 이름 솔, 헤아릴 솔 / 헤아릴 률, 과녁 률, 홀 한껏 다릴 률
玈	U+7388	로	로	N	2015	95	N	6	11	11	unicode-total	木		black	玄	노	로:1N	검을 로
玉	U+7389	옥	옥	Y		96	N	0	5	5	unicode-total	土	金/土	jade, precious stone, gem	玉		옥:0E	구슬 옥, 사랑할 옥, 이룰 옥
王	U+738B	왕	왕	Y		96	N	-1	4	4	unicode-total	火	金/土	king, ruler; royal; surname	玉		왕:0E	임금 왕, 할아버지 왕
玎	U+738E	정	정	N	2015	96	N	2	6	7	radical-full	金	金/土	jingling, tinkling	玉		정:0N	옥소리 정
玒	U+7392	강	강	N	2015	96	N	3	7	8	radical-full	金	金/土		玉		강:N	
玔	U+7394	천	천	N	2015	96	N	3	7	8	radical-full	金	金/土	green jade	玉		천:0N	옥고리 천
玕	U+7395	간	간	N	2015	96	N	3	7	8	radical-full	金	金/土	inferior variety of gem	玉		간:1N	옥돌 간
玖	U+7396	구	구	N	2015	96	N	3	7	8	radical-full	金	金/土	black-colored jade	玉		구:0N	옥 다음가는 돌 구, 옥돌 구
玗	U+7397	우	우	N	2015	96	N	3	7	8	radical-full	金	金/土	a jade-like stone	玉		우:0N	옥돌 우, 우기나무 우
玘	U+7398	기	기	N	2015	96	N	3	7	8	radical-full	金	金/土	court-dress jewels	玉		기:0N	패옥 기
玞	U+739E	부	부	N	2015	96	N	4	8	9	radical-full	水	金/土	an inferior agate	玉		부:1N	옥돌 부
玟	U+739F	민	민	N	2015	96	N	4	8	9	radical-full	水	金/土	streaks in jade; gem	玉		민:0N	옥돌 민
玠	U+73A0	개	개	N	2015	96	N	4	8	9	radical-full	水	金/土	large jade tablet used by officials at court to indicate their ranks	玉		개:1N	큰 서옥 개
玦	U+73A6	결	결	N	2015	96	N	4	8	9	radical-full	水	金/土	broken piece of jade	玉		결:1N	옥패 결, 활 깍지 결
玧	U+73A7	문,윤	문,윤	N	2015	96	N	4	8	9	radical-full	水	金/土	reddish	玉		문:N 윤:0N	귀막이 구슬 윤
玩	U+73A9	완	완	N	2015	96	N	4	8	9	radical-full	水	金/土	play with, joke, enjoy	玉		완:0N	희롱할 완, 보배 완
玪	U+73AA	감,림	감,림	N	2015	96	N	4	8	9	radical-full	水	金/土		玉	임	감:N 림:N	
玫	U+73AB	매	매	N	2015	96	N	4	8	9	radical-full	水	金/土	rose	玉		매:1N	매괴 매
玭	U+73AD	빈	빈	N	2015	96	N	4	8	9	radical-full	水	金/土	a pearl	玉		빈:0N	구슬 이름 빈
玲	U+73B2	령	령,영	N	2015	96	N	5	9	10	radical-full	水	金/土	tinkling of jade	玉	영	령:0N 영:0	옥이름 령, 금옥소리 령 / 옥소리 쟁그렁거릴 령, 아롱아롱할 령, 정교할 령, 금옥소리 영
玳	U+73B3	대	대	N	2015	96	N	5	9	10	radical-full	水	金/土	tortoise shell	玉		대:0N	대모(바다거북) 대
玴	U+73B4	예	예	N	2015	96	N	5	9	10	radical-full	水	金/土		玉		예:N	
玷	U+73B7	점	점	N	2015	96	N	5	9	10	radical-full	水	金/土	flaw in gem; flaw in character	玉		점:1N	옥의 티 점, 흠각 점
玹	U+73B9	현	현	N	2015	96	N	5	9	10	radical-full	水	金/土	jadelike precious stone; jade-colored	玉		현:0N	옥돌
玻	U+73BB	파	파	N	2015	96	N	5	9	10	radical-full	水	金/土	glass	玉		파:1N	파려옥 파, 유리옥 파
玼	U+73BC	체	체	N	2015	96	N	5	10	10	unicode-total	水	金/土	beautiful color of gem; flaw in	玉		체:N	
玽	U+73BD	구	구	N	2015	96	N	5	9	10	radical-full	水	金/土		玉		구:N	
玿	U+73BF	소	소	N	2015	96	N	5	9	10	radical-full	水	金/土		玉		소:N	
珀	U+73C0	박,백	박,백	N	2015	96	N	5	9	10	radical-full	水	金/土	amber	玉		박:0N 백:N	호박 박
珂	U+73C2	가	가	N	2015	96	N	5	9	10	radical-full	水	金/土	inferior kind of jade	玉		가:0N	옥 이름 가
珆	U+73C6	이,태	이,태	N	2015	96	N	5	9	10	radical-full	水	金/土		玉		이:1N 태:N	
珈	U+73C8	가	가	N	2015	96	N	5	9	10	radical-full	水	金/土	an ornament attached to a woman's hairpin	玉		가:1N	머리꾸미개 가
珉	U+73C9	민	민	N	2015	96	N	5	9	10	radical-full	水	金/土	stone resembling jade	玉		민:0N	아름다운돌 민, 옥돌 민
珊	U+73CA	산	산	N	2015	96	N	5	9	10	radical-full	水	金/土	coral	玉		산:0N	산호 산
珌	U+73CC	필	필	N	2015	96	N	5	9	10	radical-full	水	金/土	ornament	玉		필:0N	칼 장식 옥 필
珍	U+73CD	진	진	Y		96	N	5	9	10	radical-full	水	金/土	precious, valuable, rare	玉		진:0E	보배 진
珏	U+73CF	각	각	N	2015	96	N	5	9	10	radical-full	水	金/土	two pieces of jade joined together	玉		각:0N	쌍옥 각
珒	U+73D2	진	진	N	2015	96	N	6	10	11	radical-full	木	金/土		玉		진:1N	옥 이름 진
珖	U+73D6	광	광	N	2015	96	N	6	10	11	radical-full	木	金/土	carat	玉		광:0N	옥피리 광
珗	U+73D7	선	선	N	2015	96	N	6	10	11	radical-full	木	金/土		玉		선:N	
珘	U+73D8	주	주	N	2015	96	N	6	10	11	radical-full	木	金/土		玉		주:N	
珙	U+73D9	공	공	N	2015	96	N	6	10	11	radical-full	木	金/土	precious stone; county in Sichuan	玉		공:0N	큰 옥 공, 옥이름 공
珝	U+73DD	후	후	N	2015	96	N	6	10	11	radical-full	木	金/土		玉		후:0N	옥 이름 후
珞	U+73DE	락	낙,락	N	2015	96	N	6	10	11	radical-full	木	金/土	kind of necklace	玉	낙	낙:0 락:0N	구슬 목걸이 락 / 구슬 목걸이 낙
珠	U+73E0	주	주	Y		96	N	6	10	11	radical-full	木	金/土	precious stone, gem, jewel, pearl	玉		주:0E	구슬 주, 진주 주
珢	U+73E2	은	은	N	2015	96	N	6	10	11	radical-full	木	金/土	precious stone	玉		은:1N	옥돌 은
珣	U+73E3	순	순	N	2015	96	N	6	10	11	radical-full	木	金/土	name of a kind of jade	玉		순:0N	옥그릇 순, 옥 이름 순
珤	U+73E4	보	보	N	2015	96	N	6	10	11	radical-full	木	金/土	treasure, jewel; precious, rare	玉		보:0N	寶의 古字, 보배 보
珥	U+73E5	이	이	N	2015	96	N	6	10	11	radical-full	木	金/土	ear ornament; stick, insert	玉		이:0N	귀막이 옥 이, 귀고리 이, 해무리 이, 햇무리 이
珦	U+73E6	향	향	N	2015	96	N	6	10	11	radical-full	木	金/土	a kind of jade	玉		향:0N	옥이름
珩	U+73E9	형	형	N	2015	96	N	6	10	11	radical-full	木	金/土	the top gem of a pendant	玉		형:0N	노리개 형, 갓끈 형
珪	U+73EA	규	규	N	2015	96	N	6	10	11	radical-full	木	金/土	a jade table conferred upon feudal princes by the emperor as a symbol of dignity and authority	玉		규:0N	圭와 同字, 서옥 규
珫	U+73EB	충	충	N	2015	96	N	6	10	11	radical-full	木	金/土		玉		충:1N	
班	U+73ED	반	반	Y		96	N	6	10	11	radical-full	木	金/土	class, group, grade; squad; job	玉		반:0E	나눌 반, 벌려설 반
珮	U+73EE	패	패	N	2015	96	N	6	10	11	radical-full	木	金/土	jade ornament	玉		패:1N	노리개 패, 찰 패
珵	U+73F5	정	정	N	2015	96	N	7	11	12	radical-full	木	金/土		玉		정:1N	노리개 정, 패옥 정
珷	U+73F7	무	무	N	2015	96	N	8	12	13	radical-full|kangxi-pos:96.7	火	金/土	an inferior gem	玉		무:0N	옥돌 무, 옥돌이름 무
珸	U+73F8	오	오	N	2015	96	N	7	11	12	radical-full	木	金/土		玉		오:N	
珹	U+73F9	성	성	N	2015	96	N	7	10	12	radical-full|component-kangxi-diff	木	金/土	type of jade; pearl	玉		성:0N	옥이름
珽	U+73FD	정	정	N	2015	96	N	7	10	12	radical-full|component-kangxi-diff	木	金/土	jade tablet	玉		정:0N	옥 이름 정, 뺄 정
現	U+73FE	현	현	Y		96	N	7	11	12	radical-full	木	金/土	appear, manifest, become visible	玉		현:0E	나타날 현, 지금 현, 옥빛 현
琁	U+7401	선	선	N	2015	96	N	7	11	12	radical-full	木	金/土	beautiful jade; star	玉		선:0N	옥 선, 구슬 선
球	U+7403	구	구	Y		96	N	7	11	12	radical-full	木	金/土	ball, sphere, globe; round	玉		구:0E	옥경쇠 구, 구슬 구
琄	U+7404	현	현	N	2015	96	N	7	11	12	radical-full	木	金/土	scabbard; traces, reins	玉		현:1N	
琅	U+7405	랑	랑	N	2015	96	N	7	11	12	radical-full	木	金/土	a variety of white carnelian; pure	玉	낭	랑:0N	옥 이름 랑, 옥같은돌 랑
理	U+7406	리	리,이	Y		96	N	7	11	12	radical-full	木	金/土	reason, logic; manage	玉	이	리:0E 이:0	다스릴 리, 이치 리 / 다스릴 리, 바를 리, 누늬낼 리, 성품 리, 이치 리, 고칠 리, 나무결 리
琇	U+7407	수	수	N	2015	96	N	7	11	12	radical-full	木	金/土	coarse variety of jasper or jade	玉		수:0N	귀막이 수, 옥돌 수, 귀고리 수
琉	U+7409	류	류,유	N	2015	96	N	7	11	12	radical-full|rs-by-kangxi-pos:96.7|multi-rs:96.6=11	木	金/土	sparkling stone; glazed, opaque	玉	유	류:0N 유:0	유리 류, 유리돌 류 / 유리돌 류, 나라이름 류
琓	U+7413	완	완	N	2015	96	N	7	11	12	radical-full	木	金/土		玉		완:0N	구슬
琗	U+7417	채	채	N	2015	96	N	8	12	13	radical-full	火	金/土		玉		채:N	
琘	U+7418	민	민	N	2015	96	N	8	12	13	radical-full	火	金/土		玉		민:N	
琛	U+741B	침	침	N	2015	96	N	8	12	13	radical-full	火	金/土	treasure, valuables	玉		침:0N	보배 침
琝	U+741D	민	민	N	2015	96	N	8	12	13	radical-full	火	金/土		玉		민:N	
琟	U+741F	유	유	N	2015	96	N	8	12	13	radical-full	火	金/土		玉		유:N	
琠	U+7420	전	전	N	2015	96	N	8	12	13	radical-full	火	金/土	a gem used as ear plug; a jade earring	玉		전:0N	옥이름
琡	U+7421	숙	숙	N	2015	96	N	8	12	13	radical-full	火	金/土		玉		숙:0N	옥이름
琢	U+7422	탁	탁	N	2015	96	N	8	12	13	radical-full	火	金/土	polish jade; cut jade	玉		탁:0N	옥 쪼을 탁, 옥 다듬을 탁, 가릴 탁, 쫄 탁
琤	U+7424	쟁	쟁	N	2015	96	N	8	10	13	radical-full|component-kangxi-diff	火	金/土	jade of jade being; tinkle	玉		쟁:1N	옥소리 쟁
琥	U+7425	호	호	N	2015	96	N	8	12	13	radical-full	火	金/土	jewel in shape of tiger; amber	玉		호:0N	호박 호
琦	U+7426	기	기	N	2015	96	N	8	12	13	radical-full	火	金/土	gem, precious stone, jade	玉		기:0N	옥 이름 기
琨	U+7428	곤	곤	N	2015	96	N	8	12	13	radical-full	火	金/土	beautiful jade, precious stones	玉		곤:0N	옥돌 곤, 아름다운옥 곤
琪	U+742A	기	기	N	2015	96	N	8	12	13	radical-full	火	金/土	type of jade	玉		기:0N	옥 기, 옥이름 기
琫	U+742B	봉	봉	N	2015	96	N	8	12	13	radical-full	火	金/土	ornament	玉		봉:0N	칼집 장식 봉, 칼집장식옥 봉
琬	U+742C	완	완	N	2015	96	N	8	12	13	radical-full	火	金/土	the virtue of a gentleman; jade	玉		완:0N	보석 완, 아름다운 옥 완, 서옥 완
琮	U+742E	종	종	N	2015	96	N	8	12	13	radical-full	火	金/土	octagonal piece of jade with hole in middle	玉		종:0N	옥홀 종, 서옥이름 종
琯	U+742F	관	관	N	2015	96	N	8	12	13	radical-full	火	金/土	a jade tube used as an instrument	玉		관:0N	옥피리 관, 옥저 관
琰	U+7430	염	염	N	2015	96	N	8	12	13	radical-full	火	金/土	jewel, gem; glitter of gems	玉		염:0N	아름다운 옥 염, 비취옥 염
琱	U+7431	조	조	N	2015	96	N	8	12	13	radical-full	火	金/土	engrave, inlay, carve; exhaust	玉		조:1N	
琲	U+7432	배	배	N	2015	96	N	8	12	13	radical-full	火	金/土	necklace	玉		배:1N	구슬 꿰미 배
琳	U+7433	림	림	N	2015	96	N	8	12	13	radical-full	火	金/土	beautiful jade, gem	玉	임	림:0N	아름다운 옥 림
琴	U+7434	금	금	Y		96	N	8	12	13	radical-full	火	金/土	Chinese lute or guitar	玉		금:0E	거문고 금
琵	U+7435	비	비	N	2015	96	N	8	12	13	radical-full	火	金/土	guitar-like instrument	玉		비:0N	비파 비
琶	U+7436	파	파	N	2015	96	N	8	12	13	radical-full	火	金/土	guitar-like instrument	玉		파:0N	비파 파
琸	U+7438	탁	탁	N	2015	96	N	8	12	13	radical-full	火	金/土		玉		탁:0N	사람이름 탁
琺	U+743A	법	법	N	2015	96	N	8	12	13	radical-full	火	金/土	enamel, cloisonné	玉		법:0N	법랑 법, 유약 법
琿	U+743F	혼	혼	N	2015	96	N	9	13	14	radical-full	火	金/土	bright, glorious, splendid	玉		혼:0N	아름다운옥
瑀	U+7440	우	우	N	2015	96	N	9	13	14	radical-full	火	金/土	stone resembling jade; agate	玉		우:0N	옥돌 우, 옥다음가는 돌 우
瑁	U+7441	모	모	N	2015	96	N	9	13	14	radical-full	火	金/土	fine piece of jade	玉		모:0N	서옥 모, 대모 모
瑂	U+7442	미	미	N	2015	96	N	9	13	14	radical-full	火	金/土		玉		미:N	
瑃	U+7443	춘	춘	N	2015	96	N	9	13	14	radical-full	火	金/土		玉		춘:0N	옥이름
瑄	U+7444	선	선	N	2015	96	N	9	13	14	radical-full	火	金/土	an ornamental piece of jade several inches across with a hole in the center	玉		선:0N	도리옥 선, 둥근옥 선
瑅	U+7445	제	제	N	2015	96	N	9	13	14	radical-full	火	金/土		玉		제:1N	제당 제
瑆	U+7446	성	성	N	2015	96	N	9	13	14	radical-full	火	金/土		玉		성:1N	
瑈	U+7448	유	유	N	2015	96	N	9	13	14	radical-full	火	金/土		玉		유:N	
瑉	U+7449	민	민	N	2015	96	N	9	13	14	radical-full	火	金/土		玉		민:N	
瑋	U+744B	위	위	N	2015	96	N	9	13	14	radical-full	火	金/土	type of jade; rare, valuable	玉		위:0N	위옥 위, 노리개 위, 옥이름 위
瑌	U+744C	연	연	N	2015	96	N	9	13	14	radical-full	火	金/土	a white opaque quartz used for ornaments	玉		연:N	
瑍	U+744D	환	환	N	2018	96	N	9	13	14	radical-full	火	金/土		玉		환:N	
瑎	U+744E	해	해	N	2015	96	N	9	13	14	radical-full	火	金/土		玉		해:1N	
瑕	U+7455	하	하	N	2015	96	N	9	13	14	radical-full	火	金/土	flaw in gem; fault, defect	玉		하:0N	티 하, 옥의 티 하
瑗	U+7457	원	원	N	2015	96	N	9	13	14	radical-full	火	金/土	large ring of fine jade	玉		원:0N	도리옥 원, 구멍 큰 둥근 옥 원
瑙	U+7459	노	노	N	2015	96	N	9	13	14	radical-full	火	金/土	agate; cornelian	玉		노:0N	마노 노, 옥돌 노
瑚	U+745A	호	호	N	2015	96	N	9	13	14	radical-full	火	金/土	coral; person of virtue	玉		호:0N	산호 호
瑛	U+745B	영	영	N	2015	96	N	9	12	14	radical-full|component-kangxi-diff	火	金/土	luster of gem; crystal	玉		영:0N	옥빛 영, 수정 영, 옥광채 영
瑜	U+745C	유	유	N	2015	96	N	9	13	14	radical-full	火	金/土	flawless gem or jewel	玉		유:0N	아름다운 옥 유
瑝	U+745D	황	황	N	2015	96	N	9	13	14	radical-full	火	金/土		玉		황:1N	옥 소리 황
瑞	U+745E	서	서	N	2015	96	N	9	13	14	radical-full	火	金/土	felicitous omen; auspicious	玉		서:0N	상서 서
瑟	U+745F	슬	슬	N	2015	96	N	9	13	14	radical-full	火	金/土	large stringed musical instrument; dignified, massive; sound of wind	玉		슬:0N	비파 슬, 거문고 슬, 깨끗한체할 슬, 바람소리 슬
瑠	U+7460	류	류	N	2015	96	N	10	14	15	radical-full	土	金/土	precious stone	玉	유	류:0N	琉와 同字, 구슬이름 류
瑢	U+7462	용	용	N	2015	96	N	10	14	15	radical-full	土	金/土	gem ornaments for belts	玉		용:0N	패옥소리 용
瑣	U+7463	쇄	쇄	N	2015	96	N	10	14	15	radical-full	土	金/土	fragments; trifling, petty; troublesome	玉		쇄:1N	옥가루 쇄, 가늘 쇄, 좀스러울 쇄, 대궐문 아로새길 쇄
瑤	U+7464	요	요	N	2015	96	N	10	14	15	radical-full	土	金/土	precious jade	玉		요:0N	아름다운 옥 요, 못 이름 요, 옥돌 요
瑥	U+7465	온	온	N	2015	96	N	10	13	15	radical-full|component-kangxi-diff	土	金/土		玉		온:0N	사람이름 온
瑨	U+7468	진	진	N	2015	96	N	10	14	15	radical-full	土	金/土	jade look alike stone	玉		진:0N	아름다운 돌 진, 옥돌 진
瑩	U+7469	영,형	영,형	N	2015	96	N	10	15	15	unicode-total	土	金/土	lustre of gems; bright, lustrous	玉		영:0N 형:0N	귀막이 옥 영, 밝을 영 / 밝을 형
瑪	U+746A	마	마	N	2015	96	N	10	14	15	radical-full	土	金/土	agate; cornelian	玉		마:0N	마노 마, 옥돌이름 마
瑭	U+746D	당	당	N	2015	96	N	10	14	15	radical-full	土	金/土	a kind of jade	玉		당:1N	옥이름 당
瑮	U+746E	률	률	N	2015	96	N	10	14	15	radical-full	土	金/土		玉	율	률:N	
瑯	U+746F	랑	랑	N	2015	96	N	10	12	15	radical-full|component-kangxi-diff	土	金/土	kind of white cornelian	玉	낭	랑:0N	고을 이름 랑, 옥같은돌 랑
瑰	U+7470	괴	괴	N	2015	96	N	10	13	15	radical-full|component-kangxi-diff	土	金/土	extraordinary, fabulous; rose	玉		괴:1N	슬이름 괴
瑱	U+7471	진	전,진	N	2015	96	N	10	14	15	radical-full	土	金/土	a gem used as ear plug; a jade earring	玉		전:1 진:N	귀막이옥 전, 옥이름 전
瑲	U+7472	창	창	N	2015	96	N	10	14	15	radical-full	土	金/土	tinkling sound tinkling of pendant gems	玉		창:1N	옥 소리 창
瑳	U+7473	차	차	N	2015	96	N	10	13	15	radical-full|component-kangxi-diff	土	金/土	luster of gem; lustrous, bright	玉		차:1N	깨끗할 차
瑽	U+747D	종	종	N	2015	96	N	11	15	16	radical-full	土	金/土	tinkling of jade pendants	玉		종:1N	패옥소리 종
瑾	U+747E	근	근	N	2015	96	N	11	15	16	radical-full	土	金/土	brilliance of gems; fine jade	玉		근:0N	붉은옥 근
璀	U+7480	최	최	N	2015	96	N	11	15	16	radical-full	土	金/土	lustre of gems; glitter; shine	玉		최:1N	옥빛 찬란할 최, 구슬 주렁주렁 달릴 최
璂	U+7482	기	기	N	2015	96	N	11	15	16	radical-full	土	金/土	jade ornament	玉		기:0N	피변 꾸미개 기, 고깔꾸미개 기
璃	U+7483	리	리	N	2015	96	N	11	14	16	radical-full|component-kangxi-diff	土	金/土	glass	玉	이	리:0N	유리 리
璄	U+7484	경	경	N	2015	96	N	11	15	16	radical-full	土	金/土		玉		경:N	
璅	U+7485	소	소	N	2015	96	N	11	15	16	radical-full	土	金/土	gem	玉		소:N	
璆	U+7486	구	구	N	2015	96	N	11	15	16	radical-full	土	金/土	beautiful jade; tinkle	玉		구:1N	옥경쇠 구
璇	U+7487	선	선	N	2015	96	N	11	15	16	radical-full	土	金/土	beautiful jade; star	玉		선:0N	아름다운옥 선, 구슬 선
璉	U+7489	련	련,연	N	2015	96	N	11	14	16	radical-full|component-kangxi-diff	土	金/土	a vessel used hold grain offerings	玉	연	련:0N 연:0	호련 련, 종묘제기 련 / 종묘 제기 련
璊	U+748A	문	문	N	2015	96	N	11	15	16	radical-full	土	金/土	reddish	玉		문:1N	붉은 옥 문
璋	U+748B	장	장	N	2015	96	N	11	15	16	radical-full	土	金/土	jade plaything; jade ornament	玉		장:0N	끝의 반을 깎아 뾰족하게 한 홀 장, 서옥 장
璌	U+748C	인	인	N	2015	96	N	11	15	16	radical-full	土	金/土		玉		인:N	
璐	U+7490	로	로	N	2015	96	N	12	17	17	unicode-total	金	金/土	beautiful variety of jade	玉	노	로:N	
璘	U+7498	린	린,인	N	2015	96	N	12	16	17	radical-full	金	金/土	luster of jade	玉	인	린:0N 인:0	옥빛 린 / 옥빛 인
璜	U+749C	황	황	N	2015	96	N	12	15	17	radical-full|component-kangxi-diff	金	金/土	a semicircular jade ornament used as a pendant	玉		황:0N	서옥 황, 반둥근패옥 황
璝	U+749D	괴	괴	N	2015	96	N	12	16	17	radical-full	金	金/土		玉		괴:1N	옥돌 괴
璞	U+749E	박	박	N	2015	96	N	12	16	17	radical-full	金	金/土	unpolished gem, uncarved gem	玉		박:0N	옥덩어리 박
璟	U+749F	경	경	N	2015	96	N	12	16	17	radical-full	金	金/土	luster of gem	玉		경:0N	옥 빛 경, 옥광채날 경
璡	U+74A1	진	진	N	2015	96	N	12	15	17	radical-full|component-kangxi-diff	金	金/土	a stone that looks like jade	玉		진:0N	옥돌 진
璣	U+74A3	기	기	N	2015	96	N	12	16	17	radical-full	金	金/土	pearl that is not quite round	玉		기:0N	구슬 기, 작은구슬 기
璥	U+74A5	경	경	N	2015	96	N	13	16	18	radical-full|component-kangxi-diff	金	金/土	a kind of jade	玉		경:0N	경옥 경
璧	U+74A7	벽	벽	N	2015	96	N	13	18	18	unicode-total	金	金/土	piece of jade with hole in it	玉		벽:0N	동근 옥 벽, 둥근옥 벽
璨	U+74A8	찬	찬	N	2015	96	N	13	17	18	radical-full	金	金/土	gems; luster of gems; lustrous	玉		찬:0N	빛날 찬
璪	U+74AA	조	조	N	2015	96	N	13	17	18	radical-full	金	金/土	pearl pendants on coronet	玉		조:0N	면루관 드림 옥 조, 면류관드림옥 조
璫	U+74AB	당	당	N	2015	96	N	13	17	18	radical-full	金	金/土	pendant ornaments, earrings	玉		당:1N	귀고리 당
環	U+74B0	환	환	Y		96	N	13	17	18	radical-full	金	金/土	jade ring or bracelet; ring	玉		환:0E	고리 환, 옥고리 환
璱	U+74B1	슬	슬	N	2015	96	N	13	17	18	radical-full	金	金/土		玉		슬:N	
璲	U+74B2	수	수	N	2015	96	N	13	16	18	radical-full|component-kangxi-diff	金	金/土	pendant girdle ornament	玉		수:0N	서옥 수, 패옥 수
璵	U+74B5	여	여	N	2015	96	N	14	17	19	radical-full|component-kangxi-diff	水	金/土	beautiful jade	玉		여:0N	보배옥 여
璶	U+74B6	신	신	N	2015	96	N	14	18	19	radical-full	水	金/土		玉		신:N	
璸	U+74B8	빈	빈	N	2015	96	N	14	18	19	radical-full	水	金/土	jade's streaks	玉		빈:N	
璹	U+74B9	숙	숙	N	2015	96	N	14	18	19	radical-full	水	金/土		玉		숙:0N	옥그릇
璼	U+74BC	람	람	N	2015	96	N	14	18	19	radical-full	水	金/土		玉	남	람:N	
璽	U+74BD	새	새	N	2015	96	N	14	19	19	unicode-total	水	金/土	imperial signet, royal signet	玉		새:0N	도장 새, 옥새 새
璿	U+74BF	선	선	N	2015	96	N	14	18	19	radical-full	水	金/土	fine jade	玉		선:0N	아름다운옥 선
瓀	U+74C0	연	연	N	2015	96	N	14	18	19	radical-full	水	金/土	gem	玉		연:N	
瓆	U+74C6	질	질	N	2015	96	N	15	19	20	radical-full	水	金/土		玉		질:0N	사람 이름 질
瓊	U+74CA	경	경	N	2015	96	N	15	19	20	radical-full	水	金/土	jade; rare, precious; elegant	玉		경:0N	옥 경, 붉은옥 경
瓍	U+74CD	수	수	N	2015	96	N	16	18	21	radical-full|component-kangxi-diff	木	金/土		玉		수:N	
瓏	U+74CF	롱	롱	N	2015	96	N	16	20	21	radical-full	木	金/土	a gem cut like dragon	玉	농	롱:0N	환할
瓐	U+74D0	로	로	N	2015	96	N	16	20	21	radical-full	木	金/土		玉	노	로:N	
瓓	U+74D3	란	란	N	2015	96	N	17	21	22	radical-full	木	金/土		玉	난	란:N	
瓔	U+74D4	영	영	N	2015	96	N	17	21	22	radical-full	木	金/土	a necklace made of precious stones	玉		영:0N	옥돌 영, 구슬 목걸이 영
瓘	U+74D8	관	관	N	2015	96	N	18	21	23	radical-full|component-kangxi-diff	火	金/土	jade	玉		관:0N	옥 이름 관, 구슬 관
瓚	U+74DA	찬	찬	N	2015	96	N	19	23	24	radical-full	火	金/土	ceremonial libation cup	玉		찬:0N	제기 찬, 옥그릇 찬
瓛	U+74DB	환	환	N	2015	96	N	20	24	25	radical-full	土	金/土	sceptre	玉		환:1N	옥홀 환
瓜	U+74DC	과	과	N	2015	97	N	0	5	5	unicode-total	土	木	melon, gourd, cucumber; Kangxi radical 97	瓜		과:0N	오이 과, 외 과
瓠	U+74E0	호	호	N	2015	97	N	6	11	11	unicode-total	木	木	bottle gourd; calabash; pot	瓜		호:0N	표주박 호, 단지 호
瓢	U+74E2	표	표	N	2015	97	N	11	16	16	unicode-total	土	木	ladle made from dried gourd	瓜		표:0N	표주박 표
瓣	U+74E3	판	판	N	2015	97	N	14	19	19	unicode-total	水	木	petal; segment; valves	瓜		판:0N	외씨 판, 실과씨 판, 꽃잎 판
瓦	U+74E6	와	와	Y		98	N	0	5	5	unicode-total	土		tile; earthenware pottery; girl	瓦		와:0E	질그릇 와, 기와 와
瓮	U+74EE	옹	옹	N	2015	98	N	4	9	9	unicode-total	水		earthen jar; jar for ashes	瓦		옹:0N	항아리 옹, 독 옹
瓳	U+74F3	호	호	N	2015	98	N	5	9	10	kangxi-sum	水			瓦		호:N	
瓷	U+74F7	자	자	N	2015	98	N	6	10	11	kangxi-sum	木		crockery, porcelain, chinaware	瓦		자:0N	오지그릇 자
甁	U+7501	병	병	N	2015	98	N	8	12	13	kangxi-sum	火		jug	瓦		병:0N	병 병
甃	U+7503	추	추	N	2015	98	N	9	13	14	kangxi-sum	火		brick wall of a well	瓦		추:1N	우물 벽돌 추
甄	U+7504	견	견	N	2015	98	N	9	13	14	kangxi-sum	火		to examine, discern; to grade; a surname	瓦		견:0N	질그릇 견, 살필 견, 표시할 견, 진 이름 견, 면할 견, 밝을 견
甌	U+750C	구	구	N	2015	98	N	11	15	16	kangxi-sum	土		bowl, cup; small tray	瓦		구:1N	사발 구
甍	U+750D	맹	맹	N	2015	98	N	11	16	16	unicode-total	土		rafters supporting roof tiles	瓦		맹:1N	
甎	U+750E	전	전	N	2015	98	N	11	15	16	kangxi-sum	土		brick, square tile, slab	瓦		전:1N	벽돌 전, 기와 전
甑	U+7511	증	증	N	2015	98	N	12	16	17	kangxi-sum	金		boiler for steaming rice, pot	瓦		증:0N	시루 증
甓	U+7513	벽	벽	N	2015	98	N	13	17	18	kangxi-sum	金		glazed tiles, bricks	瓦		벽:1N	벽돌 벽
甕	U+7515	옹	옹	N	2015	98	N	13	17	18	kangxi-sum	金		earthen jar; jar for ashes	瓦		옹:0N	항아리 옹, 물장군 옹, 독 옹
甘	U+7518	감	감	Y		99	N	0	5	5	unicode-total	土		sweetness; sweet, tasty	甘		감:0E	달 감, 달게 여길 감
甚	U+751A	심	심	Y		99	N	4	9	9	unicode-total	水		great extent; considerably	甘		심:0E	심할 심, 무엇 심
甛	U+751B	첨	첨	N	2015	99	N	6	11	11	unicode-total	木		sweet, sweetness	甘		첨:0N	달 첨, 단 첨
甜	U+751C	첨	첨	N	2015	99	N	6	11	11	unicode-total	木		sweet, sweetness	甘		첨:N	
甞	U+751E	상	상	N	2015	99	N	8	13	13	unicode-total	火		taste; experience, experiment	甘		상:1N	맛볼 상
生	U+751F	생	생	Y		100	N	0	5	5	unicode-total	土		life, living, lifetime; birth	生		생:0E	날 생
產	U+7522	산	산	N	2015	100	N	6	11	11	unicode-total	木		give birth, bring forth, produce	生		산:N	
産	U+7523	산	산	Y		100	N	6	11	11	unicode-total	木		give birth	生		산:0E	낳을 산
甤	U+7524	유	유	N	2015	100	N	7	12	12	unicode-total	木		drooping leaves; fringe soft, delicate	生		유:N	
甥	U+7525	생	생	N	2015	100	N	7	12	12	unicode-total	木		niece, sister's child	生		생:0N	생질 생, 사위 생
甦	U+7526	소	소	N	2015	100	N	7	12	12	unicode-total	木		be reborn; resuscitate, revive	生		소:0N	깨어날 소, 숨 쉴 소
用	U+7528	용	용	Y		101	N	0	5	5	unicode-total	土		use, employ, apply, operate; use	用		용:0E	쓸 용, 재물 용, 통할 용
甫	U+752B	보	보	N	2015	101	N	2	7	7	unicode-total	金		begin; man, father; great; a distance of ten li	用		보:0N	클 보
甬	U+752C	용	용	N	2015	101	N	2	7	7	unicode-total	金		path; river in Ningbo; Ningbo	用		용:0N	물 솟아 오를 용, 골목길 용, 쇠북 꼭지 용, 곡식 셈하는 단위 휘 용
田	U+7530	전	전	Y		102	N	0	5	5	unicode-total	土	土	field, arable land, cultivated	田		전:0E	밭 전, 사냥할 전, 논 전
由	U+7531	유	유	Y		102	N	0	5	5	unicode-total	土	土	cause, reason; from	田		유:0E	말미암을 유, 쓸 유, 지날 유
甲	U+7532	갑	갑	Y		102	N	0	5	5	unicode-total	土	土	armor, shell; fingernails; 1st heavenly stem	田		갑:0E	갑옷 갑, 첫째 천간 갑, 비롯할 갑, 떡잎 날 갑, 법령 갑, 대궐 갑
申	U+7533	신	신	Y		102	N	0	5	5	unicode-total	土	土	to state to a superior, report; extend; ninth earthly branch	田		신:0E	펼 신, 기지개켤 신, 거듭 신, 아홉째 지지 신, 원숭이 신
男	U+7537	남	남	Y		102	N	2	7	7	unicode-total	金	土	male, man; son; baron; surname	田		남:0E	사내 남
甸	U+7538	전	전	N	2015	102	N	2	7	7	unicode-total	金	土	suburbs of capital; govern; crops	田		전:0N	경기 전
町	U+753A	정	정	N	2015	102	N	2	7	7	unicode-total	金	土	raised path between fields	田		정:0N	밭 두덕 정, 정보 정, 시가 정, 밭지경 정
画	U+753B	획	획	N	2015	102	N	3	8	8	unicode-total	金	土	a painting, picture, drawing; to draw	田		획:N	
甿	U+753F	맹	맹	N	2015	102	N	3	8	8	unicode-total	金	土	farming population	田		맹:1N	
畃	U+7543	순	순	N	2015	102	N	3	8	8	unicode-total	金	土		田		순:N	
畇	U+7547	균	균	N	2015	102	N	4	9	9	unicode-total	水	土	land	田		균:0N	밭개간할 균
畊	U+754A	경	경	N	2015	102	N	4	9	9	unicode-total	水	土	plow, cultivate	田		경:1N	耕의 古字
畋	U+754B	전	전	N	2015	102	N	4	9	9	unicode-total	水	土	till land, cultivate; hunt	田		전:1N	사냥할 전
界	U+754C	계	계	Y		102	N	4	9	9	unicode-total	水	土	boundary, limit; domain; society; the world	田		계:0E	지경 계
畎	U+754E	견	견	N	2015	102	N	4	9	9	unicode-total	水	土	a drain between fields, irrigation; to flow	田		견:1N	밭 도랑 견, 산골 도랑 견
畏	U+754F	외	외	Y		102	N	4	9	9	unicode-total	水	土	fear, dread, awe, reverence	田		외:0E	두려울 외, 겁낼 외
畑	U+7551	전	전	N	2015	102	N	4	9	9	unicode-total	水	土	dry (as opposed to rice) field; used in Japanese names	田		전:0N	화전 전, 밭 전
畓	U+7553	답	답	Y		102	N	4	9	9	unicode-total	水	土	rice field	田		답:0E	논 답
畔	U+7554	반	반	N	2015	102	N	5	10	10	unicode-total	水	土	boundary path dividing fields	田		반:0N	지경 반, 밭두둑 반
留	U+7559	류	류,유	Y		102	N	5	10	10	unicode-total	水	土	stop, halt; stay, detain, keep	田	유	류:0E 유:0	머무를 류 / 머무를 류, 그칠 류, 오랠 류, 횡사할 류
畚	U+755A	분	분	N	2015	102	N	5	10	10	unicode-total	水	土	straw basket, hamper	田		분:1N	삼태기 분
畛	U+755B	진	진	N	2015	102	N	5	10	10	unicode-total	水	土	border, boundary; raised path	田		진:0N	두렁길 진, 밭갈피 진
畜	U+755C	축	축	Y		102	N	5	10	10	unicode-total	水	土	livestock, domestic animals	田		축:0E	가축 축, 쌓을 축, 그칠 축 / 기를 휵, 용납할 휵
畝	U+755D	묘,무	묘,무	N	2015	102	N	5	10	10	unicode-total	水	土	Chinese land measure; fields	田		묘:N 무:0N	밭이랑
畢	U+7562	필	필	Y		102	N	6	11	11	unicode-total	木	土	end, finish, conclude; completed; 19th lunar mansion, determinative star ε Tauri (Ain)	田		필:0E	마칠 필, 토끼그물 필, 다할 필, 편지 필, 책 필, 고기 꿰 다는 나무 필
畤	U+7564	치	치	N	2015	102	N	6	11	11	unicode-total	木	土	place for worshipping heaven	田		치:1N	제터 치
略	U+7565	략	략,약	Y		102	N	6	11	11	unicode-total	木	土	approximately, roughly; outline	田	약	략:0E 약:0	다스릴 략, 간략할 략 / 간략할 약, 노략질할 약, 잔꾀 약
畦	U+7566	휴	휴	N	2015	102	N	6	11	11	unicode-total	木	土	sections in vegetable farm	田		휴:0N	밭두둑 휴
畧	U+7567	략	략	N	2015	102	N	6	11	11	unicode-total	木	土	approximately, roughly; outline	田	약	략:1N	略과 同字
番	U+756A	번	번	Y		102	N	7	12	12	unicode-total	木	土	to take turns; a turn, a time; to repeat	田		번:0E	갈마들 번, 번수 번
畫	U+756B	화	화	Y		102	N	7	12	12	unicode-total	木	土	delineate, painting, picture, drawing; draw	田		화:1E	그림 화 / 그을 획
畯	U+756F	준	준	N	2015	102	N	7	12	12	unicode-total	木	土	rustic; crude	田		준:0N	俊과 同字, 농부 준
異	U+7570	이	리,이	Y		102	N	7	11	12	kangxi-sum|kangxi-pos-residual:6>7	木	土	different, unusual, strange	田		리:0 이:0E	다를 이, 괴이할 이, 나눌 이 / 다를 리
畵	U+7575	화	화	N	2015	102	N	8	13	13	unicode-total	火	土	delineate, painting, picture, drawing; draw	田		화:0N	그림 화 / 畫의 俗字
當	U+7576	당	당	Y		102	N	8	13	13	unicode-total	火	土	bear, accept, undertake; just	田		당:0E	마땅할 당
畸	U+7578	기	기	N	2015	102	N	8	13	13	unicode-total	火	土	odd, fractional, remainder, odds	田		기:0N	뙈기 밭 기, 기이할 기
畺	U+757A	강	강	N	2015	102	N	8	13	13	unicode-total	火	土	boundary, border	田		강:0N	疆과 同字, 지경 강
畿	U+757F	기	기	Y		102	N	10	15	15	unicode-total	土	土	imperial domain; area near capital	田		기:0E	경기 기
疆	U+7586	강	강	N	2015	102	N	14	19	19	unicode-total	水	土	boundary, border, frontier	田		강:0N	땅 경계 강, 갈피 강, 굳셀 강, 변방 강, 지경 강
疇	U+7587	주	주	N	2015	102	N	14	19	19	unicode-total	水	土	farmland, arable land; category	田		주:0N	밭두둑 주
疈	U+7588	벽	벽	N	2015	102	N	15	20	20	unicode-total	水	土		田		벽:1N	가를 벽
疊	U+758A	첩	첩	N	2015	102	N	17	22	22	unicode-total	木	土	repeat, duplicate; repetitious	田		첩:0N	거듭 첩, 포갤 첩
疋	U+758B	필	필	N	2015	103	N	0	5	5	unicode-total	土		roll, bolt of cloth; foot	疋		필:0N	짝 필, 끝 필
疎	U+758E	소	소	N	2015	103	N	7	12	12	unicode-total	木		neglect; careless, lax	疋		소:0N	성길 소, 드물 소
疏	U+758F	소	소	Y		103	N	7	12	12	unicode-total	木		neglect; careless, lax	疋		소:0E	뚫릴 소, 나눌 소, 멀 소, 추할 소, 드물 소, 성길 소
疑	U+7591	의	의	Y		103	N	9	14	14	unicode-total	火		doubt, question, suspect	疋		의:0E	의심할 의, 두려워할 의, 그럴듯할 의
疔	U+7594	정	정	N	2015	104	N	2	7	7	unicode-total	金		carbuncle, boil, ulcer	疒		정:1N	헌데 정
疙	U+7599	흘	흘	N	2015	104	N	3	8	8	unicode-total	金		pimple, sore, boil, wart, pustule	疒		흘:1N	쥐부스럼 흘
疚	U+759A	구	구	N	2015	104	N	3	8	8	unicode-total	金		chronic disease, chronic illness; sorrow	疒		구:1N	오랜 병 구
疝	U+759D	산	산	N	2015	104	N	3	8	8	unicode-total	金		hernia, rupture	疒		산:0N	산증 산, 산중 산
疣	U+75A3	우	우	N	2015	104	N	4	9	9	unicode-total	水		wart; tumor; goiter; papule	疒		우:1N	
疥	U+75A5	개	개	N	2015	104	N	4	9	9	unicode-total	水		scabies, itch	疒		개:0N	옴 개
疫	U+75AB	역	역	Y		104	N	4	9	9	unicode-total	水		epidemic, plague, pestilence	疒		역:0E	염병 역
疱	U+75B1	포	포	N	2015	104	N	5	10	10	unicode-total	水		acne	疒		포:0N	부풀 포, 부르틀 포
疲	U+75B2	피	피	Y		104	N	5	10	10	unicode-total	水		feel tired, be exhausted; weak	疒		피:0E	피곤할 피, 나른할 피, 느른할 피
疳	U+75B3	감	감	N	2015	104	N	5	10	10	unicode-total	水		childhood diseases	疒		감:0N	감질병 감, 궤양 감, 창병 감, 종기 아플 감
疴	U+75B4	아	아	N	2015	104	N	5	10	10	unicode-total	水		illness, sickness, disease; pain	疒		아:1N	앓을 아
疵	U+75B5	자	자	N	2015	104	N	5	11	11	total-gt-rs-check	木		flaw, fault, defect; disease	疒		자:0N	흠 자, 죽은깨 자
疸	U+75B8	달	달	N	2015	104	N	5	10	10	unicode-total	水		jaundice; disorders of stomach	疒		달:0N	황달 달
疹	U+75B9	진	진	N	2015	104	N	5	10	10	unicode-total	水		measles; rash; fever	疒		진:0N	홍역 진, 마마 진
疼	U+75BC	동	동	N	2015	104	N	5	10	10	unicode-total	水		aches, pains; be fond of; love	疒		동:0N	아플 동
疽	U+75BD	저	저	N	2015	104	N	5	10	10	unicode-total	水		ulcer, carbuncle, abscess	疒		저:0N	등창 저
疾	U+75BE	질	질	Y		104	N	5	10	10	unicode-total	水		illness, disease, sickness; to hate	疒		질:0E	병 질
痀	U+75C0	구	구	N	2015	104	N	5	10	10	unicode-total	水		to crouch; a hunchback	疒		구:1N	곱사등이 구
痂	U+75C2	가	가	N	2015	104	N	5	10	10	unicode-total	水		scab	疒		가:0N	헌데 딱지 가
痃	U+75C3	현	현	N	2015	104	N	5	10	10	unicode-total	水		indigestion; buboes, lymphatic inflammation	疒		현:1N	힘줄 당기는 병 현, 적병 현
病	U+75C5	병	병	Y		104	N	5	10	10	unicode-total	水		illness, sickness, disease	疒		병:0E	병 병, 병들 병
症	U+75C7	증	증	Y		104	N	5	10	10	unicode-total	水		disease, illness, ailment	疒		증:0E	증세 증, 병증세 증
痊	U+75CA	전	전	N	2015	104	N	6	11	11	unicode-total	木		be healed, be cured; recover	疒		전:1N	병 나을 전
痍	U+75CD	이	이	N	2015	104	N	6	11	11	unicode-total	木		wound, bruise, sore	疒		이:0N	상할 이, 다칠 이, 흠집 이
痎	U+75CE	해	해	N	2015	104	N	6	11	11	unicode-total	木		two-days' fever or chills from malaria	疒		해:1N	학질 해, 하루거리 해
痒	U+75D2	양	양	N	2015	104	N	6	11	11	unicode-total	木		itch	疒		양:0N	가려울 양, 옴 양
痓	U+75D3	치	치	N	2015	104	N	6	11	11	unicode-total	木			疒		치:1N	풍병 치, 악할 치
痔	U+75D4	치	치	N	2015	104	N	6	11	11	unicode-total	木		hemorrhoids, piles	疒		치:0N	치질 치, 풍병 치
痕	U+75D5	흔	흔	N	2015	104	N	6	11	11	unicode-total	木		scar; mark; trace	疒		흔:0N	흉터 흔
痘	U+75D8	두	두	N	2015	104	N	7	12	12	unicode-total	木		smallpox	疒		두:0N	마마 두
痙	U+75D9	경	경	N	2015	104	N	7	12	12	unicode-total	木		convulsions, fits	疒		경:0N	심줄 땅길 경, 목뻣뻣할 경
痛	U+75DB	통	통	Y		104	N	7	12	12	unicode-total	木		pain, ache; sorry, sad; bitter	疒		통:0E	아플 통, 상할 통, 심할 통, 몹시 통
痞	U+75DE	비	비	N	2015	104	N	7	12	12	unicode-total	木		dyspepsia, spleen infection	疒		비:1N	뱃속 결릴 비
痢	U+75E2	리	리,이	N	2015	104	N	7	12	12	unicode-total	木		dysentery	疒	이	리:0N 이:0	설사 리, 이질 리 / 이질 리, 곱똥 리, 설사 리
痣	U+75E3	지	지	N	2015	104	N	7	12	12	unicode-total	木		spots, moles; birthmark	疒		지:1N	사마귀 지
痤	U+75E4	좌	좌	N	2015	104	N	7	12	12	unicode-total	木		a swelling of the lymph nodes	疒		좌:1N	뾰루지 좌
痧	U+75E7	사	사	N	2015	104	N	7	12	12	unicode-total	木		cholera; colic	疒		사:1N	쥐통 사
痰	U+75F0	담	담	N	2015	104	N	8	13	13	unicode-total	火		phlegm, mucus, spittle	疒		담:0N	가래 담
痲	U+75F2	마	마	N	2015	104	N	8	13	13	unicode-total	火		pock-marked; leprosy; measles	疒		마:0N	저릴 마, 홍역 마
痳	U+75F3	림	림	N	2015	104	N	8	13	13	unicode-total	火		pock-marked; leprosy; measles	疒	임	림:1N	임질 림
痴	U+75F4	치	치	N	2015	104	N	8	13	13	unicode-total	火		foolish, stupid, dumb, silly	疒		치:0N	癡의 俗字, 어리석을 치
痹	U+75F9	비	비	N	2015	104	N	8	13	13	unicode-total	火		paralysis, numbness	疒		비:1N	저릴 비
痺	U+75FA	비	비	N	2015	104	N	8	13	13	unicode-total	火		paralysis, numbness	疒		비:0N	암메추라기 비, 새이름 비
痼	U+75FC	고	고	N	2015	104	N	8	13	13	unicode-total	火		chronic disease	疒		고:0N	고질 고, 고질병 고
痿	U+75FF	위	위	N	2015	104	N	8	13	13	unicode-total	火		paralysis; impotence	疒		위:1N	습병 위, 잘름거릴 위, 음위증 위
瘀	U+7600	어	어	N	2015	104	N	8	13	13	unicode-total	火		a hematoma, contusion; extravasated blood	疒		어:0N	어혈질 어
瘁	U+7601	췌	췌	N	2015	104	N	8	13	13	unicode-total	火		feel tired, be weary, be worn out	疒		췌:1N	
瘇	U+7607	종	종	N	2015	104	N	9	14	14	unicode-total	火		dropsy of the leg	疒		종:1N	수종 종
瘈	U+7608	계	계	N	2015	104	N	9	14	14	unicode-total	火		prolonged fever; chronic malaria	疒		계:1N	미칠 계
瘉	U+7609	유	유	N	2015	104	N	9	14	14	unicode-total	火		get well, recover	疒		유:1N	癒와 同字
瘋	U+760B	풍	풍	N	2015	104	N	9	14	14	unicode-total	火		crazy, insane, mentally ill	疒		풍:1N	두풍 풍, 미치광이 풍
瘍	U+760D	양	양	N	2015	104	N	9	14	14	unicode-total	火		ulcers, sores; infection	疒		양:0N	머리헐 양, 종기 양
瘐	U+7610	유	유	N	2015	104	N	9	13	14	kangxi-sum	火		to die in prison from cold and hunger; to treat with cruelty	疒		유:1N	죄인 주려 죽을 유
瘕	U+7615	하	하	N	2015	104	N	9	14	14	unicode-total	火		asthma; disease of the bowels	疒		하:1N	이질 하
瘙	U+7619	소	소	N	2015	104	N	10	14	15	kangxi-sum	土		itch	疒		소:0N	옴 소, 종기 소
瘟	U+761F	온	온	N	2015	104	N	10	14	15	kangxi-sum|rs-by-kangxi-pos:104.10|multi-rs:104.9=14	土		epidemic, plague, pestilence	疒		온:0N	염병 온, 온역 온
瘠	U+7620	척	척	N	2015	104	N	10	15	15	unicode-total	土		thin, emaciated; barren	疒		척:0N	파리할 척
瘡	U+7621	창	창	N	2015	104	N	10	15	15	unicode-total	土		tumor, boil, sore, wound	疒		창:0N	부스럼 창
瘢	U+7622	반	반	N	2015	104	N	10	15	15	unicode-total	土		scar, mole	疒		반:0N	흉터 반, 부스럼자국 반
瘤	U+7624	류	류	N	2015	104	N	10	15	15	unicode-total	土		tumor, lump, goiter	疒	유	류:0N	혹 류
瘦	U+7626	수	수	N	2015	104	N	10	15	15	unicode-total	土		thin, emaciated, lean; meager	疒		수:0N	파리할 수, 가늘 수
瘧	U+7627	학	학	N	2015	104	N	10	14	15	kangxi-sum|kangxi-pos-residual:9>10	土		intermittent fever; malaria	疒		학:1N	학질 학
瘯	U+762F	족	족	N	2015	104	N	11	16	16	unicode-total	土		itch	疒		족:1N	피부병 이름 족
瘰	U+7630	라	라	N	2015	104	N	11	16	16	unicode-total	土		scrofula, swellings	疒	나	라:1N	연주창 라
瘱	U+7631	예	예	N	2015	104	N	11	16	16	unicode-total	土			疒		예:N	
瘳	U+7633	추	추	N	2015	104	N	11	16	16	unicode-total	土		to be healed; to reform	疒		추:1N	병 나을 추, 덜릴 추
瘴	U+7634	장	장	N	2015	104	N	11	16	16	unicode-total	土		malaria pestilential vapors	疒		장:1N	장기 장
瘻	U+763B	루	루	N	2015	104	N	11	16	16	unicode-total	土		fistula, sore, ulcer, goiter	疒	누	루:0N	부스럼 루, 헌곳 루
療	U+7642	료	료,요	N	2015	104	N	12	17	17	unicode-total	金		be healed, cured, recover	疒	요	료:0N 요:0	병고칠 료 / 병 나을 료, 병 고칠 료
癃	U+7643	륭	륭	N	2015	104	N	12	16	17	kangxi-sum	金		weakness, infirmity retention of urine	疒	융	륭:1N	느른할 륭
癆	U+7646	로	로	N	2015	104	N	12	17	17	unicode-total	金		consumption; tuberculosis	疒	노	로:1N	종독 로
癇	U+7647	간	간	N	2015	104	N	12	17	17	unicode-total	金		epilepsy, convulsions	疒		간:N	
癈	U+7648	폐	폐	N	2015	104	N	12	17	17	unicode-total	金		abrogate, terminate, discard	疒		폐:1N	고질병 폐
癉	U+7649	단	단	N	2015	104	N	12	17	17	unicode-total	金		to hate bitterly; drought; dry	疒		단:1N	황달 단
癌	U+764C	암	암	N	2015	104	N	12	17	17	unicode-total	金		cancer; marmoset	疒		암:0N	종양 암
癎	U+764E	간	간	N	2015	104	N	12	17	17	unicode-total	金		epilepsy, convulsions	疒		간:0N	경풍 간, 간질 간
癒	U+7652	유	유	N	2015	104	N	13	18	18	unicode-total	金		get well, recover	疒		유:0N	병 나을 유, 병들 유
癕	U+7655	옹	옹	N	2015	104	N	13	18	18	unicode-total	金		loss of the sense of smell	疒		옹:1N	등창 옹
癖	U+7656	벽	벽	N	2015	104	N	13	18	18	unicode-total	金		craving, weakness for; indigestion	疒		벽:0N	적취 벽, 버릇 벽
癘	U+7658	려	려	N	2015	104	N	13	17	18	kangxi-sum	金		a sore, ulcer; pestilence	疒	여	려:1N	창질 려
癜	U+765C	전	전	N	2015	104	N	13	18	18	unicode-total	金		erythema	疒		전:1N	어루러기 전
癡	U+7661	치	치	N	2015	104	N	14	19	19	unicode-total	水		silly, foolish, idiotic	疒		치:0N	어리석을 치, 미련할 치, 미치광이 치, 주근깨 치
癢	U+7662	양	양	N	2015	104	N	15	19	20	kangxi-sum	水		itch	疒		양:1N	가려울 양
癤	U+7664	절	절	N	2015	104	N	15	18	20	kangxi-sum	水		pimple, sore, boil	疒		절:0N	멍울 절, 부스럼 절
癥	U+7665	징	징	N	2015	104	N	15	20	20	unicode-total	水		obstruction of bowels	疒		징:1N	적취 징
癧	U+7667	력	력	N	2015	104	N	16	21	21	unicode-total	木		scrofulous lumps or swellings	疒	역	력:1N	연주창 력
癨	U+7668	곽	곽	N	2015	104	N	16	21	21	unicode-total	木		quickly, suddenly; surname	疒		곽:1N	곽란 곽
癩	U+7669	라	나,라	N	2015	104	N	16	21	21	unicode-total	木		leprosy, scabies, mange; shoddy	疒	나	나:0 라:0N	약물 중독 라 / 약물 중독 나
癬	U+766C	선	선	N	2015	104	N	17	22	22	unicode-total	木		ringworms	疒		선:0N	옴 선, 버짐 선
癭	U+766D	영	영	N	2015	104	N	17	22	22	unicode-total	木		swelling, goiter	疒		영:1N	목 혹 영
癮	U+766E	은	은	N	2015	104	N	17	21	22	kangxi-sum	木		rash; addiction, craving, habit	疒		은:1N	두드러기 은
癯	U+766F	구	구	N	2015	104	N	18	23	23	unicode-total	火		thin, emaciated; worn, tired	疒		구:1N	여윌 구
癰	U+7670	옹	옹	N	2015	104	N	18	23	23	unicode-total	火		carbuncle, sore, ulcer, abscess	疒		옹:0N	헌곳
癱	U+7671	탄	탄	N	2015	104	N	19	24	24	unicode-total	火		paralysis, palsy, numbness	疒		탄:1N	중풍증 탄, 사지 틀릴 탄
癲	U+7672	전	전	N	2015	104	N	19	24	24	unicode-total	火		crazy, mad; madness, mania, insanity	疒		전:0N	미칠 전, 지랄병 전
癸	U+7678	계	계	Y		105	N	4	9	9	unicode-total	水		10th heavenly stem	癶		계:0E	열째 천간 계
登	U+767B	등	등	Y		105	N	7	12	12	unicode-total	木		rise, mount, board, climb	癶		등:0E	오를 등
發	U+767C	발	발	Y		105	N	7	12	12	unicode-total	木		issue, dispatch, send out, emit	癶		발:0E	쏠 발, 일어날 발
白	U+767D	백	백	Y		106	N	0	5	5	unicode-total	土		white; pure, unblemished; bright	白		백:0E	흰 백
百	U+767E	백	백	Y		106	N	1	6	6	unicode-total	土		one hundred; numerous, many	白		백:0E	일백 백
皀	U+7680	급	급	N	2015	106	N	2	7	7	unicode-total	金		kernel, seed; enjoy, feast [?]	白		급:1N	고소할 급
皁	U+7681	조	조	N	2015	106	N	2	7	7	unicode-total	金		black; police runners, from the black clothes formerly worn by them	白		조:1N	하인 조
皃	U+7683	모	모	N	2015	106	N	2	7	7	unicode-total	金		countenance, appearance	白		모:1N	貌와 同字
的	U+7684	적	적	Y		106	N	3	8	8	unicode-total	金		possessive, adjectival suffix	白		적:0E	과녁 적, 꼭 그러할 적, 밝을 적
皆	U+7686	개	개	Y		106	N	4	9	9	unicode-total	水		all, every, everybody	白		개:0E	모두 개, 한 가지 개, 같을 개, 다 개
皇	U+7687	황	황	Y		106	N	4	9	9	unicode-total	水		royal, imperial; ruler, superior	白		황:0E	임금 황
皋	U+768B	고	고	N	2015	106	N	5	10	10	unicode-total	水		the high land along a river	白		고:1N	못 고
皎	U+768E	교	교	N	2015	106	N	6	11	11	unicode-total	木		white; bright, brilliant; clear	白		교:0N	달빛 교, 달밝을 교
皐	U+7690	고	고	N	2015	106	N	6	11	11	unicode-total	木		the high land along a river	白		고:0N	부르는 소리 고, 언덕 고
皒	U+7692	아	아	N	2015	106	N	7	12	12	unicode-total	木			白		아:N	
皓	U+7693	호	호	N	2015	106	N	7	12	12	unicode-total	木		bright, luminous; clear; hoary	白		호:0N	흴 호, 깨끗할 호
皖	U+7696	환	환	N	2015	106	N	7	12	12	unicode-total	木		Anhui province	白		환:1N	샛별 환
皗	U+7697	주	주	N	2015	106	N	8	13	13	unicode-total	火			白		주:N	
皚	U+769A	애	애	N	2015	106	N	10	15	15	unicode-total	土		brilliant white	白		애:1N	흴 애
皛	U+769B	효	효	N	2015	106	N	10	15	15	unicode-total	土			白		효:1N	나타날 효
皜	U+769C	호	호	N	2015	106	N	10	15	15	unicode-total	土		white, bright; clear, pure	白		호:1N	흴 호, 흰 모양 호
皞	U+769E	호	호	N	2015	106	N	10	15	15	unicode-total	土		bright, brilliant	白		호:1N	밝을 호, 흴 호
皤	U+76A4	파	파	N	2015	106	N	12	17	17	unicode-total	金		white, grey; corpulent	白		파:1N	흴 파, 배 불룩할 파, 귀 밑에 희끗희끗할 파
皬	U+76AC	학	학	N	2015	106	N	16	21	21	unicode-total	木			白		학:1N	흴 학
皮	U+76AE	피	피	Y		107	N	0	5	5	unicode-total	土		skin, hide, fur, feather; outer	皮		피:0E	가죽 피, 껍질 피, 성씨 피
皴	U+76B4	준	준	N	2015	107	N	7	12	12	unicode-total	木		chapped, cracked	皮		준:1N	주름 준
皶	U+76B6	사	사	N	2015	107	N	9	14	14	unicode-total	火		rough skin; rough	皮		사:1N	
皸	U+76B8	군	군	N	2015	107	N	9	14	14	unicode-total	火		crack, chap	皮		군:1N	얼어터질 군
皺	U+76BA	추	추	N	2015	107	N	10	15	15	unicode-total	土		wrinkles, creases, folds	皮		추:0N	쭈그러질 추, 추할 추
皿	U+76BF	명	명	N	2015	108	N	0	5	5	unicode-total	土		shallow container; rad. no. 108	皿		명:0N	그릇 명
盂	U+76C2	우	우	N	2015	108	N	3	8	8	unicode-total	金		basin; cup	皿		우:0N	바리 우, 사냥하는 진 우, 밥그릇 우
盃	U+76C3	배	배	N	2015	108	N	4	9	9	unicode-total	水		glass, cup	皿		배:0N	杯의 俗字, 잔 배
盆	U+76C6	분	분	N	2015	108	N	4	9	9	unicode-total	水		basin, tub, pot, bowl	皿		분:0N	동이 분
盈	U+76C8	영	영	N	2015	108	N	4	9	9	unicode-total	水		fill; full, overflowing; surplus	皿		영:0N	가득할 영, 넘칠 영, 물 흐를 영, 찰 영
益	U+76CA	익	익	Y		108	N	5	10	10	unicode-total	水		profit, benefit; advantage; hexagram ䷩	皿		익:0E	더할 익
盌	U+76CC	완	완	N	2015	108	N	5	10	10	unicode-total	水		bowl, basin, cup	皿		완:1N	은 바리 완
盍	U+76CD	합	합	N	2015	108	N	5	10	10	unicode-total	水		what? why not?	皿		합:1N	덮을 합, 합할 합, 어찌 아니할 합
盎	U+76CE	앙	앙	N	2015	108	N	5	10	10	unicode-total	水		cup; pot; bowl; abundant	皿		앙:1N	동이 앙
盒	U+76D2	합	합	N	2015	108	N	6	11	11	unicode-total	木		small box or case; casket	皿		합:0N	소반 뚜껑 합, 합 합
盓	U+76D3	우	우	N	2015	108	N	6	11	11	unicode-total	木			皿		우:N	
盔	U+76D4	회	회	N	2015	108	N	6	11	11	unicode-total	木		helmet; bowl; basin	皿		회:1N	바리 회
盖	U+76D6	개	개	N	2015	108	N	6	11	11	unicode-total	木		cover, hide, protect	皿		개:0N	蓋의 俗字, 뚜껑 개
盙	U+76D9	보	보	N	2015	108	N	7	12	12	unicode-total	木		a basket, square outside and round inside, used to hold boiled grain in State worship	皿		보:1N	簠의 本字
盛	U+76DB	성	성	Y	2015	108	N	7	12	12	unicode-total|kangxi-pos-residual:6>7	木		abundant, flourishing; contain; fill	皿		성:0EN	담을 성, 이룰 성, 정제할 성, 많을 성, 성할 성
盜	U+76DC	도	도	Y		108	N	7	12	12	unicode-total	木		rob, steal; thief, bandit	皿		도:0E	도둑 도
盞	U+76DE	잔	잔	N	2015	108	N	8	13	13	unicode-total	火		small cup or container; classifier for lamps, etc.	皿		잔:0N	작은 술잔 잔
盟	U+76DF	맹	맹	Y		108	N	8	13	13	unicode-total	火		swear; oath, covenant, alliance	皿		맹:0E	맹세할 맹
盡	U+76E1	진	진	Y		108	N	9	14	14	unicode-total	火		exhaust, use up; deplete	皿		진:0E	다할 진
監	U+76E3	감	감	Y		108	N	9	14	14	unicode-total	火		supervise, control, direct	皿		감:0E	거느릴 감, 살필 감, 볼 감, 벼슬 감, 감옥 감
盤	U+76E4	반	반	Y		108	N	10	15	15	unicode-total	土		tray, plate, dish; examine	皿		반:0E	소반 반
盥	U+76E5	관	관	N	2015	108	N	11	16	16	unicode-total	土		wash	皿		관:1N	대야 관
盧	U+76E7	로	노,로	N	2015	108	N	11	16	16	unicode-total	土		cottage, hut; surname; black	皿	노	노:0 로:0N	밥그릇 로 / 밥그릇 노
盪	U+76EA	탕	탕	N	2015	108	N	12	17	17	unicode-total	金		to toss about; to swing; to rock	皿		탕:1N	씻을 탕, 움직일 탕, 진동할 탕, 그릇 부실 탕, 뭍 배질할 탕
盬	U+76EC	고	고	N	2015	108	N	13	18	18	unicode-total	金		salt pit; leisure; pot; drink	皿		고:1N	염지 고
目	U+76EE	목	목	Y		109	N	0	5	5	unicode-total	土		eye; look, see; division, topic; Kangxi radical 109	目		목:0E	눈 목
盱	U+76F1	우	우	N	2015	109	N	3	8	8	unicode-total	金		wide open eyes; to gaze in astonishment	目		우:1N	
盲	U+76F2	맹	맹	Y		109	N	3	8	8	unicode-total	金		blind; unperceptive, shortsighted	目		맹:0E	소경 맹, 눈어두울 맹
直	U+76F4	직	직	Y		109	N	3	8	8	unicode-total	金		straight, erect, vertical	目		직:0E	곧을 직
相	U+76F8	상	상	Y		109	N	4	9	9	unicode-total	水		mutual, reciprocal, each other	目		상:0E	서로 상
盹	U+76F9	순	순	N	2015	109	N	4	9	9	unicode-total	水		to doze; to nap; to nod	目		순:1N	눈 감을 순, 졸 순
盻	U+76FB	혜	혜	N	2015	109	N	4	9	9	unicode-total	水		glare; stare	目		혜:1N	흘겨볼 혜, 돌아볼 혜
盼	U+76FC	반	반	N	2015	109	N	4	9	9	unicode-total	水		look, gaze; expect, hope for	目		반:0N	곁눈질 할 반, 눈자위 반
盾	U+76FE	순	순	N	2015	109	N	4	9	9	unicode-total	水		shield, shield-shaped object; currency sign for Dutch guilder	目		순:0N	방패 순, 벼슬이름 순
盿	U+76FF	민	민	N	2015	109	N	4	9	9	unicode-total	水			目		민:N	
眀	U+7700	명	명	N	2015	109	N	4	9	9	unicode-total	水			目		명:N	
省	U+7701	생,성	생,성	Y	2015	109	N	4	9	9	unicode-total	水		province; save, economize	目		생:0N 성:0E	덜 생, 살필 생 / 살필 성
眂	U+7702	시	시	N	2015	109	N	4	9	9	unicode-total	水			目		시:N	
眄	U+7704	면	면	N	2015	109	N	4	9	9	unicode-total	水		to look askance; looking dull	目		면:0N	애꾸눈 면, 곁눈질할 면
眇	U+7707	묘	묘	N	2015	109	N	4	9	9	unicode-total	水		blind in one eye; minute, minuscule	目		묘:1N	애꾸눈 묘
眈	U+7708	탐	탐	N	2015	109	N	4	9	9	unicode-total	水		gloat, stare at; to delay, to loiter, to hinder	目		탐:0N	노려볼 탐, 즐길 탐
眉	U+7709	미	미	Y		109	N	4	9	9	unicode-total	水		eyebrows; upper margin of book	目		미:0E	눈썹 미, 노인 미
眊	U+770A	모	모	N	2015	109	N	4	9	9	unicode-total	水		dim-sighted; dull, bewildered	目		모:1N	눈 흐릴 모
看	U+770B	간	간	Y		109	N	4	9	9	unicode-total	水		look, see; examine, scrutinize	目		간:0E	볼 간
眎	U+770E	시	시	N	2018	109	N	5	10	10	unicode-total	水		look at, inspect, observe, see	目		시:N	
眐	U+7710	정	정	N	2015	109	N	5	10	10	unicode-total	水			目		정:N	
眚	U+771A	생	생	N	2015	109	N	5	10	10	unicode-total	水		disease of the eyes; crime, fault	目		생:1N	눈에백태낄 생
眛	U+771B	매	매	N	2015	109	N	5	10	10	unicode-total	水		dim, dark, obscure; blind	目		매:1N	어두울 매
眞	U+771E	진	진	Y		109	N	5	10	10	unicode-total	水		real, actual, true, genuine	目		진:0E	참 진
真	U+771F	진	진	N	2015	109	N	5	10	10	unicode-total	水		real, actual, true, genuine	目		진:N	
眠	U+7720	면,민	면,민	Y	2018	109	N	5	10	10	unicode-total	水		close eyes, sleep; hibernate	目		면:0E 민:N	잠잘 면
眥	U+7725	자	자	N	2015	109	N	5	11	11	total-gt-rs-check	木		eye sockets; corner of the eyes	目		자:1N	흘길 자
眦	U+7726	자	자	N	2015	109	N	5	11	11	total-gt-rs-check	木		corner of the eyes, eye sockets	目		자:1N	眥와 同字
眨	U+7728	잡	잡	N	2015	109	N	5	9	10	kangxi-sum	水		wink	目		잡:1N	눈 깜작일 잡
眩	U+7729	현	현	N	2015	109	N	5	10	10	unicode-total	水		to confuse; dizzy, dazed, disoriented	目		현:0N	아찔할 현, 현혹할 현
眴	U+7734	순	순	N	2015	109	N	6	11	11	unicode-total	木		dazzled	目		순:1N	눈짓할 순
眷	U+7737	권	권	N	2015	109	N	6	11	11	unicode-total	木		take interest in, care for	目		권:0N	돌아볼 권
眸	U+7738	모	모	N	2015	109	N	6	11	11	unicode-total	木		pupil of eye; eye	目		모:0N	눈동자 모
眹	U+7739	진	진	N	2015	109	N	6	11	11	unicode-total	木		pupil	目		진:N	
眺	U+773A	조	조	N	2015	109	N	6	11	11	unicode-total	木		look at, gaze at, scan, survey	目		조:0N	바라볼 조, 멀리볼 조
眻	U+773B	양	양	N	2015	109	N	6	11	11	unicode-total	木			目		양:1N	눈 아름다울 양
眼	U+773C	안	안	Y		109	N	6	11	11	unicode-total	木		eye; eyelet, hole, opening	目		안:0E	눈 안
眾	U+773E	중	중	N	2015	109	N	6	11	11	unicode-total	木		masses, people, multitude, crowd	目		중:1N	衆의 本字
着	U+7740	착	착	Y		109	N	7	12	12	unicode-total|multi-rs:123.5=11|multi-rs:109.6=11	木		make move, take action	目		착:0E	붙을 착, 부딪칠 착
睃	U+7743	준	준	N	2015	109	N	7	12	12	unicode-total	木		to see	目		준:N	
睆	U+7746	환	환	N	2015	109	N	7	12	12	unicode-total	木		bright	目		환:1N	가득 차 있는 모양 환
睇	U+7747	제	제	N	2015	109	N	7	12	12	unicode-total	木		look at, glance at; stare at	目		제:1N	흘끗 볼 제
睍	U+774D	현	현	N	2015	109	N	7	12	12	unicode-total	木		to look at fearfully; overly cautious	目		현:0N	물끄러미 볼 현, 고울 현
睒	U+7752	섬	섬	N	2015	109	N	8	13	13	unicode-total	火		to glance at, to peep; glittering; to shine	目		섬:1N	번개빛 섬
睚	U+775A	애	애	N	2015	109	N	8	13	13	unicode-total	火		corner of eye; stare	目		애:1N	눈흘길 애
睛	U+775B	정	정	N	2015	109	N	8	13	13	unicode-total	火		eyeball; pupil of eye	目		정:0N	눈 검은자위 정, 눈동자 정
睟	U+775F	수	수	N	2015	109	N	8	13	13	unicode-total	火		clear-eyed	目		수:1N	똑바로 볼 수, 윤택할 수
睠	U+7760	권	권	N	2015	109	N	8	13	13	unicode-total	火		to care for; love	目		권:1N	眷과 同字
睡	U+7761	수	수	Y		109	N	8	13	13	unicode-total|rs-by-kangxi-pos:109.8|multi-rs:109.9=14	火		sleep, doze	目		수:0E	졸음 수, 잠 수
睢	U+7762	수	수	N	2015	109	N	8	13	13	unicode-total	火		gaze at, stare at; uninhibited	目		수:1N	
督	U+7763	독	독	Y		109	N	8	13	13	unicode-total	火		supervise, oversee, direct	目		독:0E	감독할 독
睥	U+7765	비	비	N	2015	109	N	8	13	13	unicode-total	火		look askance at, glare at	目		비:1N	흘겨볼 비
睦	U+7766	목	목	Y		109	N	8	13	13	unicode-total	火		friendly, amiable, peaceful	目		목:0E	화목할 목
睨	U+7768	예	예	N	2015	109	N	8	13	13	unicode-total	火		look askance at, glare at; squint	目		예:1N	
睫	U+776B	첩	첩	N	2015	109	N	8	13	13	unicode-total	火		eyelashes	目		첩:0N	속눈썹 첩, 속눈섭 첩
睬	U+776C	채	채	N	2015	109	N	8	13	13	unicode-total	火		notice; pay attention to	目		채:N	
睷	U+7777	건	건	N	2015	109	N	9	13	14	kangxi-sum	火			目		건:1N	눈으로 세어볼 건
睹	U+7779	도	도	N	2015	109	N	9	13	14	kangxi-sum	火		look at, gaze at; observe	目		도:0N	볼 도
睽	U+777D	규	규	N	2015	109	N	9	14	14	unicode-total	火		to squint; to stare at; unusual, strange; hexagram ䷥	目		규:1N	어그러질 규
睾	U+777E	고	고	N	2015	109	N	9	14	14	unicode-total	火		testicle	目		고:0N	못 고, 고환 고
睿	U+777F	예	예	N	2015	109	N	9	14	14	unicode-total	火		shrewd, astute, clever, keen	目		예:0N	슬기로울 예, 밝을 예, 통할 예
瞋	U+778B	진	진	N	2015	109	N	10	15	15	unicode-total	土		glare with anger	目		진:0N	부릅뜰 진, 눈부릅뜰 진
瞍	U+778D	수	수	N	2015	109	N	10	14	15	kangxi-sum	土		blind; no pupil in the eye	目		수:1N	소경 수, 장님 수, 판수 수
瞎	U+778E	할	할	N	2015	109	N	10	15	15	unicode-total	土		blind, reckless; rash	目		할:1N	애꾸눈 할
瞑	U+7791	명	명	N	2015	109	N	10	15	15	unicode-total	土		close eyes	目		명:0N	눈 감을 명
瞖	U+7796	예	예	N	2015	109	N	11	16	16	unicode-total	土		a cataract or film over the eye	目		예:1N	눈에 백태 낄 예
瞙	U+7799	막	막	N	2015	109	N	11	15	16	kangxi-sum	土			目		막:1N	눈 흐릴 막
瞞	U+779E	만	만	N	2015	109	N	11	16	16	unicode-total	土		deceive, lie; eyes half-closed	目		만:0N	속일 만, 거슴츠레한 만
瞠	U+77A0	당	당	N	2015	109	N	11	16	16	unicode-total	土		look at, stare at, gaze at	目		당:1N	바로볼 당 / 똑바로 볼 쟁
瞢	U+77A2	몽	몽	N	2015	109	N	11	16	16	unicode-total	土		eyesight obscured; to feel ashamed	目		몽:1N	어두울 몽
瞥	U+77A5	별	별	N	2015	109	N	12	16	17	kangxi-sum	金		take fleeting glance at	目		별:0N	언뜻 볼 별, 눈을 깜짝하는 별
瞪	U+77AA	징	징	N	2015	109	N	12	17	17	unicode-total	金		stare at	目		징:1N	바로 볼 징
瞬	U+77AC	순	순	Y		109	N	12	17	17	unicode-total	金		wink, blink; in a wink, a flash	目		순:0E	눈 깜작일 순, 잠깐 순, 눈을 깜짝이는 순
瞭	U+77AD	료	료	N	2015	109	N	12	17	17	unicode-total	金		bright, clear; clear-sighted	目	요	료:0N	밝을 료, 멀리보는 료
瞮	U+77AE	철	철	N	2015	109	N	12	17	17	unicode-total	金			目		철:N	
瞰	U+77B0	감	감	N	2015	109	N	12	16	17	kangxi-sum	金		watch, spy; overlook; look down	目		감:0N	굽어볼 감, 내려다 볼 감
瞳	U+77B3	동	동	N	2015	109	N	12	17	17	unicode-total	金		pupil of eye	目		동:0N	눈동자 동
瞵	U+77B5	린	린	N	2018	109	N	12	17	17	unicode-total	金		to stare at	目	인	린:N	
瞹	U+77B9	애	애	N	2015	109	N	13	18	18	unicode-total	金		clouded, obscure	目		애:1N	흐릿할 애
瞻	U+77BB	첨	첨	N	2015	109	N	13	18	18	unicode-total	金		look; look out for; respect	目		첨:0N	볼 첨, 쳐다볼 첨
瞼	U+77BC	검	검	N	2015	109	N	13	18	18	unicode-total	金		eyelid	目		검:0N	눈시울 검
瞽	U+77BD	고	고	N	2015	109	N	13	18	18	unicode-total	金		blind; blind musician; stupid	目		고:1N	소경 고
瞿	U+77BF	구	구	N	2015	109	N	13	18	18	unicode-total	金		surname	目		구:0N	놀라서 볼 구, 놀라서 보는 구
矇	U+77C7	몽	몽	N	2015	109	N	14	18	19	kangxi-sum	水		stupid, ignorant; blind	目		몽:1N	소경 몽
矉	U+77C9	빈	빈	N	2015	109	N	14	19	19	unicode-total	水		an angry glare; to open the eyes with anger	目		빈:1N	찡그릴 빈
矍	U+77CD	확	확	N	2015	109	N	15	20	20	unicode-total	水		look about in fright or alarm	目		확:1N	두리번거릴 확
矗	U+77D7	촉	촉	N	2015	109	N	19	24	24	unicode-total	火		straight, upright, erect, lofty	目		촉:0N	곧을 촉, 우뚝 솟을 촉, 우뚝할 촉
矙	U+77D9	감	감	N	2015	109	N	20	24	25	kangxi-sum	土		view	目		감:1N	
矚	U+77DA	촉	촉	N	2015	109	N	21	26	26	unicode-total	土		watch carefully, stare at, focus on	目		촉:1N	볼 촉
矛	U+77DB	모	모	N	2015	110	N	0	5	5	unicode-total	土		spear, lance; Kangxi radical 110	矛		모:0N	창 모, 세모진창 모
矜	U+77DC	긍	긍	N	2015	110	N	4	9	9	unicode-total	水		pity, feel sorry for, show sympathy	矛		긍:0N	불쌍히 여길 긍, 자랑할 긍
矞	U+77DE	율	율	N	2015	110	N	7	12	12	unicode-total	木		bore with awl; bright, charming	矛		율:1N	송곳질할 율, 상서구름 율, 궤휼할 율, 귀신이름 율
矡	U+77E1	확	확	N	2015	110	N	20	25	25	unicode-total	土			矛		확:1N	
矢	U+77E2	시	시	Y		111	N	0	5	5	unicode-total	土		arrow, dart; vow, swear	矢		시:0E	살 시, 소리살 시, 곧을 시, 베풀 시, 똥 시, 화살 시
矣	U+77E3	의	의	Y		111	N	2	7	7	unicode-total	金		particle of completed action	矢		의:0E	말 그칠 의, 어조사 의
知	U+77E5	지	지	Y		111	N	3	8	8	unicode-total	金		know, perceive, comprehend	矢		지:0E	알 지
矦	U+77E6	후	후	N	2018	111	N	4	9	9	unicode-total	水			矢		후:N	
矧	U+77E7	신	신	N	2015	111	N	4	9	9	unicode-total	水		much more, still more; the gums	矢		신:1N	하물며 신, 잇속 드러날 신
矩	U+77E9	구	구	N	2015	111	N	5	10	10	unicode-total	水		carpenter's square, ruler, rule	矢		구:0N	곡척 구
短	U+77ED	단	단	Y		111	N	7	12	12	unicode-total	木		short; brief; deficient, lacking	矢		단:0E	짧을 단
矮	U+77EE	왜	왜	N	2015	111	N	8	13	13	unicode-total	火		short, dwarf; low	矢		왜:0N	난장이 왜
矯	U+77EF	교	교	Y		111	N	12	17	17	unicode-total	金		correct, rectify, straighten out	矢		교:0E	바로잡을 교
矰	U+77F0	증	증	N	2015	111	N	12	17	17	unicode-total	金		arrow with attached silk cord	矢		증:1N	주살 증
石	U+77F3	석	석	Y		112	N	0	5	5	unicode-total	土	土/金	stone, rock, mineral; Kangxi radical 112	石		석:0E	돌 석
矸	U+77F8	간,안	간,안	N	2015	112	N	3	8	8	unicode-total	金	土/金	a rock or cliff	石		간:N 안:N	
矺	U+77FA	탁	탁	N	2015	112	N	3	8	8	unicode-total	金	土/金	(Cant.) to press steadily	石		탁:1N	나무이름 탁
矼	U+77FC	강	강	N	2015	112	N	3	8	8	unicode-total	金	土/金	stone bridge; stepping stones	石		강:1N	돌다리 강, 징검다리 강, 성실할 강
矽	U+77FD	석	석	N	2015	112	N	3	8	8	unicode-total	金	土/金	(obsolete form of 硅)	石		석:1N	석비레 석
砂	U+7802	사	사	N	2015	112	N	4	9	9	unicode-total	水	土/金	sand; pebbles, gravel; gritty	石		사:0N	모래 사
砇	U+7807	민	민	N	2015	112	N	4	9	9	unicode-total	水	土/金	a stone resembling jade, alabaster	石		민:N	
砌	U+780C	체	체	N	2015	112	N	4	9	9	unicode-total	水	土/金	to build, pile up; stone steps, brick walk	石		체:1N	섬돌 체
砏	U+780F	분	분	N	2015	112	N	4	9	9	unicode-total	水	土/金		石		분:1N	큰 소리 분
砑	U+7811	아	아	N	2015	112	N	4	9	9	unicode-total	水	土/金	to grind, to calender, to polish; to roll with a stone roller	石		아:1N	갈 아
砒	U+7812	비	비	N	2015	112	N	4	9	9	unicode-total	水	土/金	(obsolete form of 砒); white arsenic, arsenic trioxide	石		비:0N	비상 비
砢	U+7822	라	라	N	2015	112	N	5	10	10	unicode-total	水	土/金	pile of stones	石	나	라:1N	
砥	U+7825	지	지	N	2015	112	N	5	10	10	unicode-total	水	土/金	a whetstone; to polish	石		지:0N	숫돌 지
砦	U+7826	채	채	N	2015	112	N	5	11	11	total-gt-rs-check	木	土/金	stockade, fort, military outpost; brothel	石		채:0N	울타리 채, 울타리칠 채
砧	U+7827	침	침	N	2015	112	N	5	10	10	unicode-total	水	土/金	anvil; flat stone	石		침:0N	방칫돌 침, 다듬잇돌 침
砬	U+782C	립	립	N	2015	112	N	5	10	10	unicode-total	水	土/金	big stone	石	입	립:0N	돌 소리 립
砭	U+782D	폄	폄	N	2015	112	N	5	9	10	kangxi-sum	水	土/金	stone probe; pierce; counsel	石		폄:1N	돌침 폄
砰	U+7830	팽	팽	N	2015	112	N	5	10	10	unicode-total	水	土/金	sound of crashing stones, bang!	石		팽:1N	여울 물소리 팽
砲	U+7832	포	포	N	2015	112	N	5	10	10	unicode-total	水	土/金	gun, cannon	石		포:0N	큰 대포 포, 돌쇠뇌 포, 돌 튀기는 화살 포
破	U+7834	파	파	Y		112	N	5	10	10	unicode-total	水	土/金	break, ruin, destroy; rout	石		파:0E	깨뜨릴 파, 다할 파, 갈라질 파
硃	U+7843	주	주	N	2015	112	N	6	11	11	unicode-total	木	土/金	a red mole; cinnabar	石		주:1N	주사 주
硄	U+7844	광	광	N	2018	112	N	6	11	11	unicode-total	木	土/金		石		광:N	
硅	U+7845	규	규	N	2015	112	N	6	11	11	unicode-total	木	土/金	silicon (element 14, Si)	石		규:0N	유리만드는 흙 규, 규소 규
硏	U+784F	연	연	Y		112	N	6	11	11	unicode-total	木	土/金	grind	石		연:0E	연마할 연, 갈 연
硜	U+785C	갱	갱	N	2015	112	N	7	12	12	unicode-total	木	土/金	the sound of stones knocking together	石		갱:1N	아릿아릿할 갱, 알랑알랑할 갱, 돌소리 갱
硝	U+785D	초	초	N	2015	112	N	7	12	12	unicode-total	木	土/金	saltpeter, niter; to tan	石		초:0N	초석 초
硠	U+7860	랑	랑	N	2015	112	N	7	12	12	unicode-total	木	土/金		石	낭	랑:1N	돌 부딪는 소라 랑
硧	U+7867	용	용	N	2015	112	N	7	12	12	unicode-total	木	土/金	a grindstone; (same as 硐) a cave, cavern	石		용:1N	
硨	U+7868	차	차	N	2015	112	N	7	12	12	unicode-total	木	土/金	giant clam, Tridacna gigas	石		차:1N	조개 이름 차
硪	U+786A	아	아	N	2015	112	N	7	12	12	unicode-total	木	土/金	a tool for making rammed earth; lofty	石		아:N	
硫	U+786B	류	류,유	N	2015	112	N	7	12	12	unicode-total	木	土/金	sulfur (element 16, S)	石	유	류:0N 유:0	유황 류 / 석류황 류, 유황 류
硬	U+786C	경	경	Y		112	N	7	12	12	unicode-total	木	土/金	hard, firm, strong; obstinate	石		경:0E	굳을 경, 단단할 경
确	U+786E	학	학	N	2015	112	N	7	12	12	unicode-total	木	土/金	sure, certain; real, true	石		학:1N	확실할 학
硯	U+786F	연	연	N	2015	112	N	7	12	12	unicode-total	木	土/金	inkstone	石		연:0N	벼루 연, 돌 연
硼	U+787C	붕	붕	N	2015	112	N	8	13	13	unicode-total	火	土/金	borax, boron	石		붕:0N	붕산 붕, 약이름 붕
碁	U+7881	기	기	N	2015	112	N	8	13	13	unicode-total	火	土/金	chess; any game similar to chess	石		기:0N	棋와 同字, 바둑 기
碄	U+7884	림	림	N	2015	112	N	8	13	13	unicode-total	火	土/金		石	임	림:N	
碇	U+7887	정	정	N	2015	112	N	8	13	13	unicode-total	火	土/金	anchor	石		정:0N	닻돌 정, 배 멈출 정
碌	U+788C	록	녹,록	N	2015	112	N	8	13	13	unicode-total	火	土/金	rough, uneven, rocky; mediocre	石	녹	녹:0 록:0N	돌 모양 록 / 푸른 빛 녹, 돌모양 녹
碍	U+788D	애	애	N	2015	112	N	8	13	13	unicode-total	火	土/金	obstruct, hinder, block, deter	石		애:0N	礙의 俗字, 그칠 애
碎	U+788E	쇄	쇄	N	2015	112	N	8	13	13	unicode-total	火	土/金	break, smash; broken, busted	石		쇄:0N	부술 쇄, 잘 쇄
碏	U+788F	작	작	N	2015	112	N	8	13	13	unicode-total	火	土/金	coloured	石		작:1N	삼갈 작
碑	U+7891	비	비	Y		112	N	8	13	13	unicode-total	火	土/金	stone tablet; gravestone	石		비:0E	돌기둥 비, 비석 비
碓	U+7893	대	대	N	2015	112	N	8	13	13	unicode-total	火	土/金	pestle	石		대:1N	방아 대
碗	U+7897	완	완	N	2015	112	N	8	13	13	unicode-total	火	土/金	bowl, small dish	石		완:0N	그릇 완, 주발 완
碟	U+789F	설	설	N	2015	112	N	9	14	14	unicode-total	火	土/金	small dish, plate	石		설:1N	가죽다룰 설
碣	U+78A3	갈	갈	N	2015	112	N	9	14	14	unicode-total	火	土/金	stone tablet	石		갈:0N	비 갈, 우뚝선 돌 갈, 동해의 산이름 갈
碤	U+78A4	영	영	N	2015	112	N	9	13	14	kangxi-sum	火	土/金		石		영:1N	물 속 돌 영
碧	U+78A7	벽	벽	Y		112	N	9	14	14	unicode-total	火	土/金	jade; green, blue	石		벽:0E	푸를 벽
碨	U+78A8	외	외	N	2015	112	N	9	14	14	unicode-total	火	土/金	millstone	石		외:1N	돌 자갈 땅 외, 바위 옹두라지 외
碩	U+78A9	석	석	N	2015	112	N	9	14	14	unicode-total	火	土/金	great, eminent; large, big	石		석:0N	클 석
碬	U+78AC	하	하	N	2015	112	N	9	14	14	unicode-total	火	土/金	whetstone	石		하:N	
碭	U+78AD	탕	탕	N	2015	112	N	9	14	14	unicode-total	火	土/金	brilliantly colored stone with veined patterns in it	石		탕:1N	무늬진 돌 탕, 흰 기운 탕, 넘칠 탕, 산이름 탕
確	U+78BA	확	확	Y		112	N	10	15	15	unicode-total	土	土/金	sure, certain; real, true	石		확:0E	굳을 확, 확실할 확
碻	U+78BB	확	확	N	2015	112	N	10	15	15	unicode-total	土	土/金	solid	石		확:0N	굳을 확, 확실할 확
碼	U+78BC	마	마	N	2015	112	N	10	15	15	unicode-total	土	土/金	number, numerals; yard; symbol	石		마:0N	마노 마, 옥돌 마
碾	U+78BE	년	년	N	2015	112	N	10	15	15	unicode-total	土	土/金	roller, crush; roll	石	연	년:1N	맷돌 년
磁	U+78C1	자	자	N	2015	112	N	10	14	15	kangxi-sum|kangxi-pos-residual:9>10	土	土/金	magnetic; magnetism; porcelain	石		자:0N	자석 자
磅	U+78C5	방	방	N	2015	112	N	10	15	15	unicode-total	土	土/金	pound; weigh	石		방:0N	돌 떨어지는 소리 방
磈	U+78C8	외	외	N	2015	112	N	10	14	15	kangxi-sum	土	土/金	an uneven rock	石		외:1N	돌 사닥다리 외
磊	U+78CA	뢰	뇌,뢰	N	2015	112	N	10	15	15	unicode-total	土	土/金	pile of rocks or stones; great	石	뇌	뇌:0 뢰:0N	돌무더기 뢰 / 돌이 많이 쌓인 모양 뇌, 돌무더기 뇌
磋	U+78CB	차	차	N	2015	112	N	10	14	15	kangxi-sum	土	土/金	polish, buff; scrutinize	石		차:0N	윤낼 차, 갈 차
磎	U+78CE	계	계	N	2015	112	N	10	15	15	unicode-total	土	土/金	mountain stream, creek	石		계:0N	谿와 同字, 시냇물 계
磏	U+78CF	렴	렴	N	2015	112	N	10	15	15	unicode-total	土	土/金		石	염	렴:1N	거친 숫돌 렴
磐	U+78D0	반	반	N	2015	112	N	10	15	15	unicode-total	土	土/金	large rock, boulder; firm	石		반:0N	넓을 반, 반석 반
磑	U+78D1	애	애	N	2015	112	N	10	15	15	unicode-total	土	土/金	stone mill; grind; break apart	石		애:1N	맷돌 애
磔	U+78D4	책	책	N	2015	112	N	10	15	15	unicode-total	土	土/金	to dismember, tear apart; downward stroke slanting right	石		책:1N	찢을 책
磕	U+78D5	개	개	N	2015	112	N	10	15	15	unicode-total	土	土/金	hit; collide, knock into; sound	石		개:1N	돌 부딪는 소리 개
磚	U+78DA	전	전	N	2015	112	N	11	16	16	unicode-total	土	土/金	tile, brick	石		전:1N	벽돌 전, 기와 전
磧	U+78E7	적	적	N	2015	112	N	11	16	16	unicode-total	土	土/金	sand and gravel; rocks exposed at low tide; to crush	石		적:1N	돌무더기 적, 모래벌 적
磨	U+78E8	마	마	Y		112	N	11	16	16	unicode-total	土	土/金	grind; polish; rub; wear out; a millstone	石		마:0E	갈 마
磪	U+78EA	최	최	N	2015	112	N	11	16	16	unicode-total	土	土/金	a high mountain; precipitous	石		최:1N	험하고 높을 최
磬	U+78EC	경	경	N	2015	112	N	11	16	16	unicode-total	土	土/金	musical instrument; musical stone	石		경:0N	경쇠 경
磯	U+78EF	기	기	N	2015	112	N	12	17	17	unicode-total	金	土/金	jetty; submerged rock; eddy	石		기:0N	물가 기, 물속자갈 기
磴	U+78F4	등	등	N	2015	112	N	12	17	17	unicode-total	金	土/金	steps on ledge, cliff, or hill	石		등:1N	돌 비탈길 등, 돌다리 등
磵	U+78F5	간	간	N	2015	112	N	12	17	17	unicode-total	金	土/金	brook, mountain stream	石		간:0N	산골 시내 간, 석간수 간, 산골물 간
磶	U+78F6	석	석	N	2018	112	N	12	17	17	unicode-total	金	土/金		石		석:N	
磷	U+78F7	린	린	N	2015	112	N	12	17	17	unicode-total	金	土/金	phosphorus (element 15, P)	石	인	린:1N	돌 을 틈물이 흐르는 모양 린
磺	U+78FA	광	광	N	2015	112	N	12	16	17	kangxi-sum	金	土/金	sulphur; brimstone	石		광:1N	쇳돌 광
磻	U+78FB	반,번	반,번	N	2015	112	N	12	17	17	unicode-total	金	土/金	a tributary of the Wei river in Shanxi	石		반:0N 번:0N	강이름 반, 반계 반 / 강이름 번
磼	U+78FC	잡	잡	N	2015	112	N	12	17	17	unicode-total	金	土/金		石		잡:1N	산 높을 잡
磽	U+78FD	교	교	N	2015	112	N	12	17	17	unicode-total	金	土/金	barren land; sandy soil	石		교:1N	메마른 땅 교
礁	U+7901	초	초	N	2015	112	N	12	17	17	unicode-total	金	土/金	reef; jetty; submerged rocks	石		초:0N	암초 초
礌	U+790C	뢰	뢰	N	2015	112	N	13	18	18	unicode-total	金	土/金	roll a stone downhill	石	뇌	뢰:1N	돌 굴러내릴 뢰
礎	U+790E	초	초	Y		112	N	13	18	18	unicode-total	金	土/金	foundation stone, plinth	石		초:0E	주춧돌 초
礏	U+790F	급	급	N	2015	112	N	13	18	18	unicode-total	金	土/金		石		급:1N	산 높은 모양 급
礑	U+7911	당	당	N	2015	112	N	13	18	18	unicode-total	金	土/金		石		당:1N	밑바닥 당
礒	U+7912	의	의	N	2015	112	N	13	18	18	unicode-total	金	土/金		石		의:1N	바위 의
礖	U+7916	여	여	N	2015	112	N	13	18	18	unicode-total|kangxi-pos:112.14-15	金	土/金		石		여:0N	여돌 여, 섞인돌 여
礙	U+7919	애	애	N	2015	112	N	14	19	19	unicode-total	水	土/金	obstruct, hinder, block, deter	石		애:1N	막을 애
礧	U+7927	뢰	뢰	N	2015	112	N	15	20	20	unicode-total	水	土/金	name of a place in Shanxi province	石	뇌	뢰:1N	바위너설 뢰
礪	U+792A	려	려,여	N	2015	112	N	15	19	20	kangxi-sum	水	土/金	whetstone; sharpen	石	여	려:0N 여:0	거친 숫돌 려 / 돌 단단할 려, 숫돌 여
礫	U+792B	력	력	N	2015	112	N	15	20	20	unicode-total	水	土/金	gravel, pebbles, potsherds	石	역	력:0N	조약돌 력
礬	U+792C	반	반	N	2015	112	N	15	20	20	unicode-total	水	土/金	alum	石		반:0N	백반 반
礭	U+792D	확	확	N	2015	112	N	16	21	21	unicode-total	木	土/金		石		확:1N	
礱	U+7931	롱	롱	N	2015	112	N	16	21	21	unicode-total	木	土/金	grind, sharpen; mill	石	농	롱:1N	갈 롱
示	U+793A	시	시	Y		113	N	0	5	5	unicode-total	土		show, manifest; demonstrate; Kangxi radical 113	示		시:0E	보일 시, 바칠 시, 가르칠 시
礼	U+793C	례	례	N	2015	113	N	1	6	6	unicode-total	土		social custom; manners; courtesy; rites	示	예	례:N	
社	U+793E	사	사	Y		113	N	3	8	8	unicode-total	金		god of the soil and altars to him; group of families; company, society	示		사:0E	토지의 신 사, 모일 사
祀	U+7940	사	사	Y		113	N	3	7	8	radical-full	金		to sacrifice, worship	示		사:0E	제사 사
祁	U+7941	기	기	N	2015	113	N	3	6	8	radical-full|component-kangxi-diff	金		pray; numerous, ample, abundant	示		기:0N	성할 기, 성하게 기
祄	U+7944	해	해	N	2015	113	N	4	8	9	radical-full	水			示		해:N	
祅	U+7945	요	요	N	2015	113	N	4	8	9	radical-full	水		calamities, disasters; Ormazda	示		요:1N	재앙 요
祆	U+7946	천	천	N	2015	113	N	4	8	9	radical-full	水		Ormazda, god of the Zoroastrians; extended to god of the Manicheans	示		천:1N	하늘 천
祇	U+7947	기	기	N	2015	113	N	4	8	9	radical-full	水		the spirit of the earth; (same as 只) only, merely, but	示		기:0N	토지의 신 기, 편안할 기 / 마침 지
祈	U+7948	기	기	Y		113	N	4	9	9	unicode-total	水		pray; entreat, beseech	示		기:0E	빌 기, 기도할 기
祉	U+7949	지	지	N	2015	113	N	4	8	9	radical-full	水		happiness, blessings, good luck	示		지:0N	복 지
祊	U+794A	팽	팽	N	2015	113	N	4	8	9	radical-full	水		river in Shāndōng; space inside	示		팽:1N	사당문 제사 팽
祐	U+7950	우	우	N	2015	113	N	5	9	10	radical-full	水		divine intervention, protection	示		우:0N	도울 우, 다행할 우
祓	U+7953	불	불	N	2015	113	N	5	9	10	radical-full	水		exorcise, remove evil; clean	示		불:1N	푸닥거리할 불
祔	U+7954	부	부	N	2015	113	N	5	9	10	radical-full	水		worship one's ancestors; entomb	示		부:1N	합사할 부
祕	U+7955	비	비	Y		113	N	5	9	10	radical-full	水		mysterious, secret, abstruse	示		비:1E	귀신 비, 비밀 비
祖	U+7956	조	조	Y		113	N	5	10	10	unicode-total	水		ancestor, forefather; grandfather	示		조:0E	조상 조, 할아버지 조
祗	U+7957	지	지	N	2015	113	N	5	9	10	radical-full	水		respect, look up to, revere	示		지:0N	공경할 지
祘	U+7958	산	산	N	2015	113	N	5	10	10	unicode-total	水		to calculate	示		산:N	
祚	U+795A	조	조	N	2015	113	N	5	9	10	radical-full	水		throne; bless; blessing, happiness	示		조:0N	복 조
祛	U+795B	거	거	N	2015	113	N	5	9	10	radical-full	水		expel, disperse, exorcise	示		거:0N	물리칠 거, 빌 거, 굳셀 거
祜	U+795C	호	호	N	2015	113	N	5	9	10	radical-full	水		blessing, happiness, prosperity	示		호:0N	복 호
祝	U+795D	축	축	Y		113	N	5	10	10	unicode-total	水		pray for happiness or blessings	示		축:0E	빌 축, 끊을 축, 비로소 축
神	U+795E	신	신	Y		113	N	5	10	10	unicode-total	水		spirit, god, supernatural being	示		신:0E	천신 신, 영검할 신, 신명 신, 정신 신, 귀신 신
祟	U+795F	수	수	N	2015	113	N	5	10	10	unicode-total	水		evil spirit; evil influence	示		수:1N	빌미 수
祠	U+7960	사	사	N	2015	113	N	5	9	10	radical-full	水		ancestral temple; offer sacrifice	示		사:0N	사당 사, 봄제사 사
祢	U+7962	니	니	N	2015	113	N	5	9	10	radical-full	水		one's deceased father; used as a synonym for 你 when referring to deity	示	이	니:1N	
祥	U+7965	상	상	Y		113	N	6	11	11	unicode-total	木		good luck, good omen; happiness	示		상:0E	상서로울 상
祧	U+7967	조	조	N	2015	113	N	6	10	11	radical-full	木		an ancestral hall	示		조:1N	조묘 조
票	U+7968	표	표	Y		113	N	6	11	11	unicode-total	木		slip of paper or bamboo; ticket	示		표:0E	쪽지 표, 문서 표, 불날릴 표, 훌쩍 날 표, 날랠 표
祭	U+796D	제	제	Y		113	N	6	11	11	unicode-total	木		sacrifice to, worship	示		제:0E	제사 제
祹	U+7979	도	도	N	2015	113	N	8	12	13	radical-full	火			示		도:N	
祺	U+797A	기	기	N	2015	113	N	8	12	13	radical-full	火		good luck, good fortune	示		기:0N	복 기, 길할 기
祼	U+797C	관	관	N	2015	113	N	8	12	13	radical-full	火		libation	示		관:1N	강신제 관
祿	U+797F	록	녹,록	Y		113	N	8	13	13	unicode-total	火		blessing, happiness, prosperity	示	녹	녹:0 록:0E	복 록 / 행복 녹
禁	U+7981	금	금	Y		113	N	8	13	13	unicode-total	火		restrict, prohibit, forbid	示		금:0E	금할 금
禊	U+798A	계	계	N	2015	113	N	9	13	14	radical-full	火		semi-annual ceremony of purification	示		계:1N	계제 계
禋	U+798B	인	인	N	2015	113	N	9	13	14	radical-full	火		offer sacrifice; sacrifice	示		인:1N	제사지낼 인
禍	U+798D	화	화	Y		113	N	9	12	14	radical-full|component-kangxi-diff	火		misfortune, calamity, disaster	示		화:0E	재화 화
禎	U+798E	정	정	N	2015	113	N	9	13	14	radical-full	火		lucky, auspicious, good omen	示		정:0N	상서로울 정
福	U+798F	복	복	Y		113	N	9	14	14	unicode-total	火		happiness, good fortune, blessing	示		복:0E	복 복
禑	U+7991	우	우	N	2015	113	N	9	13	14	radical-full	火		happy; used in historical names	示		우:0N	복
禔	U+7994	시,제,지	시,제,지	N	2015	113	N	9	13	14	radical-full	火		happiness; peace; good fortune	示		시:N 제:1N 지:N	복 시, 편안할 시 / 복 제
禛	U+799B	진	진	N	2015	113	N	10	14	15	radical-full	土		to receive blessings in a sincere spirit	示		진:N	
禝	U+799D	직	직	N	2015	113	N	10	14	15	radical-full	土			示		직:1N	사람 이름 직
禠	U+79A0	사	사	N	2018	113	N	10	14	15	radical-full	土		happy	示		사:N	
禦	U+79A6	어	어	N	2015	113	N	11	17	16	override	土		defend, resist, hold out against	示		어:0N	막을 어, 그칠 어
禧	U+79A7	희	희	N	2015	113	N	12	16	17	radical-full	金		happiness; congratulations	示		희:0N	복 희
禨	U+79A8	기	기	N	2015	113	N	12	16	17	radical-full	金		pray for good fortune	示		기:1N	조짐 기
禪	U+79AA	선	선	Y		113	N	12	16	17	radical-full	金		meditation, contemplation (dhyana); to level ground for altar; abdicate	示		선:0E	봉선 선, 전위할 선
禫	U+79AB	담	담	N	2015	113	N	12	16	17	radical-full	金		sacrifice offered at the end of the three years' mourning the death of a parent	示		담:1N	담제 담
禮	U+79AE	례	례,예	Y		113	N	13	18	18	unicode-total	金		social custom; manners; courtesy; rites	示	예	례:0E 예:0	예도 례 / 예도 례, 인사 례
禰	U+79B0	니	니	N	2015	113	N	14	18	19	radical-full	水		one's deceased father	示	이	니:1N	
禱	U+79B1	도	도	N	2015	113	N	14	18	19	radical-full	水		pray; entreat, beg, plead; prayer	示		도:0N	빌 도
禳	U+79B3	양	양	N	2015	113	N	17	21	22	radical-full	木		pray or sacrifice, exorcise	示		양:0N	푸닥거리할 양, 기도할 양
禴	U+79B4	약	약	N	2015	113	N	17	21	22	radical-full	木		sacrifice	示		약:1N	종묘의 여름제사 약
禹	U+79B9	우	우	N	2015	114	N	4	9	9	unicode-total	水		legendary hsia dynasty founder	禸		우:0N	하우씨 우, 성씨 우, 느릴 우
禺	U+79BA	옹	옹	N	2015	114	N	4	9	9	unicode-total	水		district; mountain in Zhejiang	禸		옹:1N	땅 이름 옹
离	U+79BB	리	리	N	2015	114	N	6	11	11	unicode-total|multi-rs:8.8=10	木		rare beast; strange; elegant	禸	이	리:1N	산신 리
禼	U+79BC	설	설	N	2015	114	N	7	11	12	kangxi-sum	木		used in personal names	禸		설:N	
禽	U+79BD	금	금	Y		114	N	8	13	13	unicode-total	火		birds, fowl; surname; capture	禸		금:0E	날짐승 금, 새 금
禾	U+79BE	화	화	Y		115	N	0	5	5	unicode-total	土	木	grain still on stalk; rice plant	禾		화:0E	벼 화
禿	U+79BF	독	독	N	2015	115	N	2	7	7	unicode-total	金	木	bald, bare, stripped	禾		독:0N	대머리 독, 벗어진 독
秀	U+79C0	수	수	Y		115	N	2	7	7	unicode-total	金	木	ear of grain; flowering, luxuriant; refined, elegant, graceful	禾		수:0E	빼어날 수, 이삭 수, 벼 패일 수, 아름다울 수
私	U+79C1	사	사	Y		115	N	2	7	7	unicode-total	金	木	private, personal; secret	禾		사:0E	사사 사
秄	U+79C4	자	자	N	2015	115	N	3	8	8	unicode-total	金	木	to hoe	禾		자:N	
秆	U+79C6	간	간	N	2015	115	N	3	8	8	unicode-total	金	木	straw; stalk of grain	禾		간:1N	稈과 同字
秈	U+79C8	선	선	N	2018	115	N	3	8	8	unicode-total	金	木	non-glutinous long grain rice	禾		선:N	
秉	U+79C9	병	병	N	2015	115	N	3	8	8	unicode-total	金	木	grasp, hold; bundle; authority	禾		병:0N	잡을 병
秊	U+79CA	년	년,연	N	2015	115	N	3	8	8	unicode-total	金	木	year; new-years; person's age	禾	연	년:0N 연:0	年의 本字, 해 년 / 年의 本字, 해 연
秋	U+79CB	추	추	Y		115	N	4	9	9	unicode-total	水	木	autumn, fall; year	禾		추:0E	가을 추, 세월 추, 때 추, 말이 뛰놀 추, 성씨 추
科	U+79D1	과	과	Y		115	N	4	9	9	unicode-total	水	木	section, department, science	禾		과:0E	과정 과, 과거 과
秒	U+79D2	초	초	Y		115	N	4	9	9	unicode-total	水	木	beard of grain or corn; a second	禾		초:0E	시간 단위 초 / 까끄라기 묘
秕	U+79D5	비	비	N	2015	115	N	4	9	9	unicode-total	水	木	empty grain or rice husk, chaff	禾		비:0N	쭉정이 비
秘	U+79D8	비	비	N	2015	115	N	5	10	10	unicode-total	水	木	secret, mysterious, abstruse	禾		비:0N	숨길 비, 비밀할 비
秞	U+79DE	유	유	N	2015	115	N	5	10	10	unicode-total	水	木		禾		유:N	
租	U+79DF	조	조	Y		115	N	5	10	10	unicode-total	水	木	rent, lease; rental; tax	禾		조:0E	구실 조, 부세 조
秢	U+79E2	령	령	N	2015	115	N	5	10	10	unicode-total	水	木		禾	영	령:1N	벼 처음 익을 령
秣	U+79E3	말	말	N	2015	115	N	5	10	10	unicode-total	水	木	fodder, horse feed; feed horse	禾		말:1N	꼴 말
秤	U+79E4	칭	칭	N	2015	115	N	5	10	10	unicode-total	水	木	balance, scale, steelyard	禾		칭:0N	저울 칭, 백 근 칭
秦	U+79E6	진	진	N	2015	115	N	5	10	10	unicode-total	水	木	feudal state of Qin; the Qin dynasty (from which the name 'China' comes)	禾		진:0N	벼 이름 진, 진나라 진
秧	U+79E7	앙	앙	N	2015	115	N	5	10	10	unicode-total	水	木	rice seedlings, young rice plants	禾		앙:0N	모 앙
秩	U+79E9	질	질	Y		115	N	5	10	10	unicode-total	水	木	order; orderly; salary; decade	禾		질:0E	차례 질
秪	U+79EA	지	지	N	2015	115	N	5	10	10	unicode-total	水	木	only, merely	禾		지:1N	벼 처음 익을 지
秫	U+79EB	출	출	N	2015	115	N	5	10	10	unicode-total	水	木	glutinous variety of millet	禾		출:1N	차조 출
秬	U+79EC	거	거	N	2015	115	N	5	9	10	kangxi-sum	水	木	black millet	禾		거:1N	검은 기장 거
秵	U+79F5	인	인	N	2015	115	N	6	11	11	unicode-total	木	木		禾		인:N	
秸	U+79F8	갈	갈	N	2015	115	N	6	11	11	unicode-total	木	木	stalks of millet, corn	禾		갈:1N	볏짚 갈, 짚 고갱이 갈
移	U+79FB	이	이	Y		115	N	6	11	11	unicode-total	木	木	change place, shift; move about	禾		이:0E	옮길 이, 모낼 이, 변할 이
稀	U+7A00	희	희	Y		115	N	7	12	12	unicode-total	木	木	rare, unusual, scarce; sparse	禾		희:0E	드물 희
稁	U+7A01	고	고	N	2015	115	N	7	12	12	unicode-total	木	木		禾		고:1N	稿와 同字
稂	U+7A02	랑	랑	N	2015	115	N	7	12	12	unicode-total	木	木	grass; weeds	禾	낭	랑:1N	강아지 풀 랑
稅	U+7A05	세	세	Y		115	N	7	12	12	unicode-total	木	木	taxes, revenue, duty; tax	禾		세:0E	구실 세, 거둘 세, 놓을 세, 쉴 세, 세금 세
稈	U+7A08	간	간	N	2015	115	N	7	12	12	unicode-total	木	木	stalk of grain; straw	禾		간:0N	짚 간, 볏짚 간
稊	U+7A0A	제	제	N	2015	115	N	7	12	12	unicode-total	木	木	darnels, tares	禾		제:1N	강아지풀 제
程	U+7A0B	정	정	Y		115	N	7	12	12	unicode-total	木	木	journey, trip; schedule, agenda	禾		정:0E	법 정, 한정 정, 과정 정, 품수 정, 헤아릴 정, 길 정
稌	U+7A0C	도	도	N	2015	115	N	7	12	12	unicode-total	木	木	glutinous rice	禾		도:1N	찰벼 도
稍	U+7A0D	초	초	N	2015	115	N	7	12	12	unicode-total	木	木	little, slightly; rather	禾		초:0N	벼 줄기 끝 초, 점점 초
稔	U+7A14	임	임	N	2015	115	N	8	13	13	unicode-total	火	木	ripe grain; harvest; to know, be familiar with	禾		임:0N	곡식익을 임
稗	U+7A17	패	패	N	2015	115	N	8	13	13	unicode-total	火	木	darnels, weeds, tares small	禾		패:0N	돌피 패, 조그마할 패
稘	U+7A18	기	기	N	2015	115	N	8	13	13	unicode-total	火	木	a full year, an anniversary	禾		기:N	
稙	U+7A19	직	직	N	2015	115	N	8	13	13	unicode-total	火	木	grain ready for grinding	禾		직:0N	올벼 직
稚	U+7A1A	치	치	N	2015	115	N	8	13	13	unicode-total	火	木	young, immature; childhood	禾		치:0N	어린 벼 치, 어릴 치, 늦을 치
稜	U+7A1C	릉	능,릉	N	2015	115	N	8	13	13	unicode-total	火	木	corner, edge, angle; square block	禾	능	능:0 릉:0N	모 릉 / 모질 능
稞	U+7A1E	과	과	N	2015	115	N	8	13	13	unicode-total	火	木	grain ready for grinding; grain	禾		과:1N	보리 과
稟	U+7A1F	품	품	N	2015	115	N	8	13	13	unicode-total	火	木	report to, petition	禾		품:0N	여쭐 품, 줄 품, 받을 품, 성품 품, 품할 품
稠	U+7A20	조	조	N	2015	115	N	8	13	13	unicode-total	火	木	dense, crowded, packed; soupy	禾		조:0N	빽빽할 조, 조밀할 조 / 빽빽할 주
稢	U+7A22	욱	욱	N	2015	115	N	8	13	13	unicode-total	火	木		禾		욱:N	
稧	U+7A27	설	설	N	2015	115	N	9	14	14	unicode-total	火	木		禾		설:1N	
種	U+7A2E	종	종	Y		115	N	9	14	14	unicode-total	火	木	seed; race; offspring; to plant	禾		종:0E	씨 종, 종류 종
稰	U+7A30	서	서	N	2015	115	N	9	14	14	unicode-total	火	木		禾		서:N	
稱	U+7A31	칭	칭	Y		115	N	9	14	14	unicode-total	火	木	call; name, brand; address; say	禾		칭:0E	저울질할 칭, 일컬을 칭, 헤아릴 칭, 같을 칭
稳	U+7A33	온	온	N	2015	115	N	9	14	14	unicode-total	火	木	stable, firm, solid, steady	禾		온:N	
稶	U+7A36	욱	욱	N	2015	115	N	10	15	15	unicode-total	土	木		禾		욱:0N	서직 무성할 욱, 서속이 우거진 모양 욱
稷	U+7A37	직	직	N	2015	115	N	10	15	15	unicode-total	土	木	god of cereals; minister of agriculture	禾		직:0N	기장 직, 메기장 직
稹	U+7A39	진	진	N	2015	115	N	10	15	15	unicode-total	土	木	detailed, fine; closely woven	禾		진:1N	떨기로 날 진
稻	U+7A3B	도	도	Y		115	N	10	15	15	unicode-total	土	木	rice growing in field, rice plant	禾		도:0E	벼 도
稼	U+7A3C	가	가	N	2015	115	N	10	15	15	unicode-total	土	木	sow grain; sheaves of grain	禾		가:0N	심을 가, 곡식심을 가
稿	U+7A3F	고	고	Y		115	N	10	15	15	unicode-total	土	木	draft, manuscript, rough copy	禾		고:0E	볏집 고
穀	U+7A40	곡	곡	Y		115	N	10	15	15	unicode-total	土	木	corn, grain, cereal; lucky	禾		곡:0E	곡식 곡
穂	U+7A42	수	수	N	2015	115	N	10	15	15	unicode-total	土	木	ear of grain; tassel; Guangzhou	禾		수:N	
穅	U+7A45	강	강	N	2015	115	N	11	16	16	unicode-total	土	木	chaff, bran, husks of grain; poor, remiss	禾		강:1N	겨 강, 악기이름 강
穆	U+7A46	목	목	N	2015	115	N	11	16	16	unicode-total	土	木	majestic, solemn, reverent; calm	禾		목:0N	화목할 목, 화할 목
穉	U+7A49	치	치	N	2015	115	N	12	17	17	unicode-total|kangxi-pos:115.11	金	木	young grain; young, tender	禾		치:0N	稚와 同字, 어린벼 치
穌	U+7A4C	소	소	N	2015	115	N	11	16	16	unicode-total	土	木	revive, to rise again; collect	禾		소:N	
積	U+7A4D	적	적	Y		115	N	11	16	16	unicode-total	土	木	accumulate, store up, amass	禾		적:0E	포갤 적, 모을 적, 넓이 적, 부피 적, 쌓을 적
穎	U+7A4E	영	영	N	2015	115	N	11	16	16	unicode-total	土	木	rice tassel; sharp point; clever	禾		영:0N	이삭 영, 송곳 끝 영, 빼어날 영
穗	U+7A57	수	수	N	2015	115	N	12	17	17	unicode-total	金	木	ear of grain; tassel; Guangzhou	禾		수:0N	이삭 수, 벼이삭 수
穠	U+7A60	농	농	N	2015	115	N	13	18	18	unicode-total	金	木	thick, lush, in clusters	禾		농:1N	후한 제사 농
穡	U+7A61	색	색	N	2015	115	N	13	18	18	unicode-total	金	木	farm, harvest grain; stingy	禾		색:0N	거둘 색
穢	U+7A62	예	예	N	2015	115	N	13	18	18	unicode-total	金	木	dirty, unclean; immoral, obscene	禾		예:0N	더러울 예, 거칠 예
穦	U+7A66	빈	빈	N	2015	115	N	14	19	19	unicode-total	水	木		禾		빈:N	
穩	U+7A69	온	온	N	2015	115	N	14	19	19	unicode-total	水	木	stable, firm, solid, steady	禾		온:0N	편안할 온, 곡식 걷어 모을 온
穫	U+7A6B	확	확	Y		115	N	14	18	19	kangxi-sum	水	木	harvest, cut grain	禾		확:0E	벼 벨 확, 곡식거둘 확
穰	U+7A70	양	양	N	2015	115	N	17	22	22	unicode-total	木	木	stalks of grain; lush, abundant	禾		양:0N	풍년들 양, 볏짚 양
穴	U+7A74	혈	혈	Y		116	N	0	5	5	unicode-total	土		cave, den, hole; Kangxi radical 116	穴		혈:0E	굴 혈, 움 혈, 틈 혈, 굿 혈
穵	U+7A75	알	알	N	2015	116	N	1	6	6	unicode-total	土		deep hollow;, gouge, dig out	穴		알:1N	구멍 알
究	U+7A76	구	구	Y		116	N	2	7	7	unicode-total	金		examine, investigate	穴		구:0E	궁리할 구
穹	U+7A79	궁	궁	N	2015	116	N	3	8	8	unicode-total	金		high and vast; elevated; arched	穴		궁:0N	높을 궁
空	U+7A7A	공	공	Y		116	N	3	8	8	unicode-total	金		empty, hollow, bare, deserted	穴		공:0E	빌 공
穽	U+7A7D	정	정	N	2015	116	N	4	9	9	unicode-total	水		hole; pitfall, trap	穴		정:0N	구덩이 정, 함정 정
穾	U+7A7E	요	요	N	2015	116	N	4	9	9	unicode-total	水			穴		요:1N	깊숙할 요, 골방 요
穿	U+7A7F	천	천	N	2015	116	N	4	9	9	unicode-total	水		penetrate, pierce, drill; wear	穴		천:0N	뚫을 천, 통할 천
窀	U+7A80	둔	둔	N	2015	116	N	4	9	9	unicode-total	水		to bury	穴		둔:1N	광중 둔
突	U+7A81	돌	돌	Y		116	N	4	9	9	unicode-total	水		suddenly, abruptly, unexpectedly	穴		돌:0E	부딪칠 돌
窂	U+7A82	로	로	N	2015	116	N	4	9	9	unicode-total	水			穴	노	로:1N	우리 로
窄	U+7A84	착	착	N	2015	116	N	5	10	10	unicode-total	水		narrow, tight; narrow-minded	穴		착:0N	좁을 착, 끼일 착
窅	U+7A85	요	요	N	2015	116	N	5	10	10	unicode-total	水		far, deep; sunken eyes; sad	穴		요:1N	움펑눈 요, 까마득할 요
窆	U+7A86	폄	폄	N	2015	116	N	5	9	10	kangxi-sum	水		to put a coffin in a grave	穴		폄:1N	하관할 폄, 광중 폄
窈	U+7A88	요	요	N	2015	116	N	5	10	10	unicode-total	水		obscure, secluded; refined	穴		요:0N	고요할 요, 깊을 요
窊	U+7A8A	와	와	N	2015	116	N	5	10	10	unicode-total	水		pit, vault; store in pit; (Cant.) 手窊, the arm	穴		와:1N	웅덩이 와
窒	U+7A92	질	질	N	2015	116	N	6	11	11	unicode-total	木		stop up, obstruct	穴		질:0N	막을 질
窓	U+7A93	창	창	Y		116	N	6	11	11	unicode-total	木		window	穴		창:0E	창 창
窕	U+7A95	조	조	N	2015	116	N	6	11	11	unicode-total	木		slender; quiet and modest, charming	穴		조:0N	정숙할 조, 안존할 조
窖	U+7A96	교	교	N	2015	116	N	7	12	12	unicode-total	木		pit, cellar	穴		교:1N	
窗	U+7A97	창	창	N	2015	116	N	7	12	12	unicode-total	木		window	穴		창:1N	창 창
窘	U+7A98	군	군	N	2015	116	N	7	12	12	unicode-total	木		embarrassed; hard-pressed	穴		군:0N	군색할 군, 급할 군
窙	U+7A99	효	효	N	2015	116	N	7	12	12	unicode-total	木			穴		효:N	
窟	U+7A9F	굴	굴	N	2015	116	N	8	13	13	unicode-total	火		hole, cave; cellar; underground	穴		굴:0N	구멍 굴
窠	U+7AA0	과	과	N	2015	116	N	8	13	13	unicode-total	火		nest; hole, indention; den	穴		과:1N	보금자리 과
窣	U+7AA3	솔	솔	N	2015	116	N	8	13	13	unicode-total	火		to rush out of a den; rustling, whispering	穴		솔:1N	느릿느릿 걸을 솔, 우지직거릴 솔, 구멍으로 나올 솔
窩	U+7AA9	와	와	N	2015	116	N	9	13	14	kangxi-sum	火		nest; cave, den; hiding place	穴		와:0N	굴 와, 움집 와, 감출 와
窪	U+7AAA	와	와	N	2015	116	N	9	14	14	unicode-total	火		hollow; pit; depression; swamp	穴		와:0N	도랑 와, 깊을 와, 맑은물 와
窬	U+7AAC	유	유	N	2015	116	N	9	14	14	unicode-total	火		a small door or window; a hole in the wall to cut through a wall	穴		유:1N	판장문 유
窮	U+7AAE	궁	궁	Y		116	N	10	15	15	unicode-total	土		poor, destitute, impoverished	穴		궁:0E	다할 궁
窯	U+7AAF	요	요	N	2015	116	N	10	15	15	unicode-total	土		kiln; coal mine pit	穴		요:0N	기와가마 요, 오지그릇 요
窳	U+7AB3	유	유	N	2015	116	N	10	15	15	unicode-total	土		dirty, useless, weak, powerless; cracked, a flaw	穴		유:1N	이지러질 유, 약할 유, 짐승이름 유
窶	U+7AB6	구	구	N	2015	116	N	11	16	16	unicode-total	土		poor, impoverished	穴		구:1N	가난하여 예절없을 구
窹	U+7AB9	오	오	N	2015	116	N	11	16	16	unicode-total	土			穴		오:1N	아궁이 오
窺	U+7ABA	규	규	N	2015	116	N	11	16	16	unicode-total	土		peep, watch, spy on, pry	穴		규:0N	엿볼 규
窾	U+7ABE	관	관	N	2015	116	N	12	17	17	unicode-total	金		hole; hollow; empty	穴		관:1N	빌 관
窿	U+7ABF	륭	륭	N	2015	116	N	12	16	17	kangxi-sum	金		mine shaft; cavity, hole	穴	융	륭:1N	활꼴 륭
竄	U+7AC4	찬	찬	N	2015	116	N	13	18	18	unicode-total	金		run away; revise, edit; expel	穴		찬:0N	숨을 찬, 숨길 찬
竅	U+7AC5	규	규	N	2015	116	N	13	18	18	unicode-total	金		hole, opening, aperture	穴		규:0N	구멍 규, 엿볼 규
竇	U+7AC7	두	두	N	2015	116	N	15	20	20	unicode-total	水		surname; hole, burrow; corrupt	穴		두:0N	구멍 두
竈	U+7AC8	조	조	N	2015	116	N	16	21	21	unicode-total	木		furnace; kitchen stove	穴		조:1N	부엌 조
竊	U+7ACA	절	절	Y		116	N	17	22	22	unicode-total	木		secretly, stealthily; steal; thief	穴		절:0E	좀도둑 절, 얕을 절
立	U+7ACB	립	립,입	Y		117	N	0	5	5	unicode-total	土		stand; let stand; establish, set	立	입	립:0E 입:0	설 립 / 설 입
竗	U+7AD7	묘	묘	N	2015	117	N	4	9	9	unicode-total	水			立		묘:0N	땅 이름 묘
站	U+7AD9	참	참	N	2015	117	N	5	10	10	unicode-total	水		stand up; a stand, station	立		참:0N	우두커니 설 참, 역마을 참
竜	U+7ADC	룡	룡	N	2015	117	N	5	10	10	unicode-total|multi-rs:212''.0=16	水		dragon; symbolic of emperor	立	용	룡:N	
竝	U+7ADD	병	병	Y		117	N	5	10	10	unicode-total	水		to combine, annex; also, what's more	立		병:0E	아우를 병
竟	U+7ADF	경	경	Y		117	N	6	11	11	unicode-total|rs-by-kangxi-pos:117.6	木		finally, after all, at last	立		경:0E	다할 경, 마칠 경
章	U+7AE0	장	장	Y		117	N	6	11	11	unicode-total|rs-by-kangxi-pos:117.6	木		composition; chapter, section	立		장:0E	문채 장, 글 장
竢	U+7AE2	사	사	N	2015	117	N	7	12	12	unicode-total	木		wait for, wait until, as soon as	立		사:1N	기다릴 사
竣	U+7AE3	준	준	N	2015	117	N	7	12	12	unicode-total	木		terminate, end, finish; quit	立		준:0N	마칠 준, 일마칠 준
童	U+7AE5	동	동	Y		117	N	7	12	12	unicode-total	木		child, boy, servant boy; virgin	立		동:0E	아이 동
竦	U+7AE6	송	송	N	2015	117	N	7	12	12	unicode-total	木		revere, respect, be in awe of	立		송:1N	공경할 송, 두려울 송, 높일 송, 솟을 송
竪	U+7AEA	수	수	N	2015	117	N	8	13	13	unicode-total	火		perpendicular, vertical; erect	立		수:0N	세울 수, 서있을 수, 더벅머리 수
竭	U+7AED	갈	갈	N	2015	117	N	9	14	14	unicode-total	火		put forth great effort; exhaust	立		갈:0N	다할 갈, 마를 갈
端	U+7AEF	단	단	Y		117	N	9	14	14	unicode-total	火		end, extreme; head; beginning	立		단:0E	끝 단
竴	U+7AF4	준	준	N	2015	117	N	12	17	17	unicode-total	金			立		준:N	
競	U+7AF6	경	경	Y		117	N	15	20	20	unicode-total	水		contend, vie, compete	立		경:0E	겨룰 경, 다툴 경
竸	U+7AF8	경	경	N	2015	117	N	17	22	22	unicode-total	木		contend, vie, compete	立		경:1N	競과 同字
竹	U+7AF9	죽	죽	Y		118	N	0	6	6	unicode-total	土	木	bamboo; flute; Kangxi radical 118	竹		죽:0E	대 죽
竺	U+7AFA	축	축	N	2015	118	N	2	8	8	unicode-total	金	木	India; bamboo; surname	竹		축:0N	나라이름 축
竽	U+7AFD	우	우	N	2015	118	N	3	9	9	unicode-total	水	木	ancient woodwind instrument	竹		우:1N	큰 생황 우
竿	U+7AFF	간	간	N	2015	118	N	3	9	9	unicode-total	水	木	bamboo pole; penis	竹		간:0N	장대 간, 화살대 간, 횃대 간, 대줄기 간
笆	U+7B06	파	파	N	2015	118	N	4	10	10	unicode-total	水	木	bamboo fence	竹		파:1N	가시 대 파, 울타리 파
笈	U+7B08	급	급	N	2015	118	N	4	9	10	kangxi-sum	水	木	bamboo box used carry books	竹		급:1N	책상자 급
笊	U+7B0A	조	조	N	2015	118	N	4	10	10	unicode-total	水	木	ladle, bamboo skimmer	竹		조:1N	조리 조
笌	U+7B0C	아	아	N	2015	118	N	4	10	10	unicode-total	水	木		竹		아:1N	대싹 아
笎	U+7B0E	원	원	N	2015	118	N	4	10	10	unicode-total	水	木		竹		원:N	
笏	U+7B0F	홀	홀	N	2015	118	N	4	10	10	unicode-total	水	木	tablet held by someone having authority	竹		홀:0N	홀 홀
笑	U+7B11	소	소	Y		118	N	4	10	10	unicode-total	水	木	smile, laugh, giggle; snicker	竹		소:0E	웃음 소
笒	U+7B12	금	금	N	2015	118	N	4	10	10	unicode-total	水	木		竹		금:1N	첨대 금
笘	U+7B18	점	점	N	2015	118	N	5	11	11	unicode-total	木	木		竹		점:1N	
笙	U+7B19	생	생	N	2015	118	N	5	11	11	unicode-total	木	木	small gourd-shaped musical instrument	竹		생:0N	생황 생
笛	U+7B1B	적	적	N	2015	118	N	5	11	11	unicode-total	木	木	bamboo flute; whistle	竹		적:0N	피리 적, 날라리 적
笞	U+7B1E	태	태	N	2015	118	N	5	11	11	unicode-total	木	木	bamboo rod used for beatings	竹		태:0N	볼기칠 태
笠	U+7B20	립	립,입	N	2015	118	N	5	11	11	unicode-total	木	木	bamboo hat; bamboo covering	竹	입	립:0N 입:0	우리 립, 삿갓 립 / 우리 입, 삿갓 입
笥	U+7B25	사	사	N	2015	118	N	5	11	11	unicode-total	木	木	a hamper, wicker basket	竹		사:1N	상자 사
符	U+7B26	부	부	Y		118	N	5	11	11	unicode-total	木	木	i.d. tag, tally, symbol, charm	竹		부:0E	부신 부, 병부 부
笧	U+7B27	책	책	N	2015	118	N	5	11	11	unicode-total	木	木	to entwine around; check (a current) with a weir	竹		책:1N	책 상자 책
笨	U+7B28	분	분	N	2015	118	N	5	11	11	unicode-total	木	木	foolish, stupid, dull; awkward	竹		분:1N	거칠 분
第	U+7B2C	제	제	Y		118	N	5	11	11	unicode-total	木	木	sequence, number; grade, degree	竹		제:0E	집 제, 차례 제
笭	U+7B2D	령	령	N	2015	118	N	5	11	11	unicode-total	木	木	bamboo screen	竹	영	령:0N	도꼬마리 령, 작은 통 령
笯	U+7B2F	노	노	N	2015	118	N	5	11	11	unicode-total	木	木	a bird-cage	竹		노:1N	새장 노
笳	U+7B33	가	가	N	2015	118	N	5	11	11	unicode-total	木	木	a reed leaf whistle	竹		가:1N	갈잎피리 가
笵	U+7B35	범	범	N	2015	118	N	5	11	11	unicode-total	木	木	a bamboo form; a model	竹		범:1N	법 범
笹	U+7B39	세	세	N	2015	118	N	5	11	11	unicode-total	木	木	small bamboo	竹		세:0N	가는 대 세
筅	U+7B45	선	선	N	2015	118	N	6	12	12	unicode-total	木	木	a bamboo brush	竹		선:1N	솔 선
筆	U+7B46	필	필	Y		118	N	6	12	12	unicode-total	木	木	writing brush; write; stroke	竹		필:0E	붓 필, 오랑캐 이름 필
筈	U+7B48	괄	괄	N	2015	118	N	6	12	12	unicode-total	木	木	arrow end	竹		괄:1N	하눌타리 괄
等	U+7B49	등	등	Y		118	N	6	12	12	unicode-total	木	木	rank, grade; to wait; equal, “and so forth”	竹		등:0E	가지런할 등, 무리 등
筋	U+7B4B	근	근	N	2015	118	N	6	12	12	unicode-total	木	木	muscles; tendons	竹		근:0N	힘줄 근
筌	U+7B4C	전	전	N	2015	118	N	6	12	12	unicode-total	木	木	bamboo fish trap	竹		전:0N	통발 전
筍	U+7B4D	순	순	N	2015	118	N	6	12	12	unicode-total	木	木	bamboo shoot; joint; tendon	竹		순:0N	죽순 순, 대싹 순
筏	U+7B4F	벌	벌	N	2015	118	N	6	12	12	unicode-total	木	木	raft	竹		벌:0N	떼 벌
筐	U+7B50	광	광	N	2015	118	N	6	12	12	unicode-total	木	木	bamboo basket or chest	竹		광:0N	광주리 광
筑	U+7B51	축	축	N	2015	118	N	6	12	12	unicode-total	木	木	ancient lute; build	竹		축:0N	비파 축
筒	U+7B52	통	통	N	2015	118	N	6	12	12	unicode-total	木	木	thick piece of bamboo; pipe	竹		통:0N	사통대 통, 통 통
答	U+7B54	답	답	Y		118	N	6	12	12	unicode-total	木	木	answer, reply; return; assent to	竹		답:0E	젖을 답, 대답 답
策	U+7B56	책	책	Y		118	N	6	12	12	unicode-total	木	木	scheme, plan; to whip; urge	竹		책:0E	채찍 책, 꾀 책
筟	U+7B5F	부	부	N	2015	118	N	7	13	13	unicode-total	火	木		竹		부:1N	대청 부
筠	U+7B60	균	균	N	2015	118	N	7	13	13	unicode-total	火	木	bamboo skin; bamboo	竹		균:0N	대껍질 균, 속빈 대 균
筥	U+7B65	거	거	N	2015	118	N	7	12	13	kangxi-sum	火	木	round-shaped bamboo basket for holding rice	竹		거:1N	쌀 담는 광주리 거, 볏단 거
筦	U+7B66	관	관	N	2015	118	N	7	13	13	unicode-total	火	木	a key; to be in charge; a pipe	竹		관:1N	피리 관
筧	U+7B67	견	견	N	2015	118	N	7	13	13	unicode-total	火	木	bamboo water pipe	竹		견:1N	대 홈통 견
筩	U+7B69	통	통	N	2015	118	N	7	13	13	unicode-total	火	木	bamboo pipe; fish hook	竹		통:1N	대나무통 통, 낚시 통
筬	U+7B6C	성	성	N	2015	118	N	7	12	13	kangxi-sum	火	木	reed of a loom	竹		성:0N	바디 성, 대나무이름 성
筮	U+7B6E	서	서	N	2015	118	N	7	13	13	unicode-total	火	木	divination with stalks of plants; divining rod	竹		서:0N	점대 서, 산가지 서
筱	U+7B71	소	소	N	2015	118	N	7	13	13	unicode-total	火	木	dwarf bamboo; diminutive in person's name	竹		소:1N	가는 대 소
筳	U+7B73	정	정	N	2015	118	N	7	12	13	kangxi-sum	火	木		竹		정:1N	대쪽 정
筵	U+7B75	연	연	N	2015	118	N	7	14	13	override	火	木	feast	竹		연:0N	대자리 연
筽	U+7B7D	오	오	N	2015	118	N	7	13	13	unicode-total	火	木		竹		오:0N	버들 고리 오
箇	U+7B87	개	개	N	2015	118	N	8	14	14	unicode-total	火	木	numerary adjunct, piece; single	竹		개:0N	낱 개, 개수 개
箋	U+7B8B	전	전	N	2015	118	N	8	14	14	unicode-total	火	木	note, memo; stationery; comments	竹		전:0N	기록할 전, 글 전
箍	U+7B8D	고	고	N	2015	118	N	8	14	14	unicode-total	火	木	hoop; bind, surround	竹		고:1N	테 고
箏	U+7B8F	쟁	쟁	N	2015	118	N	8	14	14	unicode-total	火	木	stringed musical instrument; kite	竹		쟁:0N	쟁 쟁, 풍경 쟁
箔	U+7B94	박	박	N	2015	118	N	8	14	14	unicode-total	火	木	reed screen; frame for growing silkworms	竹		박:0N	발 박
箕	U+7B95	기	기	N	2015	118	N	8	14	14	unicode-total	火	木	sieve; dust pan, garbage bag; 7th lunar mansion, determinative star γ² Sagittarii (Alnasl)	竹		기:0N	키 기
算	U+7B97	산	산	Y		118	N	8	14	14	unicode-total	火	木	count, calculate, figure; plan	竹		산:0E	셀 산, 셈놓을 산
箙	U+7B99	복	복	N	2015	118	N	8	14	14	unicode-total	火	木	quiver	竹		복:1N	전동 복
箚	U+7B9A	차	차	N	2015	118	N	8	14	14	unicode-total	火	木	brief note; official communique	竹		차:0N	차자 차, 글 차
箜	U+7B9C	공	공	N	2015	118	N	8	14	14	unicode-total	火	木	ancient string music instrument	竹		공:1N	공후 공
箝	U+7B9D	겸	겸	N	2015	118	N	8	14	14	unicode-total	火	木	tweezers, pliers, tongs, pincers	竹		겸:0N	재갈 겸, 족집개 겸, 목 잠글 겸
箠	U+7BA0	추	추	N	2015	118	N	8	14	14	unicode-total	火	木	horse whip; flog	竹		추:1N	채찍 추, 볼기채 추
管	U+7BA1	관	관	Y		118	N	8	14	14	unicode-total	火	木	pipe, tube, duct; woodwind music	竹		관:0E	피리 관, 대통 관
箭	U+7BAD	전	전	N	2015	118	N	9	15	15	unicode-total	土	木	arrow; type of bamboo	竹		전:0N	화살 전, 약이름 전
箱	U+7BB1	상	상	N	2015	118	N	9	15	15	unicode-total	土	木	case, box, chest, trunk	竹		상:0N	상자 상
箴	U+7BB4	잠	잠	N	2015	118	N	9	15	15	unicode-total	土	木	needle, probe; warn, admonish	竹		잠:0N	바늘 잠, 경계할 잠
箸	U+7BB8	저	저	N	2015	118	N	9	14	15	kangxi-sum	土	木	chopsticks	竹		저:0N	젓가락 저
箾	U+7BBE	소	소	N	2015	118	N	9	15	15	unicode-total	土	木	musical instrument like pan-pipes, bamboo flute	竹		소:1N	
節	U+7BC0	절	절	Y		118	N	9	13	15	kangxi-sum|kangxi-pos-residual:7>9	土	木	knot, node, joint; section; hexagram ䷻	竹		절:0E	마디 절, 절개 절, 대마디 절
篁	U+7BC1	황	황	N	2015	118	N	9	15	15	unicode-total	土	木	bamboo grove; bamboo	竹		황:0N	대숲 황, 대밭 황
範	U+7BC4	범	범	Y		118	N	9	15	15	unicode-total	土	木	pattern, model, rule, law	竹		범:0E	법 범
篆	U+7BC6	전	전	N	2015	118	N	9	15	15	unicode-total	土	木	seal script; seal, official stamp	竹		전:0N	문체이름 전, 전자 전
篇	U+7BC7	편	편	Y		118	N	9	15	15	unicode-total	土	木	chapter, section, essay, article	竹		편:0E	책 편, 편차할 편
築	U+7BC9	축	축	Y		118	N	10	16	16	unicode-total|kangxi-pos:118.9	土	木	build, erect; building	竹		축:0E	다질 축, 쌓을 축
篊	U+7BCA	홍	홍	N	2015	118	N	9	15	15	unicode-total	土	木		竹		홍:1N	홈통 홍
篋	U+7BCB	협	협	N	2015	118	N	9	15	15	unicode-total	土	木	rattan box, suitcase, or case	竹		협:1N	상자 협, 행담 협
篌	U+7BCC	후	후	N	2015	118	N	9	15	15	unicode-total	土	木	ancient musical instrument; harp	竹		후:1N	공후 후
篒	U+7BD2	식	식	N	2015	118	N	9	15	15	unicode-total	土	木		竹		식:0N	대밥통
篔	U+7BD4	운	운	N	2015	118	N	10	16	16	unicode-total	土	木	tall bamboo	竹		운:1N	왕대나무 운
篙	U+7BD9	고	고	N	2015	118	N	10	16	16	unicode-total	土	木	pole used to punt a boat	竹		고:1N	상앗대 고
篛	U+7BDB	약	약	N	2015	118	N	10	16	16	unicode-total	土	木	cuticle of bamboo plant	竹		약:1N	죽순 약
篝	U+7BDD	구	구	N	2015	118	N	10	16	16	unicode-total	土	木	bamboo basket; bamboo frame	竹		구:1N	불덮개 구
篠	U+7BE0	소	소	N	2015	118	N	10	16	16	unicode-total	土	木	dwarf bamboo; diminutive in person's name	竹		소:0N	가는 대 소, 조릿대 소
篡	U+7BE1	찬	찬	N	2015	118	N	10	16	16	unicode-total	土	木	usurp	竹		찬:N	
篤	U+7BE4	독	독	Y		118	N	10	16	16	unicode-total	土	木	deep, true, sincere, genuine	竹		독:0E	도타울 독, 두터울 독
篦	U+7BE6	비	비	N	2015	118	N	10	16	16	unicode-total	土	木	fine-toothed comb; comb hair	竹		비:1N	빗치개 비
篩	U+7BE9	사	사	N	2015	118	N	10	16	16	unicode-total	土	木	sieve, filter, screen; sift	竹		사:0N	체 사, 왕대 사
篪	U+7BEA	지	지	N	2015	118	N	10	16	16	unicode-total	土	木	a bamboo flute with seven holes	竹		지:1N	저 이름 지
篳	U+7BF3	필	필	N	2015	118	N	11	16	17	kangxi-sum	金	木	wicker, bamboo	竹		필:1N	대 사립문 필, 나무 실은 수레 필
篷	U+7BF7	봉	봉	N	2015	118	N	11	16	17	kangxi-sum	金	木	awning, covering; sail; boat	竹		봉:1N	뜸 봉
篾	U+7BFE	멸	멸	N	2015	118	N	11	17	17	unicode-total	金	木	bamboo splints or slats	竹		멸:1N	대 껍질 멸
簀	U+7C00	책	책	N	2015	118	N	11	17	17	unicode-total	金	木	bed mat; mat	竹		책:1N	살평상 책
簅	U+7C05	산	산	N	2018	118	N	11	17	17	unicode-total	金	木		竹		산:N	
簇	U+7C07	족	족	N	2015	118	N	11	17	17	unicode-total	金	木	swarm, crowd together, cluster	竹		족:0N	모일 족, 가는대 족
簉	U+7C09	추	추	N	2015	118	N	11	16	17	kangxi-sum	金	木	deputy, subordinate; concubine	竹		추:1N	버금 추, 가지런히 날 추
簋	U+7C0B	궤	궤	N	2015	118	N	11	17	17	unicode-total	金	木	a square basket of bamboo for holding grain used at sacrifices	竹		궤:1N	대제기 궤
簏	U+7C0F	록	록	N	2015	118	N	11	17	17	unicode-total	金	木	a box, a basket	竹	녹	록:1N	대 상자 록
簒	U+7C12	찬	찬	N	2015	118	N	11	17	17	unicode-total	金	木	usurp	竹		찬:0N	빼앗을 찬
簞	U+7C1E	단	단	N	2015	118	N	12	18	18	unicode-total	金	木	small bamboo basket for holding cooked rice	竹		단:0N	소쿠리 단
簟	U+7C1F	점	점	N	2015	118	N	12	18	18	unicode-total	金	木	bamboo mat	竹		점:1N	삿자리 점, 대 이름 점
簠	U+7C20	보	보	N	2015	118	N	12	18	18	unicode-total	金	木	an ancient vessel used for holding boiled grain	竹		보:1N	제기 이름 보
簡	U+7C21	간	간	Y		118	N	12	18	18	unicode-total	金	木	simple, terse, succinct; letter	竹		간:0E	대쪽 간
簧	U+7C27	황	황	N	2015	118	N	12	17	18	kangxi-sum	金	木	reed of woodwind instrument	竹		황:0N	혀 황, 생황 황
簪	U+7C2A	잠	잠	N	2015	118	N	12	18	18	unicode-total	金	木	hairpin, clasp; wear in hair	竹		잠:0N	비녀 잠
簫	U+7C2B	소	소	N	2015	118	N	12	19	19	total-gt-rs-check	水	木	musical instrument like pan-pipes, bamboo flute	竹		소:0N	퉁소 소, 활고지 소
簷	U+7C37	첨	첨	N	2015	118	N	13	19	19	unicode-total	水	木	eaves of house; brim	竹		첨:1N	처마 첨
簸	U+7C38	파	파	N	2015	118	N	13	19	19	unicode-total	水	木	winnower	竹		파:1N	까부를 파, 키 파
簽	U+7C3D	첨	첨	N	2015	118	N	13	19	19	unicode-total	水	木	sign, endorse; slip of paper	竹		첨:0N	농 첨
簾	U+7C3E	렴	렴,염	N	2015	118	N	13	19	19	unicode-total	水	木	a blind, screen, curtain	竹	염	렴:0N 염:0	발 렴
簿	U+7C3F	부	부	Y		118	N	13	19	19	unicode-total	水	木	register, account book, notebook	竹		부:0E	장부 부, 문서 부
籃	U+7C43	람	람	N	2015	118	N	14	20	20	unicode-total	水	木	basket	竹	남	람:0N	바구니 람
籌	U+7C4C	주	주	N	2015	118	N	14	20	20	unicode-total	水	木	chip, tally, token; raise money	竹		주:0N	투호 살 주, 셈대 주
籍	U+7C4D	적	적	Y		118	N	14	20	20	unicode-total	水	木	record, register, list; census	竹		적:0E	문서 적, 왁자할 적, 호적 적, 압수할 적, 임금이 가는 밭 적
籐	U+7C50	등	등	N	2015	118	N	15	21	21	unicode-total	木	木	climbing plants, vines, cane	竹		등:1N	대 기구 등
籒	U+7C52	주	주	N	2015	118	N	15	21	21	unicode-total	木	木		竹		주:1N	주문 주
籔	U+7C54	수	수	N	2015	118	N	15	21	21	unicode-total	木	木	bamboo basket	竹		수:1N	조리 수, 곡식 세는 단위 휘 수, 또아리 수
籛	U+7C5B	전	전	N	2015	118	N	16	22	22	unicode-total	木	木	surname	竹		전:1N	성씨 전
籜	U+7C5C	탁	탁	N	2015	118	N	16	22	22	unicode-total	木	木	bamboo sheath, bamboo shoots	竹		탁:1N	대 껍질 탁
籟	U+7C5F	뢰	뢰	N	2015	118	N	16	22	22	unicode-total	木	木	bamboo flute; pipe; various sound	竹	뇌	뢰:1N	
籠	U+7C60	롱	농,롱	N	2015	118	N	16	22	22	unicode-total	木	木	cage; cage-like basket	竹	농	농:0 롱:0N	대그릇 롱 / 대그릇 농
籤	U+7C64	첨	첨	N	2015	118	N	17	23	23	unicode-total	火	木	tally; lot; marker	竹		첨:0N	제비 첨
籥	U+7C65	약	약	N	2015	118	N	17	23	23	unicode-total	火	木	key; woodwind instrument	竹		약:1N	피리 약, 잠글 약
籧	U+7C67	거	거	N	2015	118	N	17	22	23	kangxi-sum	火	木	crude bamboo mat	竹		거:1N	대자리 거, 천상바라기 거, 양잠기 거
籩	U+7C69	변	변	N	2015	118	N	19	24	25	kangxi-sum|kangxi-pos:118.18	土	木	bamboo container for food	竹		변:1N	제기 이름 변
籬	U+7C6C	리	리	N	2015	118	N	19	24	25	kangxi-sum	土	木	bamboo or wooden fence; hedge	竹	이	리:0N	울타리 리
籲	U+7C72	유	유	N	2015	118	N	26	32	32	unicode-total	木	木	appeal; request; implore	竹		유:1N	부르짖을 유
米	U+7C73	미	미	Y		119	N	0	6	6	unicode-total	土	木	hulled or husked uncooked rice	米		미:0E	쌀 미
粃	U+7C83	비	비	N	2015	119	N	4	10	10	unicode-total	水	木	empty husks of grain	米		비:0N	쭉정이 비
粉	U+7C89	분	분	Y		119	N	4	10	10	unicode-total	水	木	powder, face powder; plaster	米		분:0E	가루 분
粒	U+7C92	립	립,입	N	2015	119	N	5	11	11	unicode-total	木	木	grain; small particle	米	입	립:0N 입:0	알 립, 쌀알 립 / 알 입, 쌀알 입
粕	U+7C95	박	박	N	2015	119	N	5	11	11	unicode-total	木	木	lees, dregs, sediments left after distilling liquor	米		박:0N	지게미 박
粗	U+7C97	조	조	N	2015	119	N	5	11	11	unicode-total	木	木	rough, thick, course; rude	米		조:0N	거칠 조, 간략할 조
粘	U+7C98	점	점	N	2015	119	N	5	11	11	unicode-total	木	木	viscous, mucous; glutinous	米		점:0N	붙일 점, 끈끈할 점
粟	U+7C9F	속	속	Y		119	N	6	12	12	unicode-total	木	木	unhusked millet; grain	米		속:0E	좁쌀 속, 겉곡식 속, 조 속
粢	U+7CA2	자	자	N	2015	119	N	6	12	12	unicode-total	木	木	grain offered in ritual sacrifice; millet	米		자:1N	피 자
粤	U+7CA4	월	월	N	2015	119	N	6	12	12	unicode-total	木	木	Guangdong and Guangxi provinces; initial particle	米		월:1N	말 내킬 월, 곰곰히 생각할 월, 나라이름 월
粥	U+7CA5	죽	죽	N	2015	119	N	6	12	12	unicode-total	木	木	rice gruel, congee	米		죽:0N	죽 죽, 미음 죽
粦	U+7CA6	린	린	N	2015	119	N	6	12	12	unicode-total	木	木	phosphorus (element 15, P)	米	인	린:1N	도깨비 불 린
粧	U+7CA7	장	장	Y		119	N	6	12	12	unicode-total	木	木	toilet; make-up; dress up; adorn	米		장:0E	단장할 장
粮	U+7CAE	량	량	N	2015	119	N	7	13	13	unicode-total	火	木	food, grain, provisions	米	양	량:0N	糧과 同字, 양식 량
粱	U+7CB1	량	량	N	2015	119	N	7	13	13	unicode-total	火	木	better varieties of millet	米	양	량:0N	기장 량
粲	U+7CB2	찬	찬	N	2015	119	N	7	13	13	unicode-total	火	木	polish; bright, radiant; smiling	米		찬:0N	정미 찬, 정한 쌀밥 찬
粳	U+7CB3	갱	갱	N	2015	119	N	7	13	13	unicode-total	火	木	non-glutinous rice	米		갱:0N	메벼 갱
粹	U+7CB9	수	수	N	2015	119	N	8	14	14	unicode-total	火	木	pure; unadulterated; select	米		수:0N	정할 수, 순수할 수
粼	U+7CBC	린	린	N	2015	119	N	8	14	14	unicode-total	火	木	clear like water; crystalline	米	인	린:1N	물 맑을 린
精	U+7CBE	정	정	Y		119	N	8	14	14	unicode-total	火	木	essence; semen; spirit	米		정:0E	정교할 정, 세밀할 정, 정할 정, 성실할 정, 신령 정, 정기 정
糅	U+7CC5	유	유	N	2015	119	N	9	15	15	unicode-total	土	木	blend, mix; mixed	米		유:1N	섞일 유, 얽힐 유, 잡곡밥 유
糊	U+7CCA	호	호	N	2015	119	N	9	15	15	unicode-total	土	木	paste, stick on with paste	米		호:0N	풀 호, 끈끈할 호, 풀칠할 호
糕	U+7CD5	고	고	N	2015	119	N	10	16	16	unicode-total	土	木	cakes, pastry	米		고:1N	떡 고
糖	U+7CD6	당,탕	당,탕	Y	2015	119	N	10	16	16	unicode-total	土	木	sugar; candy; sweets	米		당:0E 탕:0N	엿 당 / 엿
糗	U+7CD7	구	구	N	2015	119	N	10	16	16	unicode-total	土	木	parched wheat or rice; broken grain	米		구:1N	마른밥가루 구
糙	U+7CD9	조	조	N	2015	119	N	11	16	17	kangxi-sum	金	木	coarse, harsh, rough, unpolished rice	米		조:1N	매조미쌀 조
糚	U+7CDA	장	장	N	2015	119	N	11	16	17	kangxi-sum	金	木		米		장:1N	妝과 同字
糜	U+7CDC	미	미	N	2015	119	N	11	17	17	unicode-total	金	木	rice gruel, congee; mashed rice	米		미:1N	죽 미, 싸라기 미
糝	U+7CDD	삼	삼	N	2015	119	N	11	17	17	unicode-total	金	木	scattered (grains of rice); mixed	米		삼:1N	나물죽 삼
糞	U+7CDE	분	분	N	2015	119	N	11	17	17	unicode-total	金	木	manure, dung, night soil	米		분:0N	똥 분
糟	U+7CDF	조	조	N	2015	119	N	11	17	17	unicode-total	金	木	sediment, dregs; pickle	米		조:0N	지게미 조
糠	U+7CE0	강	강	N	2015	119	N	11	17	17	unicode-total	金	木	chaff, bran, husks; poor	米		강:0N	겨 강, 번쇄할 강
糧	U+7CE7	량	량,양	Y		119	N	12	18	18	unicode-total	金	木	food, grain, provisions	米	양	량:0E 양:0	양식 량, 곡식 량 / 양식 량, 곡식 양
糯	U+7CEF	나	나	N	2015	119	N	14	20	20	unicode-total	水	木	glutinous rice; glutinous, sticky	米		나:1N	찰벼 나
糱	U+7CF1	얼	얼	N	2015	119	N	16	22	22	unicode-total|kangxi-pos:119.14-15	木	木	fermenting grain; yeast	米		얼:N	
糲	U+7CF2	려	려	N	2015	119	N	15	20	21	kangxi-sum	木	木	unpolished rice; brown rice	米	여	려:1N	현미 려
糴	U+7CF4	적	적	N	2015	119	N	16	22	22	unicode-total	木	木	purchase grains; store grain	米		적:1N	쌀 사들일 적, 빠를 적
糵	U+7CF5	얼	얼	N	2015	119	N	17	22	23	kangxi-sum	火	木	fermenting grain; grain which has sprouted; yeast	米		얼:N	
糶	U+7CF6	조	조	N	2015	119	N	19	25	25	unicode-total	土	木	sell grain	米		조:1N	쌀 내어 팔 조
糸	U+7CF8	사	멱,사	N	2015	120	N	0	6	6	unicode-total	土	木	silk; Kangxi radical 120	糸		멱:1 사:N	가는 실 사 / 실
糺	U+7CFA	규	규	N	2015	120	N	1	7	7	unicode-total	金	木	to collaborate; to band together	糸		규:1N	거둘 규
系	U+7CFB	계	계	Y		120	N	1	7	7	unicode-total	金	木	system; line, link, connection	糸		계:0E	이을 계, 실마리 계
糾	U+7CFE	규	규	Y		120	N	2	8	8	unicode-total	金	木	investigate, inspect	糸		규:0E	삼합노 규, 살필 규
紀	U+7D00	기	기	Y		120	N	3	9	9	unicode-total	水	木	record, annal, historical account	糸		기:0E	벼리 기
紂	U+7D02	주	주	N	2015	120	N	3	9	9	unicode-total	水	木	royal name; saddle crupper	糸		주:0N	껑거리끈 주, 말고삐 주
紃	U+7D03	순	순	N	2015	120	N	3	9	9	unicode-total	水	木	a cord	糸		순:1N	신에 실선 두를 순, 실 띠 순, 법 순, 좇을 순
約	U+7D04	약,요	약,요	Y	2018	120	N	3	9	9	unicode-total	水	木	treaty, agreement, covenant	糸		약:0E 요:N	대략 약, 맹세할 약, 간소할 약, 맺을 약, 기약할 약
紅	U+7D05	홍	홍	Y		120	N	3	9	9	unicode-total	水	木	red, vermillion; blush, flush	糸		홍:0E	붉을 홍
紆	U+7D06	우	우	N	2015	120	N	3	9	9	unicode-total	水	木	bend, turn, twist; distort	糸		우:0N	얽힐 우, 굽을 우
紇	U+7D07	흘	흘	N	2015	120	N	3	9	9	unicode-total	水	木	inferior silk; tassel, fringe	糸		흘:0N	질 낮은 명주실 흘, 실밑 흘
紈	U+7D08	환	환	N	2015	120	N	3	9	9	unicode-total	水	木	white silk, fine silk; gauze	糸		환:0N	흰 비단 환
紊	U+7D0A	문	문	N	2015	120	N	4	10	10	unicode-total	水	木	confused, disorder	糸		문:0N	어지러울 문, 얽힐 문
紋	U+7D0B	문	문	N	2015	120	N	4	10	10	unicode-total	水	木	line, streak, stripe; wrinkle	糸		문:0N	무늬 문, 주름 문
納	U+7D0D	납	납	Y		120	N	4	10	10	unicode-total	水	木	admit, take, receive, accept	糸		납:0E	바칠 납, 들일 납
紐	U+7D10	뉴	뉴,유	N	2015	120	N	4	10	10	unicode-total	水	木	knot; button; handle, knob; tie	糸	유	뉴:0N 유:0	잡색비단 뉴, 단추 뉴 / 단추 뉴, 맺을 뉴
紓	U+7D13	서	서	N	2015	120	N	4	10	10	unicode-total	水	木	loosen, relax, relieve; extricate	糸		서:1N	느슨할 서
純	U+7D14	순,준	순,준	Y	2015	120	N	4	10	10	unicode-total	水	木	pure, clean, simple	糸		순:0E 준:N	실 순, 순수할 순, 온전할 순, 부드러울 순, 순전할 순
紕	U+7D15	비	비	N	2015	120	N	4	10	10	unicode-total	水	木	spoiled silk; hem of dress	糸		비:1N	가선 비
紗	U+7D17	사	사	N	2015	120	N	4	10	10	unicode-total	水	木	gauze, thin silk; yarn, thread	糸		사:0N	깁 사
紘	U+7D18	굉	굉	N	2015	120	N	4	10	10	unicode-total	水	木	string; vast, expansive	糸		굉:0N	갓끈 굉
紙	U+7D19	지	지	Y		120	N	4	10	10	unicode-total	水	木	paper	糸		지:0E	종이 지
級	U+7D1A	급	급	Y		120	N	4	9	10	kangxi-sum	水	木	level, rank, class; grade	糸		급:0E	등급 급
紛	U+7D1B	분	분	Y		120	N	4	10	10	unicode-total	水	木	in disorder, scattered, tangled	糸		분:0E	어지러워질 분, 어지러울 분
紜	U+7D1C	운	운	N	2015	120	N	4	10	10	unicode-total	水	木	confused, in disorder; numerous	糸		운:1N	얼크러질 운
素	U+7D20	소	소	Y		120	N	4	10	10	unicode-total	水	木	white (silk); plain; vegetarian; formerly; normally	糸		소:0E	흴 소, 생초 소, 빌 소, 바탕 소, 원래 소
紡	U+7D21	방	방	N	2015	120	N	4	10	10	unicode-total	水	木	spin, reel, weave; reeled pongee	糸		방:0N	자을 방, 길쌈 방
索	U+7D22	삭,색	삭,색	Y	2015	120	N	4	10	10	unicode-total	水	木	large rope, cable; rules, laws; to demand, to exact; to search, inquire; isolated	糸		삭:0N 색:0E	동아줄 삭 / 찾을 색, 동아줄 색
紫	U+7D2B	자	자	Y		120	N	5	12	12	total-gt-rs-check	木	木	purple, violet; amethyst; surname	糸		자:0E	자주빛 자, 검붉을 자
紬	U+7D2C	주	주	N	2015	120	N	5	11	11	unicode-total	木	木	kind of thin silk	糸		주:0N	명주 주
紮	U+7D2E	찰	찰	N	2015	120	N	5	11	11	unicode-total	木	木	tie, fasten, bind	糸		찰:0N	감을 찰, 묶을 찰
累	U+7D2F	루	누,루	Y		120	N	5	11	11	unicode-total	木	木	tired; implicate, involve; bother	糸	누	누:0 루:0E	묶을 루 / 포갤 누, 묶을 누
細	U+7D30	세	세	Y		120	N	5	11	11	unicode-total	木	木	fine, tiny; slender, thin	糸		세:0E	가늘 세, 작을 세, 좀놈 세
紱	U+7D31	불	불	N	2015	120	N	5	11	11	unicode-total	木	木	ribbon or cord used attach ornaments	糸		불:1N	인끈 불
紲	U+7D32	설	설	N	2015	120	N	5	11	11	unicode-total	木	木	bridle; halter	糸		설:1N	고삐 설
紳	U+7D33	신	신	N	2015	120	N	5	11	11	unicode-total	木	木	girdle; tie, bind; gentry	糸		신:0N	큰 띠 신, 벼슬아치 신
紵	U+7D35	저	저	N	2015	120	N	5	11	11	unicode-total	木	木	ramie; sack cloth	糸		저:0N	모시 저
紸	U+7D38	주	주	N	2015	120	N	5	11	11	unicode-total	木	木		糸		주:N	
紹	U+7D39	소	소	N	2015	120	N	5	11	11	unicode-total	木	木	continue, carry on; hand down; to join	糸		소:0N	이을 소, 얽을 소, 소개할 소
紺	U+7D3A	감	감	N	2015	120	N	5	11	11	unicode-total	木	木	dark blue or reddish color	糸		감:0N	아청 감, 보랏빛 감, 연보라 감
絁	U+7D41	시	시	N	2015	120	N	5	11	11	unicode-total	木	木	rough, indelicate silk	糸		시:N	
終	U+7D42	종	종	Y		120	N	5	11	11	unicode-total	木	木	end; finally, in the end	糸		종:0E	끝낼 종, 마칠 종
絃	U+7D43	현	현	Y		120	N	5	11	11	unicode-total	木	木	string on musical instrument	糸		현:0E	줄풍류 현
組	U+7D44	조	조	Y		120	N	5	11	11	unicode-total	木	木	class; section, department	糸		조:0E	끈 조, 짤 조
絅	U+7D45	경	경	N	2015	120	N	5	11	11	unicode-total	木	木	unlined garment, dust coat	糸		경:0N	끌어 쥘 경, 낚을 경
絆	U+7D46	반	반	N	2015	120	N	5	11	11	unicode-total	木	木	loop, catch; fetter, shackle	糸		반:0N	줄 반, 얽을 반
絉	U+7D49	술	술	N	2015	120	N	5	11	11	unicode-total	木	木		糸		술:1N	
絍	U+7D4D	임	임	N	2015	120	N	6	12	12	unicode-total	木	木	to lay the warp; to weave	糸		임:1N	짤 임, 길쌈할 임
結	U+7D50	결	결	Y		120	N	6	12	12	unicode-total	木	木	knot, tie; join, connect	糸		결:0E	맺을 결, 마칠 결, 나중 결, 몫 결
絑	U+7D51	주	주	N	2015	120	N	6	12	12	unicode-total	木	木		糸		주:N	
絕	U+7D55	절	절	Y		120	N	6	12	12	unicode-total	木	木	cut, sever, break off, terminate	糸		절:E	
絖	U+7D56	광	광	N	2015	120	N	6	12	12	unicode-total	木	木	fine silks; floss	糸		광:1N	솜 광
絙	U+7D59	환	환	N	2015	120	N	6	12	12	unicode-total	木	木		糸		환:1N	끈목 환
絛	U+7D5B	조	조	N	2015	120	N	7	12	13	kangxi-sum|kangxi-pos:120.6	火	木	silk braid, sash	糸		조:1N	
絜	U+7D5C	혈	혈	N	2015	120	N	6	12	12	unicode-total	木	木	a marking line; ascertain, assess; measure	糸		혈:1N	헤아릴 혈, 묶을 혈
絞	U+7D5E	교	교	N	2015	120	N	6	12	12	unicode-total	木	木	twist, wring; intertwine; winch	糸		교:0N	목맬 교
絡	U+7D61	락	락	Y		120	N	6	12	12	unicode-total	木	木	enmesh, wrap around; web, net	糸	낙	락:0E	헌솜 락, 연락할 락
絢	U+7D62	현	현	N	2015	120	N	6	12	12	unicode-total	木	木	variegated, adorned; brilliant	糸		현:0N	채색무늬 현, 수놓을 현
絣	U+7D63	병	병	N	2015	120	N	6	12	12	unicode-total	木	木	to baste for sewing; to connect	糸		병:1N	무늬없는 비단 병, 이을 병, 먹줄 튀길 병
給	U+7D66	급	급	Y		120	N	6	12	12	unicode-total	木	木	give; by, for	糸		급:0E	넉넉할 급, 줄 급
絨	U+7D68	융	융	N	2015	120	N	6	12	12	unicode-total	木	木	silk, cotton, or woolen fabric	糸		융:0N	삶은 실 융, 가는 베 융
絩	U+7D69	조	조	N	2015	120	N	6	12	12	unicode-total	木	木		糸		조:1N	견직물 날실 수 조
絪	U+7D6A	인	인	N	2015	120	N	6	12	12	unicode-total	木	木	matting; coverlet; cloudy	糸		인:0N	기운 인, 수삼 인
絮	U+7D6E	서	서	N	2015	120	N	6	12	12	unicode-total	木	木	waste cotton, raw silk or cotton	糸		서:0N	솜 서, 헌솜 서
絯	U+7D6F	해	해	N	2018	120	N	6	12	12	unicode-total	木	木		糸		해:N	
絰	U+7D70	질	질	N	2015	120	N	6	12	12	unicode-total	木	木	white hempen cloth worn by mourners	糸		질:1N	질 질
統	U+7D71	통	통	Y		120	N	6	12	12	unicode-total	木	木	govern, command, control; unite	糸		통:0E	거느릴 통, 벼리 통, 실마디 통, 근본 통, 이을 통
絲	U+7D72	사	사	Y		120	N	6	12	12	unicode-total	木	木	silk; fine thread; wire; strings	糸		사:0E	실 사
絳	U+7D73	강	강	N	2015	120	N	6	12	12	unicode-total	木	木	deep red; river in Shanxi province	糸		강:0N	깊게 붉을 강, 강초 강, 깊게 붉은 강
絵	U+7D75	회	회	N	2015	120	N	6	12	12	unicode-total	木	木	draw, sketch, paint	糸		회:N	
絶	U+7D76	절	절	N	2015	120	N	6	12	12	unicode-total	木	木	cut	糸		절:0N	絕과 同字, 끊을 절
絹	U+7D79	견	견	Y		120	N	7	13	13	unicode-total	火	木	kind of thick stiff silk	糸		견:0E	비단 견, 깁 견
絺	U+7D7A	치	치	N	2015	120	N	7	13	13	unicode-total	火	木	fine linen; fine hemp fiber	糸		치:1N	가는 칡베 치, 가는 갈포 치
絿	U+7D7F	구	구	N	2015	120	N	7	13	13	unicode-total	火	木	urgent	糸		구:0N	급박할 구, 급할 구
綃	U+7D83	초	초	N	2015	120	N	7	13	13	unicode-total	火	木	raw silk fabric	糸		초:1N	생명주실 초
綆	U+7D86	경	경	N	2015	120	N	7	13	13	unicode-total	火	木	well rope	糸		경:1N	두레박줄 경
綉	U+7D89	수	수	N	2018	120	N	7	13	13	unicode-total	火	木	embroider; embroidery; ornament	糸		수:N	
綎	U+7D8E	정	정	N	2015	120	N	7	12	13	kangxi-sum	火	木	silk braided cord	糸		정:0N	띠술 정, 인끈 정
綏	U+7D8F	수	수	N	2015	120	N	7	13	13	unicode-total	火	木	soothe, appease, pacify; carriage harness	糸		수:0N	편안할 수, 수레고삐 수, 물러갈 수, 여우모양 수 / 깃발 늘어질 유
經	U+7D93	경	경	Y		120	N	7	13	13	unicode-total	火	木	classic works; pass through	糸		경:0E	날 경, 경서 경
綘	U+7D98	봉	봉	N	2015	120	N	7	13	13	unicode-total	火	木		糸		봉:1N	縫과 同字
綜	U+7D9C	종	종	N	2015	120	N	8	14	14	unicode-total	火	木	arrange threads for weaving	糸		종:0N	모을 종
綠	U+7DA0	록	녹,록	Y		120	N	8	14	14	unicode-total	火	木	green; chlorine	糸	녹	녹:0 록:0E	초록빛 록 / 초록빛 녹
綢	U+7DA2	주	주	N	2015	120	N	8	14	14	unicode-total	火	木	silk cloth, satin damask	糸		주:0N	얽힐 주, 빽빽할 주
綣	U+7DA3	권	권	N	2015	120	N	8	14	14	unicode-total	火	木	affectionate, solicitous	糸		권:1N	정다울 권
綥	U+7DA5	기	기	N	2015	120	N	8	14	14	unicode-total	火	木		糸		기:1N	비단 쑥색 기
綦	U+7DA6	기	기	N	2015	120	N	8	14	14	unicode-total	火	木	dark grey. variegated. superlative	糸		기:1N	연두빛 비단 기
綧	U+7DA7	준	준	N	2015	120	N	8	14	14	unicode-total	火	木		糸		준:1N	피륙의 폭의 넓이 준
綫	U+7DAB	선	선	N	2015	120	N	8	14	14	unicode-total	火	木	line, thread, wire; clue	糸		선:1N	線과 同字
綬	U+7DAC	수	수	N	2015	120	N	8	14	14	unicode-total	火	木	silk ribbon attached as a seal	糸		수:0N	인끈 수
維	U+7DAD	유	유	Y		120	N	8	14	14	unicode-total	火	木	maintain, preserve, safeguard	糸		유:0E	벼리 유, 이을 유, 맺을 유, 오직 유
綮	U+7DAE	계	계	N	2015	120	N	8	14	14	unicode-total	火	木	embroidered banner	糸		계:1N	발 고운 비단 계
綰	U+7DB0	관	관	N	2015	120	N	8	14	14	unicode-total	火	木	to string together, to bind up	糸		관:1N	얽을 관
綱	U+7DB1	강	강	Y		120	N	8	14	14	unicode-total	火	木	heavy rope, hawser; main points	糸		강:0E	벼리 강, 근본 강, 법 강, 대강 강
網	U+7DB2	망	망	N	2015	120	N	8	14	14	unicode-total	火	木	net, web; network	糸		망:0N	그물 망
綴	U+7DB4	철	철	N	2015	120	N	8	14	14	unicode-total	火	木	patch together, link, connect	糸		철:0N	꿰맬 철, 맺을 철 / 꿰멜 체
綵	U+7DB5	채	채	N	2015	120	N	8	14	14	unicode-total	火	木	varicolored silk; variegated	糸		채:0N	비단 채, 오색비단 채
綸	U+7DB8	륜	륜	N	2015	120	N	8	14	14	unicode-total	火	木	green silk thread or tassel	糸	윤	륜:0N	낚싯줄 륜, 푸른인끈 륜
綺	U+7DBA	기	기	N	2015	120	N	8	14	14	unicode-total	火	木	fine thin silk; elegant, beautiful	糸		기:0N	비단 기, 무늬놓은 비단 기
綻	U+7DBB	탄	탄	N	2015	120	N	8	14	14	unicode-total	火	木	ripped seam, rend, crack	糸		탄:0N	옷 터질 탄, 나타날 탄, 파할 탄
綽	U+7DBD	작	작	N	2015	120	N	8	14	14	unicode-total	火	木	graceful, delicate; spacious	糸		작:0N	너그러울 작
綾	U+7DBE	릉	능,릉	N	2015	120	N	8	14	14	unicode-total	火	木	thin silk, damask silk	糸	능	능:0 릉:0N	비단 릉 / 무늬 놓은 비단 능
綿	U+7DBF	면	면	Y		120	N	8	14	14	unicode-total	火	木	cotton wad; wool; soft, downy	糸		면:0E	이어질 면, 솜 면
緂	U+7DC2	담	담	N	2018	120	N	8	14	14	unicode-total	火	木		糸		담:N	
緄	U+7DC4	곤	곤	N	2015	120	N	8	14	14	unicode-total	火	木	cord; woven belt; hem; hemming	糸		곤:1N	띠 곤
緇	U+7DC7	치	치	N	2015	120	N	8	14	14	unicode-total	火	木	black silk	糸		치:0N	검을 치, 검은비단 치
緊	U+7DCA	긴	긴	Y		120	N	8	14	14	unicode-total	火	木	tense, tight, taut; firm, secure	糸		긴:0E	굳게 얽힐 긴, 요긴할 긴
緋	U+7DCB	비	비	N	2015	120	N	8	14	14	unicode-total	火	木	scarlet, dark red, crimson; purple	糸		비:0N	붉은 빛 비, 붉은 비단 비
緌	U+7DCC	유	유	N	2015	120	N	8	14	14	unicode-total	火	木	tassels hanging from hat	糸		유:1N	
緍	U+7DCD	민	민	N	2015	120	N	8	14	14	unicode-total	火	木	(variant of 緡) a fishing-line; cord; string of coins; a paper or straw string	糸		민:1N	낚시줄 민
総	U+7DCF	총	총	N	2015	120	N	8	14	14	unicode-total	火	木	collect; overall, altogether	糸		총:N	
緖	U+7DD6	서	서	Y		120	N	9	15	15	unicode-total	土	木	end of thread; thread, clue	糸		서:0E	실마리 서
緗	U+7DD7	상	상	N	2015	120	N	9	15	15	unicode-total	土	木	light-yellow color	糸		상:1N	담황색 상
緘	U+7DD8	함	함	N	2015	120	N	9	15	15	unicode-total	土	木	seal, close; bind; letter	糸		함:0N	봉할 함
線	U+7DDA	선	선	Y		120	N	9	15	15	unicode-total	土	木	thread, line, wire; clue	糸		선:0E	실 선, 기울 선
緜	U+7DDC	면	면	N	2015	120	N	9	15	15	unicode-total	土	木	cotton wad; wool; soft, downy	糸		면:1N	햇솜 면
緝	U+7DDD	집	집	N	2015	120	N	9	15	15	unicode-total	土	木	to sew in close stitches	糸		집:0N	낳을 집, 길쌈 집
緞	U+7DDE	단	단	N	2015	120	N	9	15	15	unicode-total	土	木	satin	糸		단:0N	비단 단
締	U+7DE0	체	체	N	2015	120	N	9	15	15	unicode-total	土	木	tie, join, connect; connection	糸		체:0N	맺을 체
緡	U+7DE1	민	민	N	2015	120	N	9	15	15	unicode-total	土	木	a fishing-line; cord; string of coins; a paper or straw string	糸		민:0N	낚시줄 민, 입힐 민
緣	U+7DE3	연	연	Y		120	N	9	15	15	unicode-total	土	木	hem, margin; reason, cause; karma, fate	糸		연:0E	인연 연, 서두를 연
緦	U+7DE6	시	시	N	2015	120	N	9	15	15	unicode-total	土	木	coarse cotton cloth used for mourning	糸		시:1N	보름새베 시, 시마복 시, 석달복 시
編	U+7DE8	편	편	Y		120	N	9	15	15	unicode-total	土	木	knit, weave; arrange; compile	糸		편:0E	책편 편, 기록할 편, 첩지 편, 벌릴 편, 엮을 편
緩	U+7DE9	완	완	Y		120	N	9	15	15	unicode-total	土	木	slow, leisurely; to postpone, delay	糸		완:0E	느즈러질 완, 더딜 완
緬	U+7DEC	면	면	N	2015	120	N	9	15	15	unicode-total	土	木	distant, remote; think of	糸		면:0N	가는 실 면, 아득할 면
緯	U+7DEF	위	위	Y		120	N	9	15	15	unicode-total	土	木	woof; parallels of latitude	糸		위:0E	씨줄 위, 별 오른편으로 돌 위, 경위 위
練	U+7DF4	련	련,연	Y		120	N	9	15	15	unicode-total	土	木	practice, drill, exercise, train	糸	연	련:0E 연:0	익힐 련 / 이길 련, 익힐 련, 겪을 련
緶	U+7DF6	편	편	N	2015	120	N	9	15	15	unicode-total	土	木	hem; plait, braid, queue	糸		편:1N	꿰맬 편
緹	U+7DF9	제	제	N	2015	120	N	9	15	15	unicode-total	土	木	reddish color, red, brown	糸		제:1N	붉은 비단 제
緻	U+7DFB	치	치	N	2015	120	N	9	16	16	total-gt-rs-check	土	木	delicate, fine; dense	糸		치:0N	톡톡할 치, 빽빽할 치, 헌 옷 기울 치
縃	U+7E03	서	서	N	2015	120	N	9	15	15	unicode-total	土	木		糸		서:N	
縈	U+7E08	영	영	N	2015	120	N	10	16	16	unicode-total	土	木	entangle, entwine, coil	糸		영:1N	얽힐 영, 맬 영
縉	U+7E09	진	진	N	2015	120	N	10	16	16	unicode-total	土	木	red silk	糸		진:0N	搢과 同字, 분홍빛 진
縊	U+7E0A	액	액	N	2015	120	N	10	16	16	unicode-total	土	木	hang, strangle	糸		액:0N	목 맬 액 / 목 맬 의
縋	U+7E0B	추	추	N	2015	120	N	10	15	16	kangxi-sum	土	木	climb down rope; hang by rope	糸		추:1N	줄에 달릴 추
縐	U+7E10	추	추	N	2015	120	N	10	16	16	unicode-total	土	木	crepe, crape, wrinkles, creases	糸		추:1N	주름 추, 구길 추
縑	U+7E11	겸	겸	N	2015	120	N	10	16	16	unicode-total	土	木	fine silk	糸		겸:1N	합사비단 겸
縕	U+7E15	온	온	N	2015	120	N	10	16	16	unicode-total	土	木	tangled hemp, raveled silk; vague, confused	糸		온:0N	모시 온, 묵은 솜 온
縗	U+7E17	최	최	N	2015	120	N	10	16	16	unicode-total	土	木	sackcloth worn on breast during	糸		최:1N	상복 최, 상옷 최
縘	U+7E18	계	계	N	2015	120	N	10	16	16	unicode-total	土	木		糸		계:1N	繫와 同字
縛	U+7E1B	박	박	N	2015	120	N	10	16	16	unicode-total	土	木	to tie	糸		박:0N	묶을 박
縝	U+7E1D	진	진	N	2015	120	N	10	16	16	unicode-total	土	木	detailed, fine; closely woven	糸		진:0N	삼실 진, 맺을 진
縞	U+7E1E	호	호	N	2015	120	N	10	16	16	unicode-total	土	木	white raw silk	糸		호:0N	명주 호, 흴 호, 흰비단 호
縟	U+7E1F	욕	욕	N	2015	120	N	10	16	16	unicode-total	土	木	decorative, adorned, elegant	糸		욕:0N	꾸밀
縠	U+7E20	곡	곡	N	2015	120	N	10	16	16	unicode-total	土	木	crepe	糸		곡:1N	주름 비단 곡
縡	U+7E21	재	재	N	2015	120	N	10	16	16	unicode-total	土	木	matter, affair	糸		재:0N	일 재, 실을 재
縢	U+7E22	등	등	N	2015	120	N	10	16	16	unicode-total	土	木	bind, tie up, restrain; cord	糸		등:1N	봉할 등
縣	U+7E23	현	현	Y		120	N	10	16	16	unicode-total	土	木	county, district, subdivision	糸		현:0E	매달릴 현, 끊어질 현, 고을 현
縫	U+7E2B	봉	봉	N	2015	120	N	11	16	17	kangxi-sum	金	木	sew, mend	糸		봉:0N	꿰맬 봉
縮	U+7E2E	축	축	Y		120	N	11	17	17	unicode-total	金	木	contract, draw in, reduce	糸		축:0E	줄어들 축, 물러갈 축, 거둘 축, 모자랄 축, 오그라질 축
縯	U+7E2F	연	연	N	2015	120	N	11	17	17	unicode-total	金	木	long	糸		연:0N	길 연, 늘일 연
縱	U+7E31	종	종	Y		120	N	11	17	17	unicode-total	金	木	indulge in, give free reign to	糸		종:0E	늘어질 종, 세로 종
縲	U+7E32	류	류	N	2015	120	N	11	17	17	unicode-total	金	木	a chain or rope used bind criminals	糸	유	류:1N	포승 류
縳	U+7E33	견	견	N	2015	120	N	11	17	17	unicode-total	金	木	wrap	糸		견:1N	
縵	U+7E35	만	만	N	2015	120	N	11	17	17	unicode-total	金	木	plain silk; simple, plain	糸		만:1N	무늬 없는 비단 만
縷	U+7E37	루	누,루	N	2015	120	N	11	17	17	unicode-total	金	木	thread; detailed, precise	糸	누	누:0 루:0N	실 루 / 자세할 누, 실 누
縹	U+7E39	표	표	N	2015	120	N	11	17	17	unicode-total	金	木	light blue silk; dim; misty	糸		표:1N	옥빛 표, 훌쩍 날 표
縻	U+7E3B	미	미	N	2015	120	N	11	17	17	unicode-total	金	木	halter for ox; tie up, harness	糸		미:1N	고삐 미, 얽어맬 미
總	U+7E3D	총	총	Y		120	N	11	17	17	unicode-total	金	木	collect; overall, altogether	糸		총:0E	꿰맬 총, 거느릴 총, 합할 총, 끄덩이 잡을 총
績	U+7E3E	적	적	Y		120	N	11	17	17	unicode-total	金	木	spin; achievements	糸		적:0E	길쌈 적, 공 적, 이룰 적, 이을 적
繁	U+7E41	번	번	Y		120	N	11	17	17	unicode-total	金	木	complicated, complex, difficult	糸		번:0E	많을 번, 성할 번
繃	U+7E43	붕	붕	N	2015	120	N	11	17	17	unicode-total	金	木	bind, draw firmly, strap	糸		붕:0N	묶을 붕
繄	U+7E44	예	예	N	2015	120	N	11	17	17	unicode-total	金	木	be; particle; sigh, alas	糸		예:1N	검푸른 비단 예, 탄식하는 소리 예
繅	U+7E45	소	소	N	2015	120	N	11	17	17	unicode-total	金	木	draw, reel silk from cocoons; elegant compositions	糸		소:1N	고치 실 뽑을 소
繆	U+7E46	무	무	N	2015	120	N	11	17	17	unicode-total	金	木	wind around, bind; prepare	糸		무:0N	묶을 무, 얽을 무, 삼 무
繇	U+7E47	요	요	N	2015	120	N	11	17	17	unicode-total	金	木	reason, cause	糸		요:0N	따를 요, 성할 요
繈	U+7E48	강	강	N	2015	120	N	12	17	18	kangxi-sum|kangxi-pos:120.11	金	木	string of copper coins; swaddling clothes	糸		강:1N	繦의 本字
繐	U+7E50	세	세	N	2015	120	N	12	18	18	unicode-total	金	木	fine cloth	糸		세:1N	가늘고 성긴 베 세
繒	U+7E52	증	증	N	2015	120	N	12	18	18	unicode-total	金	木	silk fabrics; surname	糸		증:0N	비단 증
織	U+7E54	직	직	Y		120	N	12	18	18	unicode-total	金	木	weave, knit; organize, unite	糸		직:0E	짤 직
繕	U+7E55	선	선	N	2015	120	N	12	18	18	unicode-total	金	木	repair, mend; rewrite, transcribe	糸		선:0N	기울 선
繖	U+7E56	산	산	N	2015	120	N	12	18	18	unicode-total	金	木	umbrella, parasol, parachute	糸		산:1N	일산 산
繗	U+7E57	린	린	N	2015	120	N	12	18	18	unicode-total	金	木		糸	인	린:1N	이을 린
繙	U+7E59	번	번	N	2015	120	N	12	18	18	unicode-total	金	木	to interpret; to flap, flutter in the wind	糸		번:1N	되풀이 풀이할 번
繚	U+7E5A	료	료	N	2015	120	N	12	18	18	unicode-total	金	木	wind round, rap around, bind	糸	요	료:1N	감길 료
繞	U+7E5E	요	요	N	2015	120	N	12	18	18	unicode-total	金	木	entwine; wind around; surround	糸		요:0N	얽힐 요, 둘릴 요
繡	U+7E61	수	수	N	2015	120	N	12	19	19	total-gt-rs-check	水	木	embroider; embroidery; ornament	糸		수:0N	수놓을 수, 성씨 수
繢	U+7E62	궤	궤	N	2015	120	N	12	18	18	unicode-total	金	木	draw, sketch, paint	糸		궤:1N	톱끝 궤
繩	U+7E69	승	승	N	2015	120	N	13	19	19	unicode-total	水	木	rope, string, cord; measure, restrain	糸		승:0N	노끈 승, 법 승, 다스릴 승, 이을 승
繪	U+7E6A	회	회	N	2015	120	N	13	19	19	unicode-total	水	木	draw, sketch, paint	糸		회:0N	그림 회
繫	U+7E6B	계	계	Y		120	N	13	19	19	unicode-total	水	木	attach, connect, unite, fasten	糸		계:0E	맬 계, 맺을 계
繭	U+7E6D	견	견	N	2015	120	N	13	19	19	unicode-total	水	木	cocoon; callus, blister	糸		견:0N	고치 견, 발 부르틀 견, 목 쉴 견, 비단 견
繯	U+7E6F	현	현	N	2015	120	N	13	19	19	unicode-total	水	木	noose; death by hanging; tie, bind	糸		현:1N	얽힐 현, 둘릴 현, 맬 현
繰	U+7E70	조	조	N	2015	120	N	13	19	19	unicode-total	水	木	to reel silk from cocoons	糸		조:0N	야청 통견 조, 아청통견 조
繶	U+7E76	억	억	N	2015	120	N	13	19	19	unicode-total	水	木		糸		억:1N	땋은 노 억
繹	U+7E79	역	역	N	2015	120	N	13	19	19	unicode-total	水	木	to unravel or unreel silk; to interpret, explain	糸		역:0N	삭일 역, 베풀 역, 실 끝 찾을 역
繼	U+7E7C	계	계	Y		120	N	14	20	20	unicode-total	水	木	continue, maintain, carry on	糸		계:0E	이을 계
繽	U+7E7D	빈	빈	N	2015	120	N	14	20	20	unicode-total	水	木	flourishing, thriving, abundant	糸		빈:1N	어지러울 빈
繾	U+7E7E	견	견	N	2015	120	N	14	19	20	kangxi-sum	水	木	attached to, inseparable; entangled	糸		견:1N	곡진할 견, 마지 않을 견
纁	U+7E81	훈	훈	N	2015	120	N	14	20	20	unicode-total	水	木	light red, pink	糸		훈:1N	분홍빛 훈
纂	U+7E82	찬	찬	N	2015	120	N	14	20	20	unicode-total	水	木	edit, compile; topknot, chignon	糸		찬:0N	모을 찬
纇	U+7E87	뢰	뢰	N	2015	120	N	15	21	21	unicode-total	木	木	knot; blemish, flaw, wicked	糸	뇌	뢰:1N	실 마디 뢰
纈	U+7E88	힐	힐	N	2015	120	N	15	21	21	unicode-total	木	木	patterned silk; tie knot	糸		힐:1N	홀치기염색 힐
纊	U+7E8A	광	광	N	2015	120	N	15	20	21	kangxi-sum	木	木	cotton; silk	糸		광:1N	솜 광
續	U+7E8C	속	속	Y		120	N	15	21	21	unicode-total	木	木	continue, carry on; succeed	糸		속:0E	이을 속
纍	U+7E8D	류	류	N	2015	120	N	15	21	21	unicode-total	木	木	bind, wind about; link, join	糸	유	류:1N	갇힐 류
纏	U+7E8F	전	전	N	2015	120	N	15	21	21	unicode-total	木	木	wrap, wind around; tie, bind	糸		전:0N	둘릴 전, 묶을 전, 얽을 전
纓	U+7E93	영	영	N	2015	120	N	17	23	23	unicode-total	火	木	a chin strap, tassel; to annoy, bother	糸		영:0N	갓끈 영, 말 가슴걸이 영, 얽힐 영
纔	U+7E94	재	재	N	2015	120	N	17	23	23	unicode-total	火	木	talent, ability; just, only	糸		재:1N	겨우 재, 비롯할 재
纖	U+7E96	섬	섬	N	2015	120	N	17	23	23	unicode-total	火	木	fine, delicate; minute; graceful	糸		섬:0N	가늘 섬
纘	U+7E98	찬	찬	N	2015	120	N	19	25	25	unicode-total	土	木	continue, carry on, succeed	糸		찬:0N	이을 찬
纙	U+7E99	라	라	N	2018	120	N	19	25	25	unicode-total	土	木		糸	나	라:N	
纛	U+7E9B	독	독	N	2015	120	N	19	25	25	unicode-total	土	木	a banner, a streamer	糸		독:0N	깃일산
纜	U+7E9C	람	람	N	2015	120	N	21	27	27	unicode-total	金	木	hawser, heavy-duty rope, cable	糸	남	람:0N	닻줄 람
缶	U+7F36	부	부	N	2015	121	N	0	6	6	unicode-total	土		earthen crock or jar; Kangxi radical 121	缶		부:0N	장군 부
缸	U+7F38	항	항	N	2015	121	N	3	9	9	unicode-total	水		earthenware jug, crock; cistern	缶		항:0N	항아리 항
缺	U+7F3A	결	결	Y		121	N	4	10	10	unicode-total	水		be short of, lack; gap, deficit	缶		결:0E	이지러질 결, 번개 번쩍거릴 결, 깨어질 결, 이 빠질 결
缾	U+7F3E	병	병	N	2015	121	N	6	12	12	unicode-total	木		jar, bottle	缶		병:1N	두레박 병
缿	U+7F3F	항	항	N	2015	121	N	6	12	12	unicode-total	木			缶		항:1N	항통 항, 문서함 항, 벙어리 항
罃	U+7F43	앵	앵	N	2015	121	N	10	16	16	unicode-total	土		long necked jar or bottle	缶		앵:1N	술병 앵
罄	U+7F44	경	경	N	2015	121	N	11	17	17	unicode-total	金		exhaust, run out, use up; empty	缶		경:1N	빌 경
罅	U+7F45	하	하	N	2015	121	N	11	17	17	unicode-total	金		crack, fissure, split	缶		하:1N	틈 하
罇	U+7F47	준	준	N	2015	121	N	12	18	18	unicode-total	金		a goblet; a bottle, a wine-jar	缶		준:1N	樽·尊과 同字
罋	U+7F4B	옹	옹	N	2015	121	N	13	19	19	unicode-total	水		earthen jar; jar for ashes	缶		옹:1N	甕과 同字
罌	U+7F4C	앵	앵	N	2015	121	N	14	20	20	unicode-total	水		long necked jar or bottle	缶		앵:0N	술병 앵
罍	U+7F4D	뢰	뢰	N	2015	121	N	15	21	21	unicode-total	木		large earthenware wine jar	缶	뇌	뢰:1N	술독 뢰
罎	U+7F4E	담	담	N	2015	121	N	16	22	22	unicode-total	木		an earthenware jar, a jug	缶		담:1N	壜과 同字
罐	U+7F50	관	관	N	2015	121	N	18	23	24	kangxi-sum	火		jar, jug, pitcher, pot	缶		관:0N	두레박 관, 물동이 관
罔	U+7F54	망	망	Y		122	N	3	8	9	radical-full	水		net; deceive; libel; negative	网		망:0E	그물 망, 없을 망
罕	U+7F55	한	한	N	2015	122	N	3	7	9	radical-full|component-kangxi-diff	水		rare, scarce; surname	网		한:0N	드물 한
罘	U+7F58	부	부	N	2015	122	N	4	9	10	radical-full	水		screen used in ancient times	网		부:1N	그물 부
罝	U+7F5D	저	저	N	2015	122	N	5	10	11	radical-full	木		net for catching rabbits	网		저:1N	짐승 그물 저
罟	U+7F5F	고	고	N	2015	122	N	5	10	11	radical-full	木		net; snare; pressure come or go	网		고:1N	그물 고
罠	U+7F60	민	민	N	2015	122	N	5	10	11	radical-full	木		animal trap	网		민:1N	그물 민
罡	U+7F61	강	강	N	2015	122	N	5	10	11	radical-full	木		the stars making up the handle of the Big Dipper (Alkaid, Mizar, and Alioth)	网		강:1N	강별 강
罣	U+7F63	괘	괘	N	2015	122	N	6	11	12	radical-full	木		hinder, disturb, obstruct	网		괘:1N	걸 괘
罦	U+7F66	부	부	N	2015	122	N	7	12	13	radical-full	火		net	网		부:1N	그물 부
罨	U+7F68	엄	엄	N	2015	122	N	8	13	14	radical-full	火		medical compress; fish net	网		엄:1N	그물 엄
罪	U+7F6A	죄	죄	Y		122	N	8	13	14	radical-full	火		crime, sin, vice; evil; hardship	网		죄:0E	허물 죄
罫	U+7F6B	괘	괘	N	2015	122	N	8	13	14	radical-full	火		hinder	网		괘:0N	줄 괘, 줄칠 괘
置	U+7F6E	치	치	Y		122	N	8	13	14	radical-full	火		place, lay out; set aside	网		치:0E	베풀 치, 버릴 치, 역말 치, 안치할 치, 둘 치
罰	U+7F70	벌	벌	Y		122	N	9	14	15	radical-full	土		penalty, fine; punish, penalize	网		벌:0E	죄 벌, 벌줄 벌
署	U+7F72	서	서	Y		122	N	9	14	15	radical-full|kangxi-pos-residual:8>9	土		public office	网		서:0E	관청 서, 마을 서
罵	U+7F75	매	매	N	2015	122	N	10	15	16	radical-full	土		accuse, blame, curse, scold	网		매:0N	욕할 매
罷	U+7F77	파	파	Y		122	N	10	15	16	radical-full	土		cease, finish, stop; give up	网		파:0E	파할 파, 내칠 파
罸	U+7F78	벌	벌	N	2015	122	N	10	15	16	radical-full	土		penalty, fine; punish, penalize	网		벌:1N	罰과 同字
罹	U+7F79	리	리,이	N	2015	122	N	11	16	17	radical-full	金		sorrow, grief; incur, meet with	网	이	리:0N 이:0	근심 리, 만날 리 / 만날 리, 근심할 리, 걸릴 리
罼	U+7F7C	필	필	N	2015	122	N	11	15	17	radical-full|component-kangxi-diff	金			网		필:1N	토끼그물 필
罽	U+7F7D	계	계	N	2015	122	N	12	17	18	radical-full	金		a kind of woolen fabric	网		계:1N	물고기 그물 계
罾	U+7F7E	증	증	N	2015	122	N	12	17	18	radical-full	金		a large square net, lowered and raised from the bank of the river	网		증:1N	어망 증
羂	U+7F82	견	견	N	2015	122	N	13	18	19	radical-full	水		to trap, snare	网		견:1N	걸 견, 걸릴 견
羅	U+7F85	라	나,라	Y		122	N	14	19	20	radical-full	水		net for catching birds; gauze	网	나	나:0 라:0E	새그물 라 / 새 그물 나
羆	U+7F86	비	비	N	2015	122	N	14	19	20	radical-full	水		brown bear, Ursus arctos	网		비:1N	큰 곰 비
羇	U+7F87	기	기	N	2015	122	N	17	22	23	radical-full	火		an inn; to lodge; travel	网		기:1N	나그네 기
羈	U+7F88	기	기	N	2015	122	N	19	24	25	radical-full	土		halter; restrain, hold, control	网		기:0N	굴레 기, 말 굴레 기
羊	U+7F8A	양	양	Y		123	N	0	6	6	unicode-total	土		sheep, goat; Kangxi radical 123	羊		양:0E	양 양
羌	U+7F8C	강	강	N	2015	123	N	2	7	8	kangxi-sum	金		Qiang nationality; surname	羊		강:0N	오랑캐 강, 말 끝낼 강
美	U+7F8E	미	미	Y		123	N	3	9	9	unicode-total	水		beautiful, pretty; pleasing	羊		미:0E	아름다울 미, 맛이 좋을 미
羔	U+7F94	고	고	N	2015	123	N	4	10	10	unicode-total	水		lamb, kid	羊		고:0N	새끼양 고
羖	U+7F96	고	고	N	2015	123	N	4	10	10	unicode-total	水		a black ram	羊		고:1N	검은 암양 고
羘	U+7F98	장	장	N	2015	123	N	4	10	10	unicode-total	水		ram	羊		장:1N	수양 장
羚	U+7F9A	령	령,영	N	2015	123	N	5	11	11	unicode-total	木		species of antelope	羊	영	령:0N 영:0	영양 령 / 영양 령, 큰 뿔 양 령
羝	U+7F9D	저	저	N	2015	123	N	5	11	11	unicode-total	木		ram, he-goat	羊		저:1N	숫양 저
羞	U+7F9E	수	수	N	2015	123	N	5	10	11	kangxi-sum	木		disgrace, shame; ashamed; shy	羊		수:0N	부끄러울 수, 음식 수, 부끄러워할 수
羡	U+7FA1	이	이	N	2015	123	N	6	12	12	unicode-total	木		envy, admire; praise; covet	羊		이:N	
群	U+7FA4	군	군	Y		123	N	7	13	13	unicode-total	火		group, crowd, multitude, mob	羊		군:0E	무리 군
羨	U+7FA8	선	선	N	2015	123	N	7	13	13	unicode-total	火		envy, admire; praise; covet	羊		선:0N	부러워할 선, 부끄러워할 선
義	U+7FA9	의	의	Y		123	N	7	13	13	unicode-total	火		right conduct, righteousness	羊		의:0E	옳을 의, 의리 의, 뜻 의
羫	U+7FAB	강	강	N	2015	123	N	8	14	14	unicode-total	火		the skeleton of a sheep	羊		강:1N	밭 갈 강
羯	U+7FAF	갈	갈	N	2015	123	N	9	15	15	unicode-total	土		wether, castrated ram; deer skin	羊		갈:1N	불친 양 갈, 땅이름 갈
羲	U+7FB2	희	희	N	2015	123	N	10	16	16	unicode-total	土		surname	羊		희:0N	숨 희, 복희 희
羶	U+7FB6	전	전	N	2015	123	N	13	19	19	unicode-total	水		rank odor	羊		전:1N	노린내날 전
羸	U+7FB8	리	리	N	2015	123	N	13	19	19	unicode-total	水		weak, lean, emaciated, exhausted	羊	이	리:0N	여윌 리, 파리할 리
羹	U+7FB9	갱	갱	N	2015	123	N	13	19	19	unicode-total	水		soup, broth	羊		갱:0N	국 갱
羽	U+7FBD	우	우	Y		124	N	0	6	6	unicode-total	土		feather, plume; wings; Kangxi radical 124	羽		우:0E	깃 우, 오음의 하나 우
羿	U+7FBF	예	예	N	2015	124	N	3	9	9	unicode-total	水		legendary archer	羽		예:N	
翁	U+7FC1	옹	옹	Y		124	N	4	10	10	unicode-total	水		old man; father, father-in-law	羽		옹:0E	늙은이 옹, 새 목털 아래 옹
翅	U+7FC5	시	시	N	2015	124	N	4	10	10	unicode-total	水		wings; fin	羽		시:0N	날개 시, 깃 시, 뿐 시
翊	U+7FCA	익	익	N	2015	124	N	5	11	11	unicode-total	木		flying; assist, help; respect	羽		익:0N	도울 익
翌	U+7FCC	익	익	N	2015	124	N	5	11	11	unicode-total	木		bright; daybreak, dawn; the next day	羽		익:0N	다음날 익
翎	U+7FCE	령	령	N	2015	124	N	5	11	11	unicode-total	木		feather; plume; wing	羽	영	령:0N	깃 령, 날개 령
習	U+7FD2	습	습	Y		124	N	5	11	11	unicode-total	木		practice; flapping wings	羽		습:0E	익힐 습, 거듭 습
翔	U+7FD4	상	상	N	2015	124	N	6	12	12	unicode-total	木		soar, glide, hover; detailed	羽		상:0N	빙빙돌아날 상
翕	U+7FD5	흡	흡	N	2015	124	N	6	12	12	unicode-total	木		agree	羽		흡:0N	합할 흡
翖	U+7FD6	흡	흡	N	2015	124	N	6	12	12	unicode-total	木		ksc extension 3108	羽		흡:1N	翕과 同字
翛	U+7FDB	소	소	N	2015	124	N	7	12	13	kangxi-sum	火		look of rumpled feathers; bedraggled; hasty; rapid flight	羽		소:1N	날개치는 소리 소, 모지라질 소
翟	U+7FDF	적	적	N	2015	124	N	8	14	14	unicode-total	火		surname; a kind of pheasant; plumes	羽		적:0N	꿩의 깃 적, 황후의 옷 적 / 꿩 책
翠	U+7FE0	취	취	N	2015	124	N	8	14	14	unicode-total	火		color green; kingfisher	羽		취:0N	비취 취, 푸를 취, 깃푸른새 취
翡	U+7FE1	비	비	N	2015	124	N	8	14	14	unicode-total	火		kingfisher; emerald, jade	羽		비:0N	물총새 비, 비취새 비
翣	U+7FE3	삽	삽	N	2015	124	N	8	14	14	unicode-total	火		feathers used decorate coffin; large wooden fan	羽		삽:1N	운삽 삽
翤	U+7FE4	시	시	N	2015	124	N	8	14	14	unicode-total	火			羽		시:1N	
翦	U+7FE6	전	전	N	2015	124	N	9	15	15	unicode-total	土		scissors; cut, clip; annihilate	羽		전:1N	베어 없앨 전, 멸할 전
翩	U+7FE9	편	편	N	2015	124	N	9	15	15	unicode-total	土		fly, flutter	羽		편:0N	훌쩍 날 편, 오락가락할 편, 훌쩍나는 모양 편
翫	U+7FEB	완	완	N	2015	124	N	9	15	15	unicode-total	土		careless, play; a legendary archer	羽		완:0N	익숙할 완, 싫을 완, 구경할 완, 싫은 완
翬	U+7FEC	휘	휘	N	2015	124	N	9	15	15	unicode-total	土		pheasant; variegated; to fly	羽		휘:1N	훨훨날 휘
翮	U+7FEE	핵	핵	N	2015	124	N	10	16	16	unicode-total	土		stem of feather; quill	羽		핵:1N	깃촉 핵, 쭉지 핵, 칼 갓 핵
翰	U+7FF0	한	한	N	2015	124	N	10	16	16	unicode-total	土		writing brush, pen, pencil	羽		한:0N	날개 한, 벼슬이름 한
翳	U+7FF3	예	예	N	2015	124	N	11	17	17	unicode-total	金		shade, screen; to hide, screen	羽		예:1N	어조사 예, 깃 일산 예, 가려 숨길 예, 새이름 예
翹	U+7FF9	교	교	N	2015	124	N	12	18	18	unicode-total	金		turn up, lift, elevate, raise	羽		교:0N	꼬리 긴 깃털 교, 우뚝우뚝솟은 모양 교
翺	U+7FFA	고	고	N	2015	124	N	12	18	18	unicode-total	金		soar, roam	羽		고:1N	날 고
翻	U+7FFB	번	번	N	2015	124	N	12	18	18	unicode-total	金		flip over, upset, capsize	羽		번:1N	날 번
翼	U+7FFC	익	익	Y		124	N	12	17	18	kangxi-sum|kangxi-pos-residual:11>12	金		wings; fins on fish; shelter; 27th lunar mansion, determinative star α Crateris (Alkes)	羽		익:0E	날개 익
翾	U+7FFE	현	현	N	2015	124	N	13	19	19	unicode-total	水		fly; to flit	羽		현:1N	파뜩파뜩 날 현, 경박할 현, 영리할 현, 급할 현
耀	U+8000	요	요	N	2015	124	N	14	20	20	unicode-total	水		shine, sparkle, dazzle; glory	羽		요:0N	빛날 요
老	U+8001	로	노,로	Y		125	N	0	6	6	unicode-total	土		old, aged; experienced; Kangxi radical 125	老	노	노:0 로:0E	늙은이 로 / 늙을 노, 늙은이 노
考	U+8003	고	고	Y		125	N	0	6	6	unicode-total	土		examine, test; investigate	老		고:0E	상고할 고
耄	U+8004	모	모	N	2015	125	N	4	10	10	total-gt-rs-check	水		elderly person; very old, senile	老		모:1N	늙은이 모
者	U+8005	자	자	Y		125	N	4	9	9	total-gt-rs-check	水		that which; he who; those who	老		자:0E	놈 자
耆	U+8006	기	기	N	2015	125	N	4	10	10	total-gt-rs-check	水		man of sixty; aged, old	老		기:0N	늙은이 기
耇	U+8007	구	구	N	2015	125	N	5	9	9	unicode-total	水		wrinkled face of the elderly	老		구:N	
耈	U+8008	구	구	N	2015	125	N	5	11	11	total-gt-rs-check	木		old age	老		구:N	
而	U+800C	이	이	Y		126	N	0	6	6	unicode-total	土		and; and then; and yet; but; Kangxi radical 126	而		이:0E	순접의 어조사 이, 너 이, 말이을 이, 이에 이
耐	U+8010	내	내	Y		126	N	3	9	9	unicode-total	水		endure, bear; resist; patient	而		내:0E	견딜 내
耑	U+8011	단	단	N	2015	126	N	3	9	9	unicode-total	水		specialized; concentrated	而		단:1N	시초 단
耒	U+8012	뢰	뢰	N	2015	127	N	0	6	6	unicode-total	土		handle of plow; plow; Kangxi radical 127	耒	뇌	뢰:1N	쟁기 뢰
耔	U+8014	자	자	N	2015	127	N	3	9	9	unicode-total	水		to hoe up the earth around plants	耒		자:1N	복돋을 자
耕	U+8015	경	경	Y		127	N	4	10	10	unicode-total	水		plow, cultivate	耒		경:0E	밭갈 경
耖	U+8016	초	초	N	2015	127	N	4	10	10	unicode-total	水		harrow	耒		초:1N	밭 거듭 갈 초
耗	U+8017	모	모	N	2015	127	N	4	10	10	unicode-total	水		consume, use up; waste, squander	耒		모:0N	줄 모, 없을 모
耘	U+8018	운	운	N	2015	127	N	4	10	10	unicode-total	水		weed	耒		운:0N	길 맬 운, 김맬 운
耙	U+8019	파	파	N	2015	127	N	4	10	10	unicode-total	水		rake	耒		파:1N	쇠시랑 파
耞	U+801E	가	가	N	2015	127	N	5	11	11	unicode-total	木		flail	耒		가:1N	도리깨 가
耡	U+8021	서	서	N	2015	127	N	7	13	13	unicode-total	火		hoe	耒		서:1N	구실이름 서
耦	U+8026	우	우	N	2015	127	N	9	15	15	unicode-total	土		plow side by side; team of two	耒		우:1N	쟁기 우, 겨리 우, 짝 맞을 우
耨	U+8028	누	누	N	2015	127	N	10	16	16	unicode-total	土		hoe, rake; weed	耒		누:1N	김맬 누
耬	U+802C	루	루	N	2015	127	N	11	17	17	unicode-total	金		drill for sowing grain	耒	누	루:1N	씨 뿌리는 기구 루
耭	U+802D	기	기	N	2015	127	N	12	18	18	unicode-total	金		plow, cultivate	耒		기:0N	갈 기, 밭갈 기
耰	U+8030	우	우	N	2015	127	N	15	21	21	unicode-total	木		toothless rake for drawing earth over newly sown grain	耒		우:1N	고무래 우, 곰방메 우
耳	U+8033	이	이	Y		128	N	0	6	6	unicode-total	土		ear; merely, only; handle; Kangxi radical 128	耳		이:0E	귀 이, 조자리 이, 말 그칠 이, 여덟대 손자 이
耶	U+8036	야	야	Y		128	N	3	9	9	unicode-total	水		used in transliteration	耳		야:0E	의문의 어조야 야, 아비 야, 어조사 야
耽	U+803D	탐	탐	N	2015	128	N	4	10	10	unicode-total	水		indulge in; be negligent	耳		탐:0N	즐길 탐, 귀 축 늘어질 탐, 웅크리고 볼 탐, 즐거울 탐, 깊고 멀 탐
耿	U+803F	경	경	N	2015	128	N	4	10	10	unicode-total	水		bright, shining; have guts	耳		경:0N	빛날 경, 반짝거릴 경
聃	U+8043	담	담	N	2015	128	N	5	11	11	unicode-total	木		ears without rims; a personal name	耳		담:0N	노자이름 담, 귀바퀴없는 담
聆	U+8046	령	령,영	N	2015	128	N	5	11	11	unicode-total	木		listen, hear	耳	영	령:0N 영:0	들을 령 / 들을 령, 깨달을 령
聈	U+8048	유	유	N	2015	128	N	5	11	11	unicode-total	木			耳		유:N	
聊	U+804A	료	료	N	2015	128	N	5	11	11	unicode-total	木		somewhat, slightly, at least	耳	요	료:0N	귀 울 료, 애오라지 료
聏	U+804F	이	이	N	2018	128	N	6	12	12	unicode-total	木			耳		이:N	
聒	U+8052	괄	괄	N	2015	128	N	6	12	12	unicode-total	木		clamor, din, hubbub	耳		괄:1N	떠들석할 괄
聕	U+8055	호	호	N	2015	128	N	7	13	13	unicode-total	火			耳		호:1N	들릴 호, 긴 귀 호
聖	U+8056	성	성	Y	2015	128	N	7	13	13	unicode-total	火		holy, sacred; sage, saint	耳		성:0EN	성인 성, 착할 성, 통할 성, 지극할 성
聘	U+8058	빙	빙	Y		128	N	7	13	13	unicode-total	火		engage, employ; betroth	耳		빙:0E	찾아가다 빙, 청할 빙
聚	U+805A	취	취	N	2015	128	N	8	14	14	unicode-total	火		assemble, meet together, collect	耳		취:0N	모을 취, 고을 취, 걷을 취, 쌓을 취
聞	U+805E	문	문	Y		128	N	8	14	14	unicode-total	火		hear; smell; make known; news	耳		문:0E	들을 문
聡	U+8061	총	총	N	2015	128	N	8	14	14	unicode-total	火		intelligent, clever, bright	耳		총:N	
聯	U+806F	련	련,연	Y		128	N	11	17	17	unicode-total	金		connect, join; associate, ally	耳	연	련:0E 연:0	잇달 련, 연할 련 / 잇닿을 련, 관계할 련, 연할 연
聰	U+8070	총	총	Y		128	N	11	17	17	unicode-total	金		intelligent, clever, bright	耳		총:0E	귀 밝을 총, 민첩할 총, 귀맑을 총
聱	U+8071	오	오	N	2015	128	N	11	16	17	kangxi-sum	金		bent and twisted; too complicated	耳		오:1N	못 들은채 할 오, 말 더듬거릴 오
聲	U+8072	성	성	Y		128	N	11	17	17	unicode-total	金		sound, voice, noise; tone; music	耳		성:0E	소리 성, 풍류 성, 명예 성
聳	U+8073	용	용	N	2015	128	N	11	17	17	unicode-total	金		urge on; rise up; stir, excite; to raise up; lofty	耳		용:0N	솟을 용, 귀먹을 용, 공경할 용
聵	U+8075	외	외	N	2015	128	N	12	18	18	unicode-total	金		deaf	耳		외:1N	배냇귀머거리 외
聶	U+8076	섭	섭	N	2015	128	N	12	18	18	unicode-total	金		whisper; surname	耳		섭:1N	소곤거릴 섭, 낄 섭, 성씨 섭
職	U+8077	직	직	Y		128	N	12	18	18	unicode-total	金		duty, profession; office, post	耳		직:0E	벼슬 직, 직분 직
聽	U+807D	청	청	Y		128	N	16	22	22	unicode-total	木		hear, listen; understand; obey	耳		청:0E	들을 청
聾	U+807E	롱	농,롱	N	2015	128	N	16	22	22	unicode-total	木		deaf	耳	농	농:0 롱:0N	귀머거리 롱 / 귀머거리 농
聿	U+807F	율	율	N	2015	129	N	0	6	6	unicode-total	土		writing brush, pencil; thereupon; Kangxi radical 129	聿		율:0N	마침내 율, 지을 율, 오직 율, 스스로 율, 붓 율, 드디어 율
肄	U+8084	이	이	N	2015	129	N	7	13	13	unicode-total	火		learn, practice, study; toil	聿		이:0N	익힐 이, 수고할 이, 휘추리 이, 곁가지 이
肅	U+8085	숙	숙	Y		129	N	7	12	13	kangxi-sum	火		pay respects; reverently	聿		숙:0E	공손할 숙, 공경할 숙, 경계할 숙, 엄숙할 숙
肆	U+8086	사	사	N	2015	129	N	7	13	13	unicode-total	火		indulge; excess; numeral four; particle meaning now, therefore; shop	聿		사:0N	방자할 사
肇	U+8087	조	조	N	2015	129	N	8	14	14	unicode-total	火		begin, commence, originate	聿		조:0N	비롯할 조, 비로소 조
肉	U+8089	육	육	Y		130	N	0	6	6	unicode-total	土		flesh; meat; Kangxi radical 130	肉		육:0E	고기 육, 몸 육, 살 육
肋	U+808B	륵	늑,륵	N	2015	130	N	2	6	8	radical-full	金		ribs; chest	肉	늑	늑:0 륵:0N	갈비 륵 / 갈비대 늑
肌	U+808C	기	기	N	2015	130	N	2	6	8	radical-full	金		muscle tissue; meat on bones	肉		기:0N	살 기
肓	U+8093	황	황	N	2015	130	N	3	7	9	radical-full	水		region between heart and diaphragm	肉		황:1N	명치 끝 황
肖	U+8096	초	초	Y		130	N	3	7	9	radical-full	水		look like, resemble, be like	肉		초:0E	닮을 초
肚	U+809A	두	두	N	2015	130	N	3	7	9	radical-full	水		belly; abdomen; bowels	肉		두:1N	밥통 두
肛	U+809B	항	항	N	2015	130	N	3	7	9	radical-full	水		anus	肉		항:0N	똥구멍 항, 배 뚱뚱할 항, 항문 항
肝	U+809D	간	간	Y		130	N	3	7	9	radical-full	水		liver	肉		간:0E	간 간
股	U+80A1	고	고	N	2015	130	N	4	8	10	radical-full	水		thighs, haunches, rump; share	肉		고:0N	넓적다리 고
肢	U+80A2	지	지	N	2015	130	N	4	8	10	radical-full	水		human limbs; animal feet	肉		지:0N	사지 지, 팔다리 지
肥	U+80A5	비	비	Y		130	N	4	8	10	radical-full	水		fat, plump, obese; fertile	肉		비:0E	살찔 비
肦	U+80A6	분	분	N	2015	130	N	4	8	10	radical-full	水		large head; many; high; to divide, to distribute	肉		분:1N	머리 클 분 / 나눌 반
肩	U+80A9	견	견	Y		130	N	4	8	10	radical-full	水		shoulders; to shoulder; bear	肉		견:0E	어깨 견, 이길 견, 맡길 견, 멜 견, 세 살 된 짐승 견
肪	U+80AA	방	방	N	2015	130	N	4	8	10	radical-full	水		animal fat	肉		방:0N	기름 방, 비계 방
肫	U+80AB	순	순	N	2015	130	N	4	8	10	radical-full	水		the gizzard of a fowl; honest, sincere	肉		순:1N	광대뼈 순, 정성스러울 순
肭	U+80AD	눌	눌	N	2015	130	N	4	8	10	radical-full	水		fat; seal	肉		눌:1N	물개 눌
肯	U+80AF	긍	긍	Y		130	N	4	8	10	radical-full	水		willing; consent to, permit	肉		긍:0E	옳이 여길 긍, 즐기어할 긍
肱	U+80B1	굉	굉	N	2015	130	N	4	8	10	radical-full	水		forearm	肉		굉:0N	팔뚝 굉
育	U+80B2	육	육	Y		130	N	4	8	10	radical-full	水		produce, give birth to; educate	肉		육:0E	기를 육, 날 육, 자랄 육
肴	U+80B4	효	효	N	2015	130	N	4	8	10	radical-full	水		cooked or prepared meat	肉		효:0N	안주 효
肵	U+80B5	기	기	N	2015	130	N	4	8	10	radical-full	水		table	肉		기:1N	적대 기
肺	U+80BA	폐	폐	Y		130	N	4	8	10	radical-full	水		lungs	肉		폐:0E	허파 폐, 부아 폐, 친할 폐, 마음속 폐
胃	U+80C3	위	위	Y		130	N	5	9	11	radical-full	木		stomach; gizzard of fowl; 17th lunar mansion, determinative star 35 Arietis	肉		위:0E	밥통 위, 별 이름 위, 성씨 위
胄	U+80C4	주	주	N	2018	130	N	5	9	11	radical-full	木		helmet, headpiece; descendant	肉		주:0N	후사 주, 투구 주
胆	U+80C6	단	단	N	2015	130	N	5	9	11	radical-full	木		gall bladder; bravery, courage	肉		단:1N	침비깨 단
胊	U+80CA	구	구	N	2015	130	N	5	9	11	radical-full	木		yoke	肉		구:1N	포(얇게 저미어서 말린 고기) 구
背	U+80CC	배	배	Y		130	N	5	9	11	radical-full	木		back; back side; behind; betray	肉		배:0E	등 배
胎	U+80CE	태	태	N	2015	130	N	5	9	11	radical-full	木		unborn child, embryo, fetus	肉		태:0N	아이 밸 태, 시작 태, 애밸 태
胕	U+80D5	부,주	부,주	N	2015	130	N	5	9	11	radical-full	木			肉		부:1N 주:N	장부 부
胖	U+80D6	반	반	N	2015	130	N	5	9	11	radical-full	木		fat, obese; fatty	肉		반:1N	희생 반
胙	U+80D9	조	조	N	2015	130	N	5	9	11	radical-full	木		meat offered in sacrifice to one's ancestors	肉		조:1N	복 조
胚	U+80DA	배	배	N	2015	130	N	5	9	11	radical-full	木		embryo; unfinished things	肉		배:0N	아이 밸 배
胛	U+80DB	갑	갑	N	2015	130	N	5	9	11	radical-full	木		the shoulder, shoulder blade	肉		갑:0N	어깻죽지 갑
胜	U+80DC	성,정	성,정	N	2015	130	N	5	9	11	radical-full	木		victory; excel, be better than	肉		성:N 정:N	
胞	U+80DE	포	포	Y		130	N	5	9	11	radical-full	木		womb, placenta, fetal membrane	肉		포:0E	태보 포, 한 배 포, 동포 포
胠	U+80E0	거	거	N	2015	130	N	5	9	11	radical-full	木		open; throw away	肉		거:1N	열 거, 갈비 거
胡	U+80E1	호	호	Y		130	N	5	9	11	radical-full	木		recklessly, foolishly; wildly	肉		호:0E	턱밑살 호, 오랑캐 호
胤	U+80E4	윤	윤	N	2015	130	N	5	9	11	radical-full	木		heir, successor; progeny, posterity	肉		윤:0N	맏아들 윤, 익힐 윤, 이을 윤
胥	U+80E5	서	서	N	2015	130	N	5	9	11	radical-full	木		all, together, mutually	肉		서:0N	서로 서
胯	U+80EF	고	고	N	2015	130	N	6	10	12	radical-full	木		pelvis; groin; thighs	肉		고:1N	사타구니 고 / 사타구니 과
胱	U+80F1	광	광	N	2015	130	N	6	10	12	radical-full	木		bladder	肉		광:0N	오줌통 광, 방광 광
胴	U+80F4	동	동	N	2015	130	N	6	10	12	radical-full	木		the large intestine; the body	肉		동:0N	큰 창자 동
胷	U+80F7	흉	흉	N	2015	130	N	6	10	12	radical-full	木		breast, chest, thorax; clamor	肉		흉:1N	胸과 同字
胸	U+80F8	흉	흉	Y		130	N	6	10	12	radical-full	木		breast, bosom, chest; thorax	肉		흉:0E	가슴 흉
能	U+80FD	능	능	Y		130	N	6	10	12	radical-full	木		to be able; can, permitted to; ability	肉		능:0E	능할 능
胾	U+80FE	자	자	N	2015	130	N	6	12	12	unicode-total	木		minced meat; to cut meat into pieces	肉		자:1N	고깃점 자
脂	U+8102	지	지	N	2015	130	N	6	10	12	radical-full	木		fat, grease, lard; grease	肉		지:0N	기름 지, 비계 지
脅	U+8105	협	협	Y		130	N	6	10	12	radical-full	木		ribs; armpits; flank; threaten	肉		협:0E	갈빗대 협, 위협할 협
脆	U+8106	취	취	N	2015	130	N	6	10	12	radical-full	木		crisp; fragile, frail; brittle	肉		취:0N	연할 취, 약할 취
脇	U+8107	협	협	N	2015	130	N	6	10	12	radical-full	木		ribs, armpits; flank; threaten	肉		협:0N	脅과 同字, 갈비 협
脈	U+8108	맥	맥	Y		130	N	6	10	12	radical-full	木		blood vessels, veins, arteries	肉		맥:0E	맥 맥
脊	U+810A	척	척	N	2015	130	N	6	10	12	radical-full	木		spine, backbone; ridge	肉		척:0N	등성마루 척
脖	U+8116	발	발	N	2015	130	N	7	11	13	radical-full	火		neck	肉		발:1N	배꼽 발
脗	U+8117	민	민	N	2015	130	N	7	11	13	radical-full	火		coinciding, agreeing	肉		민:N	
脘	U+8118	완	완	N	2015	130	N	7	11	13	radical-full	火		internal cavity of stomach	肉		완:0N	중완 완
脚	U+811A	각	각	Y		130	N	7	11	13	radical-full	火		leg, foot; base, leg, foundation	肉		각:0E	다리 각, 종아리 각
脛	U+811B	경	경	N	2015	130	N	7	11	13	radical-full	火		shinbone; calf of leg	肉		경:0N	정강이 경
脣	U+8123	순	순	Y		130	N	7	11	13	radical-full	火		lips	肉		순:0E	입술 순
脤	U+8124	신	신	N	2015	130	N	7	11	13	radical-full	火		raw meat for sacrifice	肉		신:1N	사직제 지낸 고기 신
脧	U+8127	최	최	N	2015	130	N	7	11	13	radical-full	火		reduce, contract; exploit; reproductive organ of infant	肉		최:1N	
脩	U+8129	수	수	N	2015	130	N	7	11	13	radical-full	火		dried meat (used as teachers payment in ancient times)	肉		수:0N	포 수, 길 수, 마를 수, 닦을 수
脫	U+812B	탈,태	탈,태	Y	2015	130	N	7	11	13	radical-full	火		take off, peel off, strip	肉		탈:0E 태:N	벗어날 탈, 간략할 탈, 뼈 바를 탈, 그르칠 탈, 벗을 탈
脯	U+812F	포	포	N	2015	130	N	7	11	13	radical-full	火		dried meat; preserved fruits	肉		포:0N	포 포, 말린 과실 포
脰	U+8130	두	두	N	2015	130	N	7	11	13	radical-full	火		the neck	肉		두:1N	목 두
脹	U+8139	창	창	N	2015	130	N	8	12	14	radical-full	火		swell, inflate, expand	肉		창:0N	배부를 창, 배불룩할 창
脺	U+813A	수	수	N	2015	130	N	8	12	14	radical-full	火		pancreas	肉		수:1N	얼굴 윤택할 수, 머리덜미 수
脾	U+813E	비	비	N	2015	130	N	8	12	14	radical-full	火		spleen, pancreas; disposition	肉		비:0N	지라 비, 비위 비
腁	U+8141	변	변	N	2015	130	N	8	12	14	radical-full	火		callus	肉		변:1N	살갗 틀 변
腆	U+8146	전	전	N	2015	130	N	8	12	14	radical-full	火		prosperous; good; protruding	肉		전:1N	두터울 전, 지극할 전, 많이 차려놓을 전
腊	U+814A	석	석	N	2015	130	N	8	12	14	radical-full	火		year-end sacrifice; dried meat	肉		석:1N	포 석
腋	U+814B	액	액	N	2015	130	N	8	12	14	radical-full	火		armpit	肉		액:0N	겨드랑이 액
腎	U+814E	신	신	N	2015	130	N	8	12	14	radical-full	火		kidneys; testes, gizzard	肉		신:0N	콩팥 신, 불알 신, 자지 신
腐	U+8150	부	부	Y		130	N	8	14	14	unicode-total	火		rot, decay, spoil; rotten	肉		부:0E	썩을 부
腑	U+8151	부	부	N	2015	130	N	8	12	14	radical-full	火		bowels, entrails, internal organs	肉		부:0N	장부 부
腒	U+8152	거	거	N	2015	130	N	8	12	14	radical-full	火		game	肉		거:1N	건치 거, 꿩 포 거
腓	U+8153	비	비	N	2015	130	N	8	12	14	radical-full	火		calf; avoid; be ill; wither	肉		비:1N	장딴지 비
腔	U+8154	강	강	N	2015	130	N	8	12	14	radical-full	火		chest cavity; hollow in body	肉		강:0N	창자 강, 속 빌 강, 뼈대 강, 말 허구리 강
腕	U+8155	완	완	N	2015	130	N	8	12	14	radical-full	火		wrist	肉		완:0N	팔뚝 완
腠	U+8160	주	주	N	2015	130	N	9	13	15	radical-full	土		the tissue between the skin and the flesh	肉		주:1N	살결 주
腤	U+8164	암	암	N	2015	130	N	9	13	15	radical-full	土			肉		암:1N	고기 삶을 암
腥	U+8165	성	성	N	2015	130	N	9	13	15	radical-full	土		raw meat; rank, strong-smelling	肉		성:0N	비린내 성, 더러울 성, 날고기 성, 냄새 성
腦	U+8166	뇌	뇌	Y		130	N	9	13	15	radical-full	土		brain	肉		뇌:0E	머리 뇌, 머릿골 뇌
腫	U+816B	종	종	N	2015	130	N	9	13	15	radical-full	土		swell; swollen; swelling	肉		종:0N	부스럼 종
腭	U+816D	악	악	N	2015	130	N	9	13	15	radical-full	土		palate, roof of mouth	肉		악:1N	잇몸 악
腰	U+8170	요	요	Y		130	N	9	13	15	radical-full	土		waist; kidney	肉		요:0E	허리 요
腱	U+8171	건	건	N	2015	130	N	9	12	15	radical-full|component-kangxi-diff	土		tendons	肉		건:0N	힘줄 건
腴	U+8174	유	유	N	2015	130	N	9	12	15	radical-full|component-kangxi-diff	土		fat; fertile, rich; plump, soft	肉		유:1N	아랫배 살찔 유
腶	U+8176	단	단	N	2015	130	N	9	13	15	radical-full	土		meat	肉		단:1N	약포 단
腷	U+8177	픽	픽	N	2015	130	N	9	13	15	radical-full	土			肉		픽:1N	뜩 막힐 픽, 답답할 픽, 닭 홰치는 소리 픽
腸	U+8178	장	장	Y		130	N	9	13	15	radical-full	土		intestines; emotions; sausage	肉		장:0E	창자 장
腹	U+8179	복	복	Y		130	N	9	13	15	radical-full	土		stomach, belly, abdomen; inside	肉		복:0E	배 복
腺	U+817A	선	선	N	2015	130	N	9	13	15	radical-full	土		gland	肉		선:0N	샘 선, 멍울 선
腿	U+817F	퇴	퇴	N	2015	130	N	10	13	16	radical-full|component-kangxi-diff	土		legs, thighs	肉		퇴:0N	넓적다리 퇴
膀	U+8180	방	방	N	2015	130	N	10	14	16	radical-full	土		upper arm; shoulder; wing	肉		방:0N	쌍배 방, 방광 방
膂	U+8182	려	려	N	2015	130	N	10	14	16	radical-full	土		backbone, spinal column	肉	여	려:1N	등골 뼈 려
膃	U+8183	올	올	N	2015	130	N	10	14	16	radical-full	土		fat	肉		올:1N	해구 올, 살찔 올
膄	U+8184	수	수	N	2015	130	N	10	13	16	radical-full|component-kangxi-diff	土		to become emaciated	肉		수:1N	파리할 수
膆	U+8186	소	소	N	2015	130	N	10	14	16	radical-full	土		the crop of a bird or fowl; fat	肉		소:1N	살찔 소, 멀떠구니 소
膈	U+8188	격	격	N	2015	130	N	10	14	16	radical-full	土		diaphragm	肉		격:0N	명치 격
膊	U+818A	박	박	N	2015	130	N	10	14	16	radical-full	土		shoulders, upper arms	肉		박:0N	포 박, 어깨 박
膋	U+818B	료	료	N	2015	130	N	10	14	16	radical-full	土		fat	肉	요	료:1N	발기름 료
膏	U+818F	고	고	N	2015	130	N	10	14	16	radical-full	土		grease, fat; paste, ointment	肉		고:0N	살찔 고, 기름 고
膚	U+819A	부	부	N	2015	130	N	11	15	17	radical-full	金		skin; superficial, shallow	肉		부:0N	살갗 부, 피부 부
膜	U+819C	막	막	N	2015	130	N	11	14	17	radical-full|component-kangxi-diff	金		membrane; to kneel and worship	肉		막:0N	막 막, 살속의 가죽 막
膝	U+819D	슬	슬	N	2015	130	N	11	15	17	radical-full	金		knee	肉		슬:0N	무릎 슬, 종지뼈 슬, 치슬말 슬
膞	U+819E	전	전	N	2015	130	N	11	15	17	radical-full	金		gizzard	肉		전:1N	썰 전, 질그릇 만드는 틀 전
膠	U+81A0	교	교	N	2015	130	N	11	15	17	radical-full	金		glue, gum, resin, rubber	肉		교:0N	아교 교
膣	U+81A3	질	질	N	2015	130	N	11	15	17	radical-full	金		vagina	肉		질:0N	새살 날 질, 음도 질
膨	U+81A8	팽	팽	N	2015	130	N	12	16	18	radical-full	金		to swell; swollen, bloated, inflated	肉		팽:0N	배 불룩할 팽, 큰배 팽
膩	U+81A9	니	니	N	2015	130	N	12	16	18	radical-full	金		greasy, oily, dirty; smooth	肉	이	니:1N	살찔 니
膰	U+81B0	번	번	N	2015	130	N	12	16	18	radical-full	金		to cook meat for a sacrifice or offering	肉		번:1N	제사 고기 번
膳	U+81B3	선	선	N	2015	130	N	12	16	18	radical-full	金		meals, provisions, board	肉		선:0N	반찬 선
膴	U+81B4	무	무	N	2015	130	N	12	16	18	radical-full	金		fine	肉		무:1N	포 무, 크게 저민 고기 무
膵	U+81B5	췌	췌	N	2015	130	N	13	15	19	radical-full|kangxi-pos-residual:12>13|component-kangxi-diff	水		pancreas	肉		췌:0N	첩육경 췌, 지라 췌, 췌장 췌
膸	U+81B8	수	수	N	2015	130	N	13	17	19	radical-full	水			肉		수:1N	髓와 同字
膹	U+81B9	분	분	N	2015	130	N	13	16	19	radical-full|component-kangxi-diff	水			肉		분:1N	고기 삶은 국 분
膺	U+81BA	응	응	N	2015	130	N	13	17	19	radical-full	水		breast, chest; undertake, bear	肉		응:0N	가슴 응, 친할 응, 당할 응, 응할 응, 받을 응
膽	U+81BD	담	담	N	2015	130	N	13	17	19	radical-full	水		gall bladder; bravery, courage	肉		담:0N	쓸개 담
膾	U+81BE	회	회	N	2015	130	N	13	17	19	radical-full	水		minced meat or fish	肉		회:0N	회 회, 회칠 회
膿	U+81BF	농	농	N	2015	130	N	13	17	19	radical-full	水		pus	肉		농:0N	고름 농
臀	U+81C0	둔	둔	N	2015	130	N	13	17	19	radical-full	水		buttocks	肉		둔:0N	볼기 둔
臂	U+81C2	비	비	N	2015	130	N	13	17	19	radical-full	水		arm	肉		비:0N	팔 비
臆	U+81C6	억	억	N	2015	130	N	13	17	19	radical-full	水		chest, breast, bosom; thought	肉		억:0N	가슴 억, 가득할 억
臊	U+81CA	조	조	N	2015	130	N	13	17	19	radical-full	水		rancid; rank, fetid; bashful	肉		조:1N	누릴 조
臍	U+81CD	제	제	N	2015	130	N	14	18	20	radical-full	水		abdominal area of crab; navel	肉		제:0N	배꼽 제
臏	U+81CF	빈	빈	N	2015	130	N	14	18	20	radical-full	水		the kneecap	肉		빈:1N	종지뼈 빈
臑	U+81D1	노	노	N	2015	130	N	14	18	20	radical-full	水		soft	肉		노:1N	팔마디 노
臘	U+81D8	랍	납,랍	N	2015	130	N	15	19	21	radical-full	木		year-end sacrifice; dried meat	肉	납	납:0 랍:0N	납향 랍 / 납향 납
臙	U+81D9	연	연	N	2015	130	N	16	20	22	radical-full	木		rouge, cosmetics	肉		연:1N	목구멍 연, 연지 연
臚	U+81DA	려	려	N	2015	130	N	16	20	22	radical-full	木		arrange in order; display	肉	여	려:1N	살갗 려
臝	U+81DD	라	라	N	2015	130	N	17	21	23	radical-full	火		be bare; nude	肉	나	라:1N	벌거벗을 라
臟	U+81DF	장	장	Y		130	N	18	21	24	radical-full|component-kangxi-diff	火		internal organs, viscera	肉		장:0E	오장 장
臠	U+81E0	련	련	N	2015	130	N	19	25	25	unicode-total	土		small lump of meat; sliced meat	肉	연	련:1N	저민고기 련
臣	U+81E3	신	신	Y		131	N	0	6	6	unicode-total	土		minister, statesman, official; Kangxi radical 131	臣		신:0E	신하 신, 두려울 신
臥	U+81E5	와	와	Y		131	N	2	8	8	unicode-total	金		lie down; crouch	臣		와:0E	누울 와, 쉴 와
臧	U+81E7	장	장	N	2015	131	N	8	14	14	unicode-total	火		good, right, generous; command	臣		장:0N	착할 장, 거둘 장
臨	U+81E8	림	림,임	Y		131	N	11	17	17	unicode-total	金		draw near, approach; descend; hexagram ䷒	臣	임	림:0E 임:0	임할 림 / 임할 림, 군림할 림, 여럿이 울 림, 굽힐 림
自	U+81EA	자	자	Y		132	N	0	6	6	unicode-total	土		self, private, personal; from; Kangxi radical 132	自		자:0E	스스로 자
臬	U+81EC	얼	얼	N	2015	132	N	4	10	10	unicode-total	水		law, rule; door post	自		얼:1N	법 얼, 문지방 얼, 과녁 얼
臭	U+81ED	취	취	Y		132	N	4	10	10	unicode-total	水		smell, stink, emit foul odor	自		취:0E	냄새 취, 향기 취, 썪을 취, 고약한 이름 취
至	U+81F3	지	지	Y		133	N	0	6	6	unicode-total	土		reach, arrive; extremely, very; Kangxi radical 133	至		지:0E	이를 지
致	U+81F4	치	치	Y		133	N	3	9	9	unicode-total|kangxi-pos:133.4-6	水		send, deliver, present; cause	至		치:0E	이를 치, 극진할 치, 버릴 치, 불러올 치, 풍치 치, 드릴 치, 보낼 치, 연구할 치
臶	U+81F6	천	천	N	2015	133	N	6	12	12	unicode-total	木			至		천:1N	거듭 천
臺	U+81FA	대	대	Y		133	N	8	14	14	unicode-total	火		tower, lookout; stage, platform	至		대:0E	능 대
臻	U+81FB	진	진	N	2015	133	N	10	16	16	unicode-total	土		reach, arrive; utmost, superior	至		진:0N	이를 진
臼	U+81FC	구	구	N	2015	134	N	0	6	6	unicode-total	土		mortar; bone joint socket; Kangzi radical 134	臼		구:0N	절구 구
臾	U+81FE	유	유	N	2015	134	N	2	9	9	total-gt-rs-check	水		moment, instant, short while	臼		유:0N	잠간 유, 착할 유, 나라이름 유, 활이 뒤로 젖혀질 유, 잠깐 유
舁	U+8201	여	여	N	2015	134	N	4	10	10	unicode-total	水		carry on one's shoulder	臼		여:1N	마주들 여
舂	U+8202	용	용	N	2015	134	N	5	11	11	unicode-total	木		grind in mortar	臼		용:1N	방아 찧을 용, 쇠북소리 용, 해가 질 용
舃	U+8203	석,작	석,작	N	2015	134	N	6	12	12	unicode-total	木		a shoe; the sole of a shoe; magpie	臼		석:1N 작:N	신 석
舅	U+8205	구	구	N	2015	134	N	7	13	13	unicode-total	火		mother's brother, uncle	臼		구:0N	외삼촌 구
與	U+8207	여	여	Y		134	N	8	14	14	unicode-total	火		and; with; to; for; give, grant	臼		여:0E	너울너울할 여, 더불어 여, 같을 여, 미칠 여
興	U+8208	흥	흥	Y		134	N	9	16	16	total-gt-rs-check	土		thrive, prosper, flourish	臼		흥:0E	일 흥, 일어날 흥
舊	U+820A	구	구	Y		134	N	12	17	18	kangxi-sum	金		old, ancient; former, past	臼		구:0E	옛 구
舌	U+820C	설	설	Y		135	N	0	6	6	unicode-total	土		tongue; clapper of bell; Kangxi radical 135	舌		설:0E	혀 설
舍	U+820D	사	사	Y		135	N	2	8	8	unicode-total	金		house, dwelling; dwell, reside	舌		사:0E	집 사
舐	U+8210	지	지	N	2015	135	N	4	10	10	unicode-total	水		lick with tongue	舌		지:1N	핥을 지
舒	U+8212	서	서	N	2015	135	N	6	12	12	unicode-total	木		open up, unfold, stretch out; comfortable, easy	舌		서:0N	펼 서
舘	U+8218	관	관	N	2015	135	N	10	16	16	unicode-total	土		a mansion; a building	舌		관:N	
舛	U+821B	천	천	N	2015	136	N	0	6	6	unicode-total	土		oppose, deviate, be contrary to; Kangxi radical 136	舛		천:0N	어그러질 천, 어수선할 천
舜	U+821C	순	순	N	2015	136	N	6	12	12	unicode-total	木		legendary ruler, last of the Five Emperors	舛		순:0N	순임금 순, 무궁화 순
舞	U+821E	무	무	Y		136	N	8	14	14	unicode-total	火		dance, posture, prance; brandish	舛		무:0E	춤출 무
舟	U+821F	주	주	Y		137	N	0	6	6	unicode-total	土		boat, ship; Kangxi radical 137	舟		주:0E	배 주
舡	U+8221	강	강	N	2015	137	N	3	9	9	unicode-total	水		boat, ship	舟		강:0N	오나라 배 강
航	U+822A	항	항	Y		137	N	4	10	10	unicode-total	水		sail; navigate; ship, boat	舟		항:0E	쌍배 항, 배질할 항
舫	U+822B	방	방	N	2015	137	N	4	10	10	unicode-total	水		fancy boat, yacht	舟		방:0N	배 방, 사공 방
般	U+822C	반	반	Y		137	N	4	10	10	unicode-total	水		sort, manner, kind, category	舟		반:0E	옮길 반, 되돌아올 반
舳	U+8233	축	축	N	2015	137	N	5	11	11	unicode-total	木		stern of ship	舟		축:1N	고물 축, 배 꼬리 축
舵	U+8235	타	타	N	2015	137	N	5	11	11	unicode-total	木		rudder, helm	舟		타:0N	키 타
舶	U+8236	박	박	N	2015	137	N	5	11	11	unicode-total	木		large, ocean-going vessel	舟		박:0N	배 박, 큰배 박
舷	U+8237	현	현	N	2015	137	N	5	11	11	unicode-total	木		the sides of a boat, bulwarks; a gunwale	舟		현:0N	뱃전 현
舸	U+8238	가	가	N	2015	137	N	5	11	11	unicode-total	木		large boat, barge	舟		가:1N	큰 배 가
船	U+8239	선	선	Y		137	N	5	11	11	unicode-total	木		ship, boat, vessel	舟		선:0E	배 선
舽	U+823D	방	방	N	2015	137	N	6	12	12	unicode-total	木			舟		방:1N	배 방
艀	U+8240	부	부	N	2015	137	N	7	13	13	unicode-total	火		a sampan, lighter, barge	舟		부:0N	작은 배 부
艅	U+8245	여	여	N	2015	137	N	7	13	13	unicode-total	火		a despatch boat	舟		여:0N	나룻배 여, 나뭇배 여
艇	U+8247	정	정	N	2015	137	N	7	12	13	kangxi-sum	火		small boat, dugout, punt	舟		정:0N	거룻배 정, 작은 배 정
艑	U+8251	편	편	N	2015	137	N	9	15	15	unicode-total	土		small boat	舟		편:1N	거룻배 편
艘	U+8258	소	소	N	2015	137	N	10	15	16	kangxi-sum	土		counter for ships, vessels	舟		소:1N	배 소
艙	U+8259	창	창	N	2015	137	N	10	16	16	unicode-total	土		hold of ship; cabin	舟		창:0N	선창 창
艚	U+825A	조	조	N	2015	137	N	11	17	17	unicode-total	金		ship	舟		조:1N	거룻배 조
艟	U+825F	동	동	N	2015	137	N	12	18	18	unicode-total	金		ancient warship	舟		동:1N	배 동
艤	U+8264	의	의	N	2015	137	N	13	19	19	unicode-total	水		to moor a boat to the bank	舟		의:0N	배 닿을 의, 배언덕에 댈 의
艦	U+8266	함	함	N	2015	137	N	14	20	20	unicode-total	水		warship	舟		함:0N	싸움배
艨	U+8268	몽	몽	N	2015	137	N	14	19	20	kangxi-sum	水		long and narrow war-boat	舟		몽:1N	싸움배 몽
艪	U+826A	로	로	N	2015	137	N	15	21	21	unicode-total	木		oar, scull; row	舟	노	로:1N	艫와 同字
艫	U+826B	로	로	N	2015	137	N	16	22	22	unicode-total	木		bow or prow of boat	舟	노	로:1N	뱃머리 로
艮	U+826E	간	간	N	2015	138	N	0	6	6	unicode-total	土		Kangxi radical 138; trigram ☶; hexagram ䷳	艮		간:0N	괘이름 간, 간방 간
良	U+826F	량	량,양	Y		138	N	1	7	7	unicode-total	金		good, virtuous, respectable	艮	양	량:0E 양:0	좋을 량, 어질 량 / 어질 량, 좋을 량, 남편 량
艱	U+8271	간	간	N	2015	138	N	11	17	17	unicode-total	金		difficult, hard; distressing	艮		간:0N	어려울 간, 고생살이 간
色	U+8272	색	색	Y		139	N	0	6	6	unicode-total	土		color, tint, hue, shade; form, body; beauty, desire for beauty; Kangxi radical 139	色		색:0E	빛 색
艴	U+8274	불	불	N	2015	139	N	5	11	11	unicode-total	木		the countenance changing	色		불:1N	발끈할 불
艶	U+8276	염	염	N	2015	139	N	13	19	19	unicode-total	水		beautiful, sexy, voluptuous	色		염:0N	고울 염, 얼굴 탐스러울 염
艷	U+8277	염	염	N	2015	139	N	18	24	24	unicode-total	火		beautiful, sexy, voluptuous	色		염:N	
艸	U+8278	초	초	N	2015	140	N	0	6	6	unicode-total	土	木	grass; Kangxi radical 140	艸		초:0N	풀 초
艾	U+827E	애,예	애,예	N	2015	140	N	2	6	8	radical-full	金	木	artemisia, mugwort	艸		애:0N 예:N	쑥 애
芃	U+8283	봉	봉	N	2015	140	N	3	6	9	radical-full	水	木	luxuriant growth	艸		봉:N	
芊	U+828A	천	천	N	2015	140	N	3	7	9	radical-full	水	木	exuberant and vigorous foliage	艸		천:1N	풀 무성할 천
芋	U+828B	우,후	우,후	N	2015	140	N	3	7	9	radical-full	水	木	taro	艸		우:0N 후:N	토란 우
芍	U+828D	작	작	N	2015	140	N	3	6	9	radical-full	水	木	peony; water chestnuts	艸		작:0N	작약 작
芎	U+828E	궁	궁	N	2015	140	N	3	6	9	radical-full	水	木	a kind of herb	艸		궁:0N	궁궁이 궁
芐	U+8290	호	호	N	2015	140	N	3	6	9	radical-full	水	木		艸		호:N	
芒	U+8292	망	망	N	2015	140	N	3	7	9	radical-full	水	木	Miscanthus sinensis	艸		망:0N	까끄라기 망, 싹 망
芔	U+8294	훼	훼	N	2015	140	N	3	9	9	unicode-total	水	木	a general term for plants	艸		훼:1N	풀 훼
芘	U+8298	비	비	N	2015	140	N	4	7	10	radical-full	水	木	Malva sylvestris	艸		비:1N	풀 이름 비
芙	U+8299	부	부	N	2015	140	N	4	8	10	radical-full	水	木	hibiscus	艸		부:0N	부용 부, 연꽃 부
芚	U+829A	둔	둔	N	2015	140	N	4	7	10	radical-full	水	木	green sprout; foolish	艸		둔:0N	채소 이름 둔, 나무싹 둔
芝	U+829D	지	지	N	2015	140	N	4	6	10	radical-full|component-kangxi-diff	水	木	sesame; a purplish or brown mushroom thought to have miraculous powers; 'a divine and felicitous plant' (Karlgren)	艸		지:0N	지초 지
芟	U+829F	삼	삼	N	2015	140	N	4	7	10	radical-full	水	木	mow, cut; weed out; scythe	艸		삼:0N	벨 삼, 풀벨 삼
芡	U+82A1	검	검	N	2015	140	N	4	7	10	radical-full	水	木	plant allied to the waterlily	艸		검:1N	마름 검, 가시연밥 검
芢	U+82A2	인	인	N	2015	140	N	4	7	10	radical-full	水	木		艸		인:1N	씨 인
芣	U+82A3	부	부	N	2015	140	N	4	8	10	radical-full	水	木	medicinal plant	艸		부:1N	질경이 부
芥	U+82A5	개	개	N	2015	140	N	4	8	10	radical-full	水	木	mustard plant; mustard; tiny	艸		개:0N	겨자 개, 갓 개, 지푸라기 개, 티끌 개
芦	U+82A6	호	호	N	2015	140	N	4	7	10	radical-full	水	木	rushes, reeds	艸		호:0N	芐와 同字, 蔖의 俗字, 갈대 호
芧	U+82A7	서	서	N	2015	140	N	4	7	10	radical-full	水	木	chestnut oak	艸		서:1N	상수리 서
芨	U+82A8	급	급	N	2015	140	N	4	6	10	radical-full|component-kangxi-diff	水	木	Chinese ground orchid	艸		급:1N	말오줌나무 급
芩	U+82A9	금	금	N	2015	140	N	4	7	10	radical-full	水	木	Phragmites japonicus	艸		금:0N	풀 이름 금, 금풀 금
芪	U+82AA	기	기	N	2015	140	N	4	7	10	radical-full	水	木	celery	艸		기:1N	단너삼 기
芫	U+82AB	원	원	N	2015	140	N	4	8	10	radical-full	水	木	Daphne genkwa	艸		원:1N	고기 잡는 풀 원, 여뀌 원
芬	U+82AC	분	분	N	2015	140	N	4	8	10	radical-full	水	木	fragrance, aroma; perfume	艸		분:0N	향기로울 분
芭	U+82AD	파	파	N	2015	140	N	4	8	10	radical-full	水	木	plantain or banana palm; fragrant	艸		파:0N	파초 파
芮	U+82AE	예	예	N	2015	140	N	4	8	10	radical-full	水	木	tiny, small; water's edge	艸		예:0N	풀 뾰족뾰족할 예, 물가 예, 방패끈 예, 나라이름 예, 성씨 예
芯	U+82AF	심	심	N	2015	140	N	4	7	10	radical-full	水	木	pith from rush (Juncus effusus)	艸		심:0N	등심초 심
芰	U+82B0	기	기	N	2015	140	N	4	7	10	radical-full	水	木	water caltrop	艸		기:1N	세발 마름 기
花	U+82B1	화	화	Y		140	N	4	8	10	radical-full	水	木	flower; blossoms	艸		화:0E	꽃 화
芳	U+82B3	방	방	Y		140	N	4	8	10	radical-full	水	木	fragrant; virtuous; beautiful	艸		방:0E	꽃다울 방, 향기 방
芷	U+82B7	지	지	N	2015	140	N	4	7	10	radical-full	水	木	angelica	艸		지:0N	구리때 지, 백지 지
芸	U+82B8	예,운	예,운	N	2015	140	N	4	7	10	radical-full	水	木	rue, herb used to keep insects away; to cut grass or weeds; art, talent, ability, craft, technique, performance, acting, trick, stunt	艸		예:N 운:0N	향풀 운, 궁궁이 운, 촘촘할 운, 성씨 운, 재주 운
芹	U+82B9	근	근	N	2015	140	N	4	7	10	radical-full	水	木	celery	艸		근:0N	미나리 근
芻	U+82BB	추	추	N	2015	140	N	4	10	10	unicode-total	水	木	mow, cut grass; hay, fodder	艸		추:0N	꼴 추, 짐승먹이 추, 풀벨 추
芼	U+82BC	모	모	N	2015	140	N	4	7	10	radical-full	水	木	to choose; to select; greens	艸		모:0N	풀 우거질 모, 나물 모
芽	U+82BD	아	아	Y		140	N	4	8	10	radical-full	水	木	bud, sprout, shoot	艸		아:0E	싹 아
芾	U+82BE	비	비	N	2015	140	N	4	7	10	radical-full	水	木	flower; small; little; lush	艸		비:1N	작은 모양 비
芿	U+82BF	잉	잉	N	2015	140	N	5	8	11	radical-full|kangxi-pos:140.4	木	木	grass which has been cut and regrown; wild grass	艸		잉:0N	새풀싹 잉
苑	U+82D1	원	원	N	2015	140	N	5	8	11	radical-full	木	木	pasture, park, garden; mansion	艸		원:0N	나랏동산 원, 큰 바람 원, 나라동산 원
苒	U+82D2	염	염	N	2015	140	N	5	8	11	radical-full	木	木	lush; successively, in order	艸		염:0N	풀 우거질 염, 덧없을 염, 풀 우거진 모양 염
苓	U+82D3	령	령	N	2015	140	N	5	9	11	radical-full	木	木	fungus, tuber; licorice	艸	영	령:1N	도꼬마리 령
苔	U+82D4	태	태	N	2015	140	N	5	9	11	radical-full	木	木	moss, lichen	艸		태:0N	이끼 태
苕	U+82D5	초	초	N	2015	140	N	5	8	11	radical-full	木	木	rush plant	艸		초:0N	능소화 초, 능토풀 초
苗	U+82D7	묘	묘	Y		140	N	5	9	11	radical-full	木	木	sprouts; Miao nationality	艸		묘:0E	모 묘, 싹 묘
苛	U+82DB	가	가	N	2015	140	N	5	8	11	radical-full	木	木	small, petty; harsh, rigorous	艸		가:0N	매울 가, 까다로울 가
苜	U+82DC	목	목	N	2015	140	N	5	9	11	radical-full	木	木	clover	艸		목:1N	거여목 목
苞	U+82DE	포	포	N	2015	140	N	5	9	11	radical-full	木	木	a variety of rush; firm, enduring; to burst forth	艸		포:0N	그령풀 포, 밑둥 포, 초목이 다복히 날 포, 꾸러피 포, 꾸러미 포
苟	U+82DF	구	구	Y		140	N	5	9	11	radical-full	木	木	careless, frivolous; illicit; grammatical particle: if, but, if only; surname; grass name	艸		구:0E	진실로 구, 풀 구
苠	U+82E0	민	민	N	2015	140	N	5	8	11	radical-full	木	木	grow and ripen slowly	艸		민:1N	속대 민
苡	U+82E1	이	이	N	2015	140	N	5	7	11	radical-full|component-kangxi-diff	木	木	barley	艸		이:0N	율무 이, 질경이 이
苣	U+82E3	거	거	N	2015	140	N	5	7	11	radical-full|component-kangxi-diff	木	木	kind of lettuce	艸		거:1N	상추 거, 검은 깨 거
若	U+82E5	야,약	야,약	Y	2015	140	N	5	9	11	radical-full	木	木	if, supposing, assuming; similar	艸		야:0N 약:0E	땅이름 야, 지혜(범어의 음역) 야, 반야 야 / 같을 약, 자네 약, 만약 약, 반야 약
苦	U+82E6	고	고	Y		140	N	5	9	11	radical-full	木	木	bitter; hardship, suffering	艸		고:0E	쓸 고, 괴로울 고
苧	U+82E7	저	저	N	2015	140	N	5	8	11	radical-full	木	木	China grass, ramie (Boehmeria nivea)	艸		저:0N	모시 저
苩	U+82E9	백	백	N	2015	140	N	5	8	11	radical-full	木	木		艸		백:N	
苫	U+82EB	점	점	N	2015	140	N	5	8	11	radical-full	木	木	rush or straw matting	艸		점:1N	이엉 점, 거적자리 점, 글씨 흘려 쓸 점
英	U+82F1	영	영	Y		140	N	5	9	11	radical-full	木	木	petal, flower, leaf; brave, a hero; England, English	艸		영:0E	꽃부리 영, 영웅 영, 구름 뭉게뭉게 일어날 영, 아름다울 영
苳	U+82F3	동	동	N	2015	140	N	5	8	11	radical-full	木	木	Petasites japonicus	艸		동:1N	겨울살이 동
苴	U+82F4	저	저	N	2015	140	N	5	8	11	radical-full	木	木	sackcloth; female hemp plant	艸		저:1N	암삼 저, 꾸러미 저, 대지팡이 저, 신바닥 저
苹	U+82F9	평	평	N	2015	140	N	5	9	11	radical-full	木	木	artemisia; duckweed; apple	艸		평:1N	맑은 대쑥 평, 사과 평
苺	U+82FA	매	매	N	2015	140	N	5	8	11	radical-full	木	木	berries	艸		매:1N	딸기 매
苻	U+82FB	부	부	N	2015	140	N	5	8	11	radical-full	木	木	Angelica anomala	艸		부:1N	귀목풀 부
苽	U+82FD	고	고	N	2015	140	N	5	8	11	radical-full	木	木	bulrush, Zizania latifolia	艸		고:0N	줄 고
苾	U+82FE	필	필	N	2015	140	N	5	8	11	radical-full	木	木	smell, fragrance, aroma	艸		필:0N	향기날
苿	U+82FF	미	미	N	2015	140	N	5	8	11	radical-full	木	木		艸		미:1N	
茀	U+8300	불	불	N	2015	140	N	5	8	11	radical-full	木	木	overgrown with grass, weedy	艸		불:1N	풀 우거질 불
茁	U+8301	줄	줄	N	2015	140	N	5	8	11	radical-full	木	木	to sprout, flourish; sprouts appearing above-ground; vigorous	艸		줄:0N	풀 처음 나는 모양 줄, 싹 줄
茂	U+8302	무	무	Y		140	N	5	9	11	radical-full	木	木	thick, lush, dense; talented	艸		무:0E	우거질 무, 무성할 무
范	U+8303	범	범	N	2015	140	N	5	9	11	radical-full	木	木	surname; bee-like insect	艸		범:0N	풀 이름 범, 벌 범
茄	U+8304	가	가	N	2015	140	N	5	9	11	radical-full	木	木	eggplant	艸		가:0N	가지 가
茅	U+8305	모	모	N	2015	140	N	5	8	11	radical-full	木	木	reeds, rushes, grass; surname	艸		모:0N	띠 모
茈	U+8308	자	자	N	2015	140	N	5	9	11	radical-full	木	木	comfrey; a plant yielding a purple dye	艸		자:1N	지치 자
茉	U+8309	말	말	N	2015	140	N	5	8	11	radical-full	木	木	white jasmine	艸		말:0N	말리 말
茗	U+8317	명	명	N	2015	140	N	6	9	12	radical-full	木	木	tea; tea plant	艸		명:0N	차 싹 명, 차의 싹 명
茛	U+831B	간	간	N	2015	140	N	6	9	12	radical-full	木	木	ranunculus	艸		간:1N	독초이름 간, 미나리아재비 간
茜	U+831C	천	천	N	2015	140	N	6	9	12	radical-full	木	木	madder, Rubia cordifolia; reeds	艸		천:1N	
茝	U+831D	채	채	N	2015	140	N	7	10	13	radical-full|kangxi-pos:140.6	火	木	(archaic) an aromatic grass	艸		채:1N	구리때 채
茣	U+8323	오	오	N	2015	140	N	7	10	13	radical-full	火	木	mat, matting	艸		오:1N	차조기 오
茤	U+8324	다	다	N	2015	140	N	6	9	12	radical-full	木	木		艸		다:N	
茥	U+8325	규	규	N	2015	140	N	6	9	12	radical-full	木	木		艸		규:N	
茨	U+8328	자	자	N	2015	140	N	6	9	12	radical-full	木	木	thatching; caltrop, Tribulus terrestris	艸		자:0N	가시나무 자, 납가새 자
茪	U+832A	광	광	N	2015	140	N	6	9	12	radical-full	木	木		艸		광:1N	초결명 광
茫	U+832B	망	망	Y		140	N	6	9	12	radical-full	木	木	vast, boundless, widespread	艸		망:0E	아득할 망
茯	U+832F	복	복	N	2015	140	N	6	9	12	radical-full	木	木	China root; Wolfiporia extensa	艸		복:0N	복령 복
茱	U+8331	수	수	N	2015	140	N	6	9	12	radical-full	木	木	dogwood	艸		수:0N	수유 수
茲	U+8332	자	자	Y		140	N	6	10	12	radical-full	木	木	now, here; this; time, year	艸		자:1E	무성할 자
茳	U+8333	강	강	N	2015	140	N	6	9	12	radical-full	木	木	Cyperus malaccensis, short-leaved Malacca galingale	艸		강:1N	강리풀 강
茴	U+8334	회	회	N	2015	140	N	6	9	12	radical-full	木	木	fennel, aniseed	艸		회:0N	회향풀 회
茵	U+8335	인	인	N	2015	140	N	6	9	12	radical-full	木	木	a cushion, mattress; wormwood; Skimmia japon	艸		인:0N	자리 인, 사철쑥 인
茶	U+8336	다,차	다,차	Y	2015	140	N	6	10	12	radical-full	木	木	tea	艸		다:0E 차:0N	차풀 다 / 차 차
茸	U+8338	용	용	N	2015	140	N	6	9	12	radical-full	木	木	soft, downy; buds, sprouts	艸		용:0N	풀 뾰죽뾰죽 날 용, 못생길 용, 녹용 용
茹	U+8339	여	여	N	2015	140	N	6	10	12	radical-full	木	木	roots; vegetables; eat; bear	艸		여:0N	띠 뿌리 여, 받을 여, 헤아릴 여
茼	U+833C	동	동	N	2015	140	N	6	9	12	radical-full	木	木	Chrysanthemum coronarium	艸		동:1N	쏙갓 동
荀	U+8340	순	순	N	2015	140	N	6	10	12	radical-full	木	木	surname; ancient state; plant	艸		순:0N	풀 이름 순, 성씨 순, 순풀 순
荃	U+8343	전	전	N	2015	140	N	6	9	12	radical-full	木	木	aromatic herb; fine cloth	艸		전:1N	향풀 전, 전풀 전
荇	U+8347	행	행	N	2015	140	N	6	9	12	radical-full	木	木	a water plant, Nymphoides peltalum	艸		행:0N	마름풀 행, 조아기 행
草	U+8349	초	초	Y		140	N	6	10	12	radical-full	木	木	grass, straw, thatch, herbs	艸		초:0E	풀 초
荊	U+834A	형	형	N	2015	140	N	6	9	12	radical-full	木	木	thorns; brambles; my wife; cane	艸		형:0N	모형나무 형, 곤장 형, 가시 형
荏	U+834F	임	임	N	2015	140	N	6	9	12	radical-full	木	木	beans; soft, pliable; herb	艸		임:0N	들깨 임, 콩 임
荐	U+8350	천	천	N	2015	140	N	6	9	12	radical-full	木	木	repeat, reoccur; recommend	艸		천:1N	거듭할 천
荑	U+8351	이	이	N	2015	140	N	6	9	12	radical-full	木	木	sprouts; tares	艸		이:0N	흰 비름 이, 베일 이, 벨 이 / 띠싹 제
荒	U+8352	황	황	Y		140	N	6	10	12	radical-full	木	木	wasteland, desert; uncultivated	艸		황:0E	거칠 황
荣	U+8363	영	영	N	2015	140	N	6	10	12	radical-full|multi-rs:75.5=9	木	木	glory, honor; flourish, prosper	艸		영:N	
荳	U+8373	두	두	N	2015	140	N	7	11	13	radical-full	火	木	beans, peas; bean-shaped	艸		두:0N	콩 두
荴	U+8374	부	부	N	2018	140	N	7	10	13	radical-full	火	木		艸		부:N	
荷	U+8377	하	하	Y		140	N	7	10	13	radical-full	火	木	lotus, water lily; Holland	艸		하:0E	연 하, 연꽃 하
荺	U+837A	윤	윤	N	2015	140	N	7	10	13	radical-full	火	木		艸		윤:N	
荻	U+837B	적	적	N	2015	140	N	7	10	13	radical-full	火	木	reed, Miscanthus sacchariflorus	艸		적:0N	갈대 적, 쑥 적
莂	U+8382	별	별	N	2015	140	N	7	10	13	radical-full	火	木		艸		별:N	
莅	U+8385	리	리	N	2015	140	N	7	10	13	radical-full	火	木	attend, be present; arrive at	艸	이	리:1N	다다를 리
莉	U+8389	리	리	N	2015	140	N	7	10	13	radical-full	火	木	white jasmine	艸	이	리:0N	말리 리, 사과꽃 리
莊	U+838A	장	장	Y		140	N	7	11	13	radical-full	火	木	village, hamlet; villa; surname	艸		장:0E	엄할 장, 씩씩할 장
莎	U+838E	사	사	N	2015	140	N	7	11	13	radical-full	火	木	kind of sedge grass, used anciently for raincoats	艸		사:0N	향부자 사, 귀뚜라미 사
莒	U+8392	거	거	N	2015	140	N	7	9	13	radical-full|component-kangxi-diff	火	木	a Zhou-dynasty vassal state in modern Shandong; (archaic) taro	艸		거:1N	모시풀 거, 나라이름 거, 고을이름 거
莓	U+8393	매	매	N	2015	140	N	7	10	13	radical-full	火	木	moss; edible berries	艸		매:1N	나무딸기 매
莖	U+8396	경	경	N	2015	140	N	7	10	13	radical-full	火	木	stem, stalk	艸		경:0N	줄기 경
莘	U+8398	신	신	N	2015	140	N	7	11	13	radical-full	火	木	long; numerous; wild ginger	艸		신:0N	약 이름 신, 많은 모양 신, 나라이름 신
莚	U+839A	연	연	N	2015	140	N	7	9	13	radical-full|component-kangxi-diff	火	木	bamboo mat; feast, banquet	艸		연:1N	만연할 연, 풀 이름 연
莛	U+839B	정	정	N	2015	140	N	7	9	13	radical-full|component-kangxi-diff	火	木	stalks of grasses, etc.	艸		정:1N	풀 줄거리 정, 들보 정
莝	U+839D	좌	좌	N	2015	140	N	7	10	13	radical-full	火	木	to chop straw fine for animals	艸		좌:1N	여물 좌
莞	U+839E	완	완	N	2015	140	N	7	10	13	radical-full	火	木	smiling; a kind of aquatic herb, clubrush, Scirpus lacustris	艸		완:0N	빙그레 웃는 모양 완, 빙그레웃을 완 / 골풀 관
莟	U+839F	함	함	N	2015	140	N	7	10	13	radical-full	火	木	a bud	艸		함:1N	꽃봉오리 함
莠	U+83A0	유	유	N	2015	140	N	7	10	13	radical-full	火	木	weeds, tares; undesirable, evil	艸		유:1N	가라지 유, 추할 유
莢	U+83A2	협	협	N	2015	140	N	7	10	13	radical-full	火	木	pods of leguminous plants; pods	艸		협:0N	콩 꼬투리 협, 명협 협
莨	U+83A8	랑	랑	N	2015	140	N	7	10	13	radical-full	火	木	herb, Scopolia japonica	艸	낭	랑:1N	수크령 랑
莩	U+83A9	부	부	N	2015	140	N	7	10	13	radical-full	火	木	membrane lining inside of reed	艸		부:0N	풀 이름 부, 갈대청 부
莪	U+83AA	아	아	N	2015	140	N	7	10	13	radical-full	火	木	artemisia	艸		아:0N	지칭개 아, 새발쑥 아
莫	U+83AB	막	막	Y		140	N	7	11	13	radical-full	火	木	do not, is not, can not; negative	艸		막:0E	없을 막, 말 막
莽	U+83BD	망	망	N	2015	140	N	7	11	13	radical-full	火	木	thicket, underbrush; poisonous	艸		망:0N	우거질 망, 풀이 우거진 망
莿	U+83BF	자	자	N	2015	140	N	8	11	14	radical-full	火	木	thorn	艸		자:1N	풀가시 자
菀	U+83C0	울	울	N	2015	140	N	8	12	14	radical-full	火	木	luxuriance of growth	艸		울:N	
菁	U+83C1	청	청	N	2015	140	N	8	11	14	radical-full	火	木	flower of leek family; turnip	艸		청:0N	부추꽃 청, 초목무성한 모양 청
菂	U+83C2	적	적	N	2015	140	N	8	11	14	radical-full	火	木	lotus seeds	艸		적:1N	연밥 적
菅	U+83C5	관	관	N	2015	140	N	8	11	14	radical-full	火	木	coarse grass, Themedia forskalii	艸		관:0N	골풀 관, 왕골 관
菉	U+83C9	록	녹,록	N	2015	140	N	8	11	14	radical-full	火	木	the green bamboo; greenish bamboo	艸	녹	녹:0 록:0N	조개풀 록 / 조개풀 녹
菊	U+83CA	국	국	Y		140	N	8	12	14	radical-full	火	木	chrysanthemum	艸		국:0E	국화 국
菌	U+83CC	균	균	Y		140	N	8	11	14	radical-full	火	木	mushroom; germ, microbe	艸		균:0E	버섯 균
菑	U+83D1	치	치	N	2015	140	N	8	11	14	radical-full	火	木	to weed grass; land which has been under cultivation for one year	艸		치:1N	따비밭 치
菓	U+83D3	과	과	N	2015	140	N	8	11	14	radical-full	火	木	fruits, nuts, berries	艸		과:0N	과일 과, 과자 과
菔	U+83D4	복	복	N	2015	140	N	8	11	14	radical-full	火	木	turnip	艸		복:1N	무 복
菖	U+83D6	창	창	N	2015	140	N	8	11	14	radical-full	火	木	iris, sweet flag, calamus	艸		창:0N	창포 창
菘	U+83D8	숭	숭	N	2015	140	N	8	11	14	radical-full	火	木	celery, cabbage	艸		숭:1N	배추 숭
菜	U+83DC	채	채	Y		140	N	8	12	14	radical-full	火	木	vegetables; dish, order; food	艸		채:0E	나물 채
菟	U+83DF	도	도	N	2015	140	N	8	11	14	radical-full	火	木	dodder; creeper	艸		도:1N	
菠	U+83E0	파	파	N	2015	140	N	8	11	14	radical-full	火	木	spinach and similar greens	艸		파:1N	시금치 파
菡	U+83E1	함	함	N	2015	140	N	8	11	14	radical-full	火	木	buds, lotus buds	艸		함:1N	연봉오리 함
菩	U+83E9	보	보	N	2015	140	N	8	12	14	radical-full	火	木	herb, aromatic plant	艸		보:0N	보살 보, 보리나무 보
菫	U+83EB	근	근	N	2015	140	N	8	11	14	radical-full	火	木	celery, aconite	艸		근:0N	오랑캐 꽃 근, 쓴나물 근
華	U+83EF	화	화	Y		140	N	8	12	14	radical-full	火	木	flowery; illustrious; Chinese	艸		화:0E	꽃 화, 빛날 화
菰	U+83F0	고	고	N	2015	140	N	8	11	14	radical-full	火	木	wild rice; Zizania latifolia	艸		고:0N	향초 고
菱	U+83F1	릉	능,릉	N	2015	140	N	8	12	14	radical-full	火	木	water-chestnut, water caltrop	艸	능	능:0 릉:0N	蔆과 同字, 마름 릉 / 마름 능
菲	U+83F2	비	비	N	2015	140	N	8	12	14	radical-full	火	木	fragrant, luxuriant; the Philippines	艸		비:0N	엷을 비, 나물이름 비
菴	U+83F4	암	암	N	2015	140	N	8	12	14	radical-full	火	木	small Buddhist monastery	艸		암:0N	암자 암, 쑥 암
菶	U+83F6	봉	봉	N	2015	140	N	8	11	14	radical-full	火	木	species of water plant; flower	艸		봉:1N	풀 무성할 봉
菹	U+83F9	저	저	N	2015	140	N	8	11	14	radical-full	火	木	salted or pickled vegetables	艸		저:0N	김치 저, 푸서리 저
菻	U+83FB	름	름	N	2015	140	N	8	11	14	radical-full	火	木	artemisia; (Cant.) a flower-bud	艸	늠	름:N	
菽	U+83FD	숙	숙	N	2015	140	N	8	11	14	radical-full	火	木	beans and peas, collectively	艸		숙:0N	콩
萃	U+8403	췌	췌	N	2015	140	N	8	12	14	radical-full	火	木	dense, thick, close-set; to collect together; hexagram ䷬	艸		췌:0N	모을 췌, 괘 이름 췌
萄	U+8404	도	도	N	2015	140	N	8	11	14	radical-full	火	木	grapes	艸		도:0N	들머루
萆	U+8406	비	비	N	2015	140	N	8	11	14	radical-full	火	木	the castor-oil plant	艸		비:1N	비해 비
萇	U+8407	장	장	N	2015	140	N	8	11	14	radical-full	火	木	star fruit, Averrhoa carambola; surname	艸		장:1N	나무 이름 장
萊	U+840A	래	래	N	2015	140	N	8	11	14	radical-full	火	木	goosefoot, weed; fallow field	艸	내	래:0N	명아주 래
萋	U+840B	처	처	N	2015	140	N	8	11	14	radical-full	火	木	luxuriant foliage; crowded	艸		처:1N	풀 성하게 우거진 모양 처
萌	U+840C	맹	맹	N	2015	140	N	8	12	14	radical-full	火	木	bud, sprout	艸		맹:0N	싹 맹
萍	U+840D	평	평	N	2015	140	N	8	11	14	radical-full	火	木	duckweed; wandering, traveling	艸		평:0N	마름 평, 머구리밥 평, 개구리밥 평
萎	U+840E	위	위	N	2015	140	N	8	12	14	radical-full	火	木	wither, wilt	艸		위:0N	마를 위, 풀 이름 위, 쇠약해질 위
萩	U+8429	추	추	N	2015	140	N	9	12	15	radical-full	土	木	scandent hop; tree	艸		추:0N	맑은 대쑥 추, 가래나무 추
萬	U+842C	만	만	Y		140	N	9	13	15	radical-full|rs-by-kangxi-pos:140.9|multi-rs:114.8=13	土	木	ten thousand; innumerable	艸		만:0E	일만 만
萱	U+8431	훤	훤	N	2015	140	N	9	13	15	radical-full	土	木	day-lily, Hemerocallis flava	艸		훤:0N	원추리 훤
萵	U+8435	와	와	N	2015	140	N	9	11	15	radical-full|component-kangxi-diff	土	木	lettuce	艸		와:1N	상추 와, 부루 와
萸	U+8438	유	유	N	2015	140	N	9	11	15	radical-full|component-kangxi-diff	土	木	dogwood	艸		유:0N	수유 유, 약이름 유
萹	U+8439	편	편	N	2015	140	N	9	12	15	radical-full	土	木	grass	艸		편:1N	
萼	U+843C	악	악	N	2015	140	N	9	12	15	radical-full	土	木	the stem and calyx of a flower; a younger brother	艸		악:1N	꽃받침 악
落	U+843D	락	낙,락	Y		140	N	9	12	15	radical-full	土	木	fall, drop; net income, surplus	艸	낙	낙:0 락:0E	떨어질 락 / 떨어질 낙
葆	U+8446	보	보	N	2015	140	N	9	12	15	radical-full	土	木	reserve, preserve; conceal	艸		보:1N	풀 더부룩할 보
葉	U+8449	섭,엽	섭,엽	Y	2015	140	N	9	13	15	radical-full	土	木	leaf, petal; page of book; period	艸		섭:0N 엽:0E	고을이름 섭, 성 섭 / 잎 엽, 세대 엽, 성씨 엽
葊	U+844A	암	암	N	2015	140	N	9	12	15	radical-full	土	木	cottage	艸		암:1N	풀이름 암
著	U+8457	저	저	Y		140	N	9	13	15	radical-full|kangxi-pos-residual:8>9	土	木	manifest; (Cant.) to wear	艸		저:0E	나타날 저, 널리 알려질 저, 글 지을 저, 옹저 저 / 분명할 착
葚	U+845A	심	심	N	2015	140	N	9	12	15	radical-full	土	木	mulberry fruit	艸		심:1N	뽕나무 열매 심
葛	U+845B	갈	갈	N	2015	140	N	9	13	15	radical-full	土	木	edible bean; surname	艸		갈:0N	칡 갈
葡	U+8461	포	포	N	2015	140	N	9	13	15	radical-full	土	木	grapes	艸		포:0N	포도 포, 들머리 포, 나라이름 포
董	U+8463	동	동	N	2015	140	N	9	13	15	radical-full	土	木	direct, supervise; surname	艸		동:0N	바로잡을 동, 바를 동
葦	U+8466	위	위	N	2015	140	N	9	12	15	radical-full	土	木	reed	艸		위:0N	갈대 위, 작은 배 위
葩	U+8469	파	파	N	2015	140	N	9	12	15	radical-full	土	木	flowers	艸		파:1N	꽃봉오리 파
葫	U+846B	호	호	N	2015	140	N	9	12	15	radical-full	土	木	bottle-gourd	艸		호:0N	마늘 호, 조롱박 호, 굵은 마늘 호
葬	U+846C	장	장	Y		140	N	9	13	15	radical-full	土	木	bury, inter	艸		장:0E	장사 지낼 장
葭	U+846D	가	가	N	2015	140	N	9	12	15	radical-full	土	木	bulrush, reed; flute, whistle	艸		가:1N	갈대 가
葯	U+846F	약	약	N	2015	140	N	9	12	15	radical-full	土	木	orris root; leaf of the iris; medicine	艸		약:0N	꽃밥 약, 부들풀싹 약
葰	U+8470	준	준	N	2015	140	N	9	12	15	radical-full	土	木		艸		준:N	
葱	U+8471	총	총	N	2015	140	N	9	12	15	radical-full	土	木	scallions, leeks, green onions	艸		총:1N	풀 더북할 총
葳	U+8473	위	위	N	2015	140	N	9	12	15	radical-full	土	木	luxuriant, flourishing; used for various plants	艸		위:1N	초목 성할 위, 위유풀 위
葵	U+8475	규	규	N	2015	140	N	9	12	15	radical-full	土	木	sunflower; measure	艸		규:0N	해바라기 규, 아욱 규
葷	U+8477	훈	훈	N	2015	140	N	9	12	15	radical-full	土	木	meat diet; strong smelling	艸		훈:1N	매운 채소 훈
葺	U+847A	즙	즙	N	2015	140	N	9	13	15	radical-full	土	木	thatch; fix, repair; pile up	艸		즙:0N	기울 즙, 지붕일 즙
蒂	U+8482	체	체	N	2015	140	N	9	13	15	radical-full	土	木	peduncle or stem of plants	艸		체:1N	작은 가시 체
蒐	U+8490	수	수	N	2015	140	N	10	12	16	radical-full|component-kangxi-diff	土	木	collect, gather, assemble; seek; spring hunt; assemble for war	艸		수:0N	꼭두서니 수, 모을 수, 숨을 수, 찾을 수
蒑	U+8491	은	은	N	2015	140	N	10	13	16	radical-full	土	木		艸		은:N	
蒔	U+8494	시	시	N	2015	140	N	10	14	16	radical-full	土	木	transplant; plant; dill, Anethum graveolens	艸		시:0N	소회향 시, 모종낼 시
蒙	U+8499	몽	몽	Y		140	N	10	14	16	radical-full	土	木	cover; ignorant; suffer; Mongolia; hexagram ䷃	艸		몽:0E	입을 몽, 어릴 몽
蒜	U+849C	산	산	N	2015	140	N	10	14	16	radical-full	土	木	garlic	艸		산:0N	달래 산
蒟	U+849F	구	구	N	2015	140	N	10	13	16	radical-full	土	木	betel pepper; Amorphophallus konjac	艸		구:1N	구장 구
蒡	U+84A1	방	방	N	2015	140	N	10	13	16	radical-full	土	木	burdock, herb	艸		방:0N	인동 덩굴 방, 우엉 방
蒨	U+84A8	천	천	N	2015	140	N	10	13	16	radical-full	土	木	lush vegetation, luxuriant growth	艸		천:1N	대가 우거질 천
蒭	U+84AD	추	추	N	2015	140	N	10	13	16	radical-full	土	木	to cut grass; hay; fodder	艸		추:1N	芻와 同字
蒯	U+84AF	괴	괴	N	2015	140	N	10	13	16	radical-full	土	木	a rush	艸		괴:1N	황모 괴
蒲	U+84B2	포	포	N	2015	140	N	10	14	16	radical-full	土	木	type of rush; vine	艸		포:0N	부들풀 포, 창포 포, 개버들 포
蒴	U+84B4	삭	삭	N	2015	140	N	10	13	16	radical-full	土	木	seed (capsule)	艸		삭:1N	말오줌대 삭
蒸	U+84B8	증	증	Y		140	N	10	13	16	radical-full|rs-by-kangxi-pos:140.10|multi-rs:86.10=14	土	木	steam; evaporate	艸		증:0E	찔 증
蒹	U+84B9	겸	겸	N	2015	140	N	10	13	16	radical-full	土	木	reed, Phragmites communis	艸		겸:1N	갈대 겸
蒺	U+84BA	질	질	N	2015	140	N	10	13	16	radical-full	土	木	furze; gorse	艸		질:1N	납가새 질
蒻	U+84BB	약	약	N	2015	140	N	10	13	16	radical-full	土	木	rushes	艸		약:0N	구약나물 약, 부들속 약
蒼	U+84BC	창	창	Y		140	N	10	14	16	radical-full	土	木	blue; green	艸		창:0E	푸를 창
蒽	U+84BD	은	은	N	2015	140	N	10	13	16	radical-full	土	木	anthracene	艸		은:N	
蒿	U+84BF	호	호	N	2015	140	N	10	14	16	radical-full	土	木	mugwort, artemisia; give off	艸		호:0N	쑥 호, 향기날 호, 지칠 호, 다북쑥 호
蓀	U+84C0	손	손	N	2015	140	N	10	13	16	radical-full	土	木	aromatic grass; iris, flower	艸		손:0N	난초
蓁	U+84C1	진	진	N	2015	140	N	10	13	16	radical-full	土	木	abundant, luxuriant vegetation	艸		진:1N	우거질 진
蓂	U+84C2	명	명	N	2015	140	N	10	13	16	radical-full	土	木	lucky place	艸		명:0N	명협 명, 담벽풀 명
蓄	U+84C4	축	축	Y		140	N	10	13	16	radical-full	土	木	store, save, hoard, gather	艸		축:0E	쌓을 축, 모을 축, 감출 축
蓆	U+84C6	석	석	N	2015	140	N	10	13	16	radical-full	土	木	straw mat, mat	艸		석:0N	자리 석, 클 석
蓉	U+84C9	용	용	N	2015	140	N	10	13	16	radical-full	土	木	hibiscus; Chengdu, Sichuan	艸		용:0N	연꽃 용, 약 이름 용
蓊	U+84CA	옹	옹	N	2015	140	N	10	13	16	radical-full	土	木	luxuriant vegetation; lush	艸		옹:1N	옹풀 옹, 우거질 옹
蓋	U+84CB	개	개	Y		140	N	10	14	16	radical-full	土	木	cover, hide, protect	艸		개:0E	뚜껑 개, 덮개 개, 이엉 개, 우산 개, 가리울 개, 덮을 개
蓍	U+84CD	시	시	N	2015	140	N	10	14	16	radical-full	土	木	milfoil, plant used in divination	艸		시:0N	뺑대쑥 시, 시초 시, 뺑때쑥 시
蓏	U+84CF	라	라	N	2015	140	N	10	13	16	radical-full	土	木	fruit of plant; melon	艸	나	라:N	
蓐	U+84D0	욕	욕	N	2015	140	N	10	14	16	radical-full	土	木	straw bed mat; rushes	艸		욕:1N	새싹 욕, 가을 맡은 귀신 욕
蓑	U+84D1	사	사	N	2015	140	N	10	13	16	radical-full	土	木	rain coat made of straw, coir, etc.	艸		사:0N	도롱이 사
蓓	U+84D3	배	배	N	2015	140	N	10	13	16	radical-full	土	木	bud	艸		배:1N	꽃봉오리 배
蓖	U+84D6	비	비	N	2015	140	N	10	13	16	radical-full	土	木	castor-oil plant, Ricinus communis	艸		비:1N	아주까리 비
蓚	U+84DA	수	수	N	2015	140	N	10	12	16	radical-full|component-kangxi-diff	土	木	oxalic (used in compounds)	艸		수:0N	기쁠
蓬	U+84EC	봉	봉	N	2015	140	N	11	15	17	radical-full	金	木	type of raspberry; fairyland	艸		봉:0N	쑥 봉
蓭	U+84ED	암	암	N	2015	140	N	11	14	17	radical-full	金	木		艸		암:1N	암자 암
蓮	U+84EE	련	련,연	Y		140	N	11	13	17	radical-full|component-kangxi-diff	金	木	lotus, water lily; paradise	艸	연	련:0E 연:0	연밥 련, 연꽃 련
蓯	U+84EF	총	총	N	2015	140	N	11	14	17	radical-full	金	木	Cistanche deserticola, desert broomrape	艸		총:1N	풀 더북할 총
蓱	U+84F1	평	평	N	2015	140	N	11	12	17	radical-full|component-kangxi-diff	金	木		艸		평:1N	마름 평, 머구리밥 평, 개구리밥 평
蓴	U+84F4	순	순	N	2015	140	N	11	14	17	radical-full	金	木	Brasenia schreberi	艸		순:0N	순나물 순, 순마룰 순
蓺	U+84FA	예	예	N	2015	140	N	11	15	17	radical-full	金	木	art; talent, ability; craft	艸		예:N	
蓼	U+84FC	료	료,요	N	2015	140	N	11	14	17	radical-full	金	木	smartweed, polygonum	艸	요	료:0N 요:0	여뀌 료 / 병 나을 료, 여뀌 요
蓽	U+84FD	필	필	N	2015	140	N	11	13	17	radical-full|component-kangxi-diff	金	木	species of bean; Piper longum	艸		필:1N	휘추리 필, 약이름 필
蔀	U+8500	부	부	N	2015	140	N	11	13	17	radical-full|component-kangxi-diff	金	木	screen	艸		부:1N	빈지문 부
蔆	U+8506	릉	릉	N	2015	140	N	11	14	17	radical-full	金	木	water-chestnut, water caltrop	艸	능	릉:1N	마름 릉
蔎	U+850E	설	설	N	2015	140	N	11	14	17	radical-full	金	木		艸		설:N	
蔑	U+8511	멸	멸	N	2015	140	N	11	15	17	radical-full	金	木	disdain, disregard; slight	艸		멸:0N	업신여길 멸, 없을 멸
蔓	U+8513	만	만	N	2015	140	N	11	14	17	radical-full	金	木	creeping plants, tendrils, vines	艸		만:0N	덩굴 만
蔔	U+8514	복	복	N	2015	140	N	11	14	17	radical-full	金	木	radish; other root vegetables	艸		복:0N	무우 복, 치자꽃 복
蔕	U+8515	체	체	N	2015	140	N	11	14	17	radical-full	金	木	peduncle or stem of plants	艸		체:1N	작은 가시 체
蔗	U+8517	자	자	N	2015	140	N	11	14	17	radical-full	金	木	sugar cane	艸		자:0N	사탕수수 자
蔘	U+8518	삼	삼	N	2015	140	N	11	14	17	radical-full	金	木	ginseng; huge	艸		삼:0N	인삼 삼
蔚	U+851A	울	울	N	2015	140	N	11	14	17	radical-full	金	木	luxuriant, thick; ornamental	艸		울:0N	고을이름 울 / 제비쑥 위, 초목 우거진 모양 위, 잔무늬 위
蔞	U+851E	루	루	N	2015	140	N	11	14	17	radical-full	金	木	Artemisia stelleriana	艸	누	루:0N	쑥 루, 물쑥 루
蔟	U+851F	주	주	N	2015	140	N	11	14	17	radical-full	金	木	frame on which silkworms spin	艸		주:1N	태주 주
蔡	U+8521	채	채	N	2015	140	N	11	15	17	radical-full	金	木	surname; species of tortoise	艸		채:0N	거북 채, 채나라 채 / 내칠 살
蔣	U+8523	장	장	N	2015	140	N	11	14	17	radical-full	金	木	surname; Hydropyrum latifolium	艸		장:0N	줄 장, 과장풀 장
蔥	U+8525	총	총	N	2015	140	N	11	15	17	radical-full	金	木	scallions, onions, leeks	艸		총:0N	파 총, 파 뿌리 총, 푸를 총
蔦	U+8526	조	조	N	2015	140	N	11	14	17	radical-full	金	木	the convolvulus; parasitic plants such as mistletoe; Ribes ambiguum	艸		조:1N	담쟁이 조
蔪	U+852A	점	점	N	2015	140	N	11	14	17	radical-full	金	木		艸		점:1N	풀 벨 점, 보리 팰 점
蔬	U+852C	소	소	Y		140	N	11	15	17	radical-full	金	木	vegetables, greens	艸		소:0E	나물 소
蔭	U+852D	음	음	N	2015	140	N	11	13	17	radical-full|component-kangxi-diff	金	木	shade, shelter; protect	艸		음:0N	덮을 음, 가릴 음, 그늘 음
蔯	U+852F	진	진	N	2015	140	N	11	13	17	radical-full|component-kangxi-diff	金	木	a variety of artemisia	艸		진:0N	더워지기 진, 사철쑥 진
蔰	U+8530	호	호	N	2015	140	N	11	14	17	radical-full	金	木		艸		호:N	
蔽	U+853D	폐	폐	Y		140	N	12	14	18	radical-full|component-kangxi-diff	金	木	cover, hide, conceal; shelter	艸		폐:0E	가리울 폐, 다할 폐, 정할 폐, 가릴 폐
蔿	U+853F	위	위	N	2015	140	N	12	15	18	radical-full	金	木	surname; place name	艸		위:0N	풀 위, 성씨 위, 고을이름 위
蕁	U+8541	담	담	N	2015	140	N	12	15	18	radical-full	金	木	nettle	艸		담:0N	말 담, 지모 담
蕃	U+8543	번	번	N	2015	140	N	12	16	18	radical-full	金	木	foreign things	艸		번:0N	우거질 번, 불 번
蕆	U+8546	천	천	N	2015	140	N	12	15	18	radical-full	金	木	finish, complete; solve; complete	艸		천:1N	경계할 천
蕉	U+8549	초	초	N	2015	140	N	12	16	18	radical-full	金	木	banana; plantain	艸		초:0N	파초 초
蕊	U+854A	예	예	N	2015	140	N	12	16	18	radical-full	金	木	unopened flowers, flower buds	艸		예:1N	꽃술 예, 꽃 예
蕎	U+854E	교	교	N	2015	140	N	12	15	18	radical-full	金	木	buckwheat	艸		교:0N	메밀 교
蕓	U+8553	운	운	N	2015	140	N	12	15	18	radical-full	金	木	rue, a herb used keep insects away	艸		운:0N	운풀 운, 평지 운, 향내나는 풀 운
蕕	U+8555	유	유	N	2015	140	N	12	15	18	radical-full	金	木	Caryopteris divaricata	艸		유:1N	냄새나는 풀 유, 유풀 유
蕖	U+8556	거	거	N	2015	140	N	12	14	18	radical-full|component-kangxi-diff	金	木	lotus, water-lily	艸		거:1N	연꽃 거
蕗	U+8557	로	로	N	2015	140	N	12	16	18	radical-full	金	木	genus Leucaena; butterbur; Petasites japonicus	艸	노	로:N	
蕘	U+8558	요	요	N	2015	140	N	12	15	18	radical-full	金	木	fuel, firewood; stubble	艸		요:1N	나무할 요, 거칠 요
蕙	U+8559	혜	혜	N	2015	140	N	12	15	18	radical-full	金	木	species of fragrant orchid	艸		혜:0N	혜초 혜, 난초 혜
蕡	U+8561	분	분	N	2015	140	N	12	15	18	radical-full	金	木	luxurious, abundant; hemp seeds	艸		분:1N	들깨 분
蕣	U+8563	순	순	N	2015	140	N	12	15	18	radical-full	金	木	hibiscus	艸		순:0N	무궁화 순
蕤	U+8564	유	유	N	2015	140	N	12	15	18	radical-full	金	木	drooping leaves; fringe soft, delicate	艸		유:1N	더북할 유
蕨	U+8568	궐	궐	N	2015	140	N	12	15	18	radical-full	金	木	Pteris aquilina, common bracken	艸		궐:0N	고사리 궐
蕩	U+8569	탕	탕	N	2015	140	N	12	15	18	radical-full	金	木	pond, pool; wash away, cleanse	艸		탕:0N	넓고 클 탕, 없어질 탕, 방탕할 탕, 소탕할 탕
蕪	U+856A	무	무	N	2015	140	N	12	15	18	radical-full	金	木	luxurious growth of weeds	艸		무:0N	거칠어질 무, 거친풀 무, 황무지 무
蕫	U+856B	동	동	N	2015	140	N	12	15	18	radical-full	金	木		艸		동:1N	황모 동
蕭	U+856D	소	소	N	2015	140	N	12	16	18	radical-full	金	木	common artemisia; sighing of wind; mournful; dejected	艸		소:0N	쑥 소, 쓸쓸할 소, 말 우는 소리 소, 바람소리 소
蕸	U+8578	하	하	N	2015	140	N	13	15	19	radical-full|component-kangxi-diff	水	木	water lily's leaf	艸		하:N	
蕺	U+857A	즙	즙	N	2015	140	N	13	15	19	radical-full|component-kangxi-diff	水	木	Houttuynia cordata, fish mint	艸		즙:1N	삼백초 즙
蕾	U+857E	뢰	뢰	N	2015	140	N	13	16	19	radical-full	水	木	buds, unopened flowers	艸	뇌	뢰:1N	꽃봉오리 뢰
薀	U+8580	온	온	N	2015	140	N	13	16	19	radical-full	水	木	the hippuris or mare's tail plant	艸		온:1N	마름 온, 쌓일 온
薄	U+8584	박	박	Y		140	N	13	17	19	radical-full	水	木	thin, slight, weak; poor, stingy	艸		박:0E	숲 박, 엷을 박
薆	U+8586	애	애	N	2015	140	N	13	16	19	radical-full	水	木	to cover; to hide; to conceal	艸		애:1N	숨겨질 애
薇	U+8587	미	미	N	2015	140	N	13	16	19	radical-full	水	木	Osmunda regalis, a species of fern	艸		미:0N	고삐 미, 고비 미
薉	U+8589	예	예	N	2015	140	N	13	16	19	radical-full	水	木	dirty, unclean; immoral, obscene	艸		예:1N	더러울 예
薊	U+858A	계	계	N	2015	140	N	13	16	19	radical-full	水	木	genus Cirsium, thistles; surname	艸		계:1N	삽주 계
薌	U+858C	향	향	N	2015	140	N	13	14	19	radical-full|component-kangxi-diff	水	木	fragrant smell of grain; aromatic	艸		향:1N	곡기 향, 향기 향, 기장 향
薏	U+858F	의	의	N	2015	140	N	13	16	19	radical-full	水	木	seed of Job's tears; lotus seed	艸		의:0N	연밥 의, 율무 의
薑	U+8591	강	강	N	2015	140	N	13	16	19	radical-full	水	木	ginger	艸		강:0N	생강 강, 새앙 강
薔	U+8594	장	장	N	2015	140	N	13	16	19	radical-full	水	木	rose	艸		장:0N	물여뀌 장, 장미꽃 장 / 아낄 색
薗	U+8597	원	원	N	2015	140	N	13	16	19	radical-full	水	木	garden; park, orchard	艸		원:1N	園과 同字
薙	U+8599	치	치	N	2015	140	N	13	16	19	radical-full	水	木	weed; shave	艸		치:1N	풀 깎을 치
薛	U+859B	설	설	N	2015	140	N	13	17	19	radical-full	水	木	kind of marsh grass; feudal state	艸		설:0N	맑은대쑥 설, 풀이름 설
薝	U+859D	담	담	N	2015	140	N	13	16	19	radical-full	水	木		艸		담:1N	치자나무 담
薤	U+85A4	해	해	N	2015	140	N	13	16	19	radical-full	水	木	Allium bakeri; shallots, scallion	艸		해:1N	염교 해, 부추 해
薥	U+85A5	촉	촉	N	2015	140	N	13	16	19	radical-full	水	木		艸		촉:1N	촉규화 촉, 자귀밥 촉
薦	U+85A6	천	천	Y		140	N	13	17	19	radical-full	水	木	offer, present; recommend	艸		천:0E	천거할 천
薨	U+85A8	훙	훙	N	2015	140	N	13	16	19	radical-full	水	木	death of prince; swarming	艸		훙:0N	죽을 훙 / 많을 횡
薩	U+85A9	살	살	N	2015	140	N	14	16	20	radical-full|kangxi-pos:140.13|component-kangxi-diff	水	木	transliteration of 'sat' in 'bodhisattva,' etc.	艸		살:0N	보살 살
薪	U+85AA	신	신	N	2015	140	N	13	16	19	radical-full	水	木	fuel, firewood; salary	艸		신:0N	섶 신, 땔나무 신, 월급 신, 성씨 신
薫	U+85AB	훈	훈	N	2015	140	N	13	16	19	radical-full	水	木	a medicinal herb; to cauterize	艸		훈:N	
薯	U+85AF	서	서	N	2015	140	N	14	18	20	radical-full	水	木	yam, tuber, potato	艸		서:0N	참마 서, 감자 서
薰	U+85B0	훈	훈	N	2015	140	N	14	18	20	radical-full	水	木	a medicinal herb; to cauterize	艸		훈:0N	향불 훈, 향풀 훈
薺	U+85BA	제	제	N	2015	140	N	14	18	20	radical-full	水	木	water-chestnuts; caltrop	艸		제:0N	냉이 제
薾	U+85BE	이	이	N	2018	140	N	14	17	20	radical-full	水	木	luxuriant growth of flower	艸		이:N	
藁	U+85C1	고	고	N	2015	140	N	14	17	20	radical-full	水	木	straw, hay; dry, withered	艸		고:0N	마른 나무 고, 짚 고
藇	U+85C7	서	서	N	2015	140	N	14	16	20	radical-full|component-kangxi-diff	水	木	fine	艸		서:N	
藉	U+85C9	자	자	N	2015	140	N	14	17	20	radical-full	水	木	mat, pad; rely on; pretext	艸		자:0N	깔개 자 / 어수선할 적, 확자할 적, 임금이 가는 밭 적
藍	U+85CD	람	남,람	N	2015	140	N	14	18	20	radical-full	水	木	blue; indigo plant; surname	艸	남	남:0 람:0N	쪽 람 / 쪽 남
藎	U+85CE	신	신	N	2015	140	N	14	18	20	radical-full	水	木	Arthraxon hispidus, small carpetgrass; faithfulness	艸		신:0N	갈골 신, 나아갈 신, 남을 신
藏	U+85CF	장	장	Y		140	N	14	18	20	radical-full	水	木	hide, conceal; hoard, store up	艸		장:0E	감출 장
藐	U+85D0	묘	묘	N	2015	140	N	14	17	20	radical-full	水	木	disregard, slight, disdain	艸		묘:1N	작을 묘
藕	U+85D5	우	우	N	2015	140	N	15	18	21	radical-full	木	木	lotus root	艸		우:0N	연뿌리 우
藜	U+85DC	려	려	N	2015	140	N	15	18	21	radical-full	木	木	Chenopodium album, pigweed	艸	여	려:0N	나라 이름 려, 아름다운 옥 려
藝	U+85DD	예	예	Y		140	N	15	18	21	radical-full	木	木	art; talent, ability; craft	艸		예:0E	재주 예, 글 예, 가늠할 예, 극진할 예, 심을 예
藤	U+85E4	등	등	N	2015	140	N	15	18	21	radical-full	木	木	rattan, cane; creeper plant	艸		등:0N	등나무 등
藥	U+85E5	약	약	Y		140	N	15	19	21	radical-full	木	木	drugs, pharmaceuticals, medicine	艸		약:0E	약 약, 약할 약
藩	U+85E9	번	번	N	2015	140	N	15	18	21	radical-full	木	木	fence; boundary; outlying border	艸		번:0N	덮을 번, 울타리 번
藪	U+85EA	수	수	N	2015	140	N	15	18	21	radical-full	木	木	marsh, swamp; wild country; clump of trees or bushes	艸		수:0N	큰 늪 수, 덤불 수, 똬리 수
藷	U+85F7	저	저	N	2015	140	N	16	18	22	radical-full|component-kangxi-diff	木	木	yam, tuber, potato	艸		저:0N	마 저, 감자 저
藹	U+85F9	애	애	N	2015	140	N	16	19	22	radical-full	木	木	lush; affable, friendly	艸		애:1N	화기로울 애
藺	U+85FA	린	린,인	N	2015	140	N	16	19	22	radical-full	木	木	rush used in making mats; surname	艸	인	린:0N 인:0	골풀 린, 뇌양이 린 / 골풀 인, 뇌양이 인
藻	U+85FB	조	조	N	2015	140	N	16	19	22	radical-full	木	木	splendid, magnificent; algae	艸		조:0N	조류 조, 글 조
藿	U+85FF	곽	곽	N	2015	140	N	16	19	22	radical-full	木	木	Agastache rugosa, Korean mint	艸		곽:0N	콩잎 곽
蘀	U+8600	탁	탁	N	2015	140	N	16	19	22	radical-full	木	木	falling leaves and barks	艸		탁:1N	떨어질 탁, 마를 탁
蘂	U+8602	예	예	N	2015	140	N	16	19	22	radical-full	木	木	stamen or pistil	艸		예:0N	蕊와 同字, 꽃술 예
蘄	U+8604	기	기	N	2015	140	N	16	19	22	radical-full	木	木	variety of Artemisia	艸		기:1N	풀 이름 기
蘆	U+8606	로	노,로	N	2015	140	N	16	20	22	radical-full	木	木	rushes, reeds	艸	노	노:0 로:0N	갈대 로 / 갈대 노
蘇	U+8607	소	소	Y		140	N	16	19	22	radical-full	木	木	revive, resurrect; a species of thyme; transliteration of 'Soviet'	艸		소:0E	차조기 소, 나무할 소, 까무러칠 소, 깨어날 소, 성씨 소
蘊	U+860A	온	온	N	2015	140	N	16	19	22	radical-full	木	木	collect, gather, store; profound; (Budd.) skandha	艸		온:0N	마름 온, 쌓일 온, 쌓을 온
蘋	U+860B	빈	빈	N	2015	140	N	16	19	22	radical-full	木	木	apple	艸		빈:1N	네가래 빈
蘖	U+8616	얼	얼	N	2015	140	N	17	21	23	radical-full	火	木	stump, sprout	艸		얼:0N	그루터기 얼, 싹 얼
蘗	U+8617	벽	벽	N	2015	140	N	17	20	23	radical-full	火	木	stump, sprout	艸		벽:0N	황경나무 벽
蘘	U+8618	양	양	N	2015	140	N	17	20	23	radical-full	火	木	a kind of wild ginger	艸		양:1N	양하 양
蘚	U+861A	선	선	N	2015	140	N	17	20	23	radical-full	火	木	moss, lichen	艸		선:0N	이끼 선
蘟	U+861F	은	은	N	2015	140	N	17	19	23	radical-full|component-kangxi-diff	火	木		艸		은:N	
蘢	U+8622	롱	롱	N	2015	140	N	17	19	23	radical-full|kangxi-pos-residual:16>17|component-kangxi-diff	火	木	tall grass; water-weeds	艸	농	롱:1N	개여뀌 롱
蘧	U+8627	거	거	N	2015	140	N	17	19	23	radical-full|component-kangxi-diff	火	木	Dianthus superbus	艸		거:1N	패랭이꽃 거, 석죽화 거, 마음에 든든할 거
蘩	U+8629	번	번	N	2015	140	N	17	20	23	radical-full	火	木	Artemisia stelleriana	艸		번:1N	산흰쑥 번
蘪	U+862A	미	미	N	2015	140	N	17	20	23	radical-full	火	木		艸		미:N	
蘭	U+862D	란	난,란	Y		140	N	17	20	23	radical-full	火	木	orchid; elegant, graceful	艸	난	난:0 란:0E	난초 란 / 난초 난
蘯	U+862F	탕	탕	N	2015	140	N	17	20	23	radical-full	火	木	to toss about; to swing; to rock	艸		탕:1N	盪과 同字
蘼	U+863C	미	미	N	2015	140	N	19	22	25	radical-full	土	木	millet	艸		미:1N	장미 미, 천궁 미
蘿	U+863F	라	나,라	N	2015	140	N	19	22	25	radical-full	土	木	type of creeping plant; turnip	艸	나	나:0 라:0N	무 라, 소나무겨우살이 라 / 소나무겨우살이 나
虍	U+864D	호	호	N	2018	141	N	0	6	6	unicode-total	土		tiger; Kangxi radical 141	虍		호:N	범
虎	U+864E	호	호	Y		141	N	2	8	8	unicode-total	金		tiger; brave, fierce; surname	虍		호:0E	범 호
虐	U+8650	학	학	N	2015	141	N	3	9	9	unicode-total	水		cruel, harsh, oppressive	虍		학:0N	사나울 학, 혹독할 학
虓	U+8653	효	효	N	2015	141	N	4	10	10	unicode-total	水		roar	虍		효:1N	울부짖을 효
虔	U+8654	건	건	N	2015	141	N	4	10	10	unicode-total	水		act with reverence; reverent	虍		건:0N	정성 건, 빼앗을 건, 죽일 건, 공경할 건
處	U+8655	처	처	Y		141	N	5	11	11	unicode-total	木		place, locale; department	虍		처:0E	살 처, 곳 처
虛	U+865B	허	허	Y		141	N	6	12	12	unicode-total	木		false, worthless; empty, hollow; 11th lunar mansion, determinative star β Aquarii (Sadalsuud)	虍		허:0E	빌 허, 헛될 허, 다할 허, 약할 허, 거짓 허, 하늘 허
虜	U+865C	로	노,로	N	2015	141	N	6	13	13	total-gt-rs-check	火		to capture, imprison, seize; a prison	虍	노	노:0 로:0N	포로 로 / 포로 노
虞	U+865E	우	우	N	2015	141	N	7	13	13	unicode-total	火		concerned about, anxious, worried	虍		우:0N	염려할 우, 즐거울 우, 갖출 우, 우제 지낼 우
號	U+865F	호	호	Y		141	N	7	13	13	unicode-total	火		mark, sign; symbol; number	虍		호:0E	울부짖을 호, 부르짖을 호
虧	U+8667	휴	휴	N	2015	141	N	11	17	17	unicode-total	金		lose, fail; damage; deficient	虍		휴:0N	이지러질 휴
虫	U+866B	충	충,훼	N	2015	142	N	0	6	6	unicode-total	土		insects, worms; Kangxi radical 142	虫		충:N 훼:1	벌레 충 / 벌레 훼
虯	U+866F	규	규	N	2015	142	N	2	8	8	unicode-total	金		young dragon	虫		규:1N	뿔없는 용 규
虱	U+8671	슬	슬	N	2015	142	N	2	8	8	unicode-total	金		louse; bug; parasite	虫		슬:1N	蝨과 同字
虸	U+8678	자	자	N	2015	142	N	3	9	9	unicode-total	水			虫		자:1N	
虹	U+8679	홍	홍	N	2015	142	N	3	9	9	unicode-total	水		rainbow	虫		홍:0N	무지개 홍
虺	U+867A	훼	훼	N	2015	142	N	3	9	9	unicode-total	水		large poisonous snake	虫		훼:1N	살무사 훼
虻	U+867B	맹	맹	N	2015	142	N	3	9	9	unicode-total	水		horsefly, gadfly	虫		맹:1N	
蚊	U+868A	문	문	N	2015	142	N	4	10	10	unicode-total	水		mosquito; gnat	虫		문:0N	모기 문
蚋	U+868B	예	예	N	2015	142	N	4	10	10	unicode-total	水		gnat, mosquito	虫		예:1N	모기 예
蚌	U+868C	방	방	N	2015	142	N	4	10	10	unicode-total	水		oysters, mussels; mother-of-pearl	虫		방:0N	방합 방, 금조개 방
蚍	U+868D	비	비	N	2015	142	N	4	10	10	unicode-total	水		mussels; various shellfish	虫		비:1N	왕개미 비
蚓	U+8693	인	인	N	2015	142	N	4	10	10	unicode-total	水		earthworm	虫		인:0N	지렁이 인
蚣	U+86A3	공	공	N	2015	142	N	4	10	10	unicode-total	水		centipede	虫		공:0N	지네 공
蚤	U+86A4	조	조	N	2015	142	N	4	10	10	unicode-total	水		flea; louse	虫		조:0N	벼룩 조
蚨	U+86A8	부	부	N	2015	142	N	4	10	10	unicode-total	水		water-beetle; cash	虫		부:1N	파랑강충이 부
蚩	U+86A9	치	치	N	2015	142	N	4	10	10	unicode-total	水		worm; ignorant, rustic; laugh	虫		치:0N	치벌레 치, 어리석을 치, 업신여길 치, 벌레이름 치
蚪	U+86AA	두	두	N	2015	142	N	4	10	10	unicode-total	水		tadpole	虫		두:1N	올챙이 두
蚯	U+86AF	구	구	N	2015	142	N	5	11	11	unicode-total	木		earthworm	虫		구:1N	지렁이 구
蚰	U+86B0	유	유	N	2015	142	N	5	11	11	unicode-total	木		millipede	虫		유:1N	노래기 유, 땅지네 유
蚱	U+86B1	책	책	N	2015	142	N	5	11	11	unicode-total	木		grasshopper; (edible) locust; cicada	虫		책:1N	벼메뚜기 책
蚴	U+86B4	유	유	N	2015	142	N	5	11	11	unicode-total	木		larva	虫		유:1N	굼틀거릴 유
蛀	U+86C0	주	주	N	2015	142	N	5	11	11	unicode-total	木		insects that eat books, clothes	虫		주:1N	나무좀 주
蛅	U+86C5	점	점	N	2015	142	N	5	11	11	unicode-total	木		a caterpillar	虫		점:1N	
蛆	U+86C6	저	저	N	2015	142	N	5	11	11	unicode-total	木		maggots	虫		저:1N	구더기 저, 지네 저
蛇	U+86C7	사	사	Y		142	N	5	11	11	unicode-total	木		snake	虫		사:0E	뱀 사
蛉	U+86C9	령	령	N	2015	142	N	5	11	11	unicode-total	木		dragonfly, Libellulidae; lacewing	虫	영	령:1N	장자리 령
蛋	U+86CB	단	단	N	2015	142	N	5	11	11	unicode-total	木		eggs; term of abuse	虫		단:0N	오랑캐 이름 단, 새알 단
蛔	U+86D4	회	회	N	2015	142	N	6	12	12	unicode-total	木		tapeworm	虫		회:0N	거위 회
蛙	U+86D9	와	와	N	2015	142	N	6	12	12	unicode-total	木		frog	虫		와:0N	개구리 와
蛛	U+86DB	주	주	N	2015	142	N	6	12	12	unicode-total	木		spider	虫		주:0N	거미 주
蛞	U+86DE	활	활	N	2015	142	N	6	12	12	unicode-total	木		snail; slug, mole cricket	虫		활:1N	괄태충 활
蛟	U+86DF	교	교	N	2015	142	N	6	12	12	unicode-total	木		scaly dragon with four legs	虫		교:0N	교룡 교, 도룡뇽 교
蛣	U+86E3	길	길	N	2015	142	N	6	12	12	unicode-total	木		(dung) beetle	虫		길:1N	장구벌레 길
蛤	U+86E4	합	합	N	2015	142	N	6	12	12	unicode-total	木		clam	虫		합:0N	조개 합, 두꺼비 합
蛩	U+86E9	공	공	N	2015	142	N	6	12	12	unicode-total	木		cricket, locust; anxious	虫		공:1N	메뚜기 공
蛬	U+86EC	공	공	N	2015	142	N	6	12	12	unicode-total	木			虫		공:1N	귀뚜라미 공
蛭	U+86ED	질	질	N	2015	142	N	6	12	12	unicode-total	木		leech	虫		질:0N	거머리 질
蛸	U+86F8	소	소	N	2015	142	N	7	13	13	unicode-total	火		long legged spider; octopus; chrysalis of mantis	虫		소:1N	거미알 소, 연가시 알집 소
蛹	U+86F9	용	용	N	2015	142	N	7	13	13	unicode-total	火		chrysalis, larva	虫		용:1N	번데기 용
蛻	U+86FB	세	세	N	2015	142	N	7	13	13	unicode-total	火		molt, exuviate, shed	虫		세:1N	매미 허물 세
蛾	U+86FE	아	아	N	2015	142	N	7	13	13	unicode-total	火		moth	虫		아:0N	누에나방 아, 누에나비 아
蜀	U+8700	촉	촉	N	2015	142	N	7	13	13	unicode-total	火		one of the Three Kingdoms, established by Liu Bei	虫		촉:0N	촉규화벌레 촉, 큰 닭 촉, 나라이름 촉
蜂	U+8702	봉	봉	Y		142	N	7	13	13	unicode-total	火		bee, wasp, hornet	虫		봉:0E	벌 봉
蜃	U+8703	신	신	N	2015	142	N	7	13	13	unicode-total	火		marine monster which can change its shape; water spouts; clams	虫		신:0N	큰 조개 신, 이무기 신, 술잔 신
蜆	U+8706	현	현	N	2015	142	N	7	13	13	unicode-total	火		a variety of bivalves	虫		현:1N	가막조개 현, 호수이름 현
蜈	U+8708	오	오	N	2015	142	N	7	13	13	unicode-total	火		centipede	虫		오:0N	지네 오
蜉	U+8709	부	부	N	2015	142	N	7	13	13	unicode-total	火		mayfly	虫		부:1N	하루살이 부
蜊	U+870A	리	리	N	2015	142	N	7	13	13	unicode-total	火		clam	虫	이	리:1N	참조개 리
蜋	U+870B	랑	랑	N	2015	142	N	7	13	13	unicode-total	火		mantis, dung beetle; insect	虫	낭	랑:1N	사마귀 랑
蜑	U+8711	단	단	N	2015	142	N	7	12	13	kangxi-sum	火		egg	虫		단:1N	오랑캐 이름 단
蜘	U+8718	지	지	N	2015	142	N	8	14	14	unicode-total	火		spider	虫		지:0N	거미 지
蜚	U+871A	비	비	N	2015	142	N	8	14	14	unicode-total	火		cockroach	虫		비:0N	바퀴 비, 풍뎅이 비
蜜	U+871C	밀	밀	Y		142	N	8	14	14	unicode-total	火		honey; sweet; nectar	虫		밀:0E	꿀 밀
蜝	U+871D	기	기	N	2015	142	N	8	14	14	unicode-total	火		a kind of crab; worm, leech	虫		기:1N	방계 기
蜡	U+8721	사	사	N	2015	142	N	8	14	14	unicode-total	火		wax; candle; waxy, glazed; maggot; (same as 䄍) meaning imperial harvest	虫		사:1N	납향 사
蜥	U+8725	석	석	N	2015	142	N	8	14	14	unicode-total	火		lizard	虫		석:1N	도마뱀 석
蜨	U+8728	접	접	N	2015	142	N	8	14	14	unicode-total	火		butterfly	虫		접:1N	나비 접
蜩	U+8729	조	조	N	2015	142	N	8	14	14	unicode-total	火		cicada, broad locust	虫		조:1N	매미 조
蜴	U+8734	척	척	N	2015	142	N	8	14	14	unicode-total	火		lizard	虫		척:1N	도마뱀 척
蜵	U+8735	연	연	N	2015	142	N	8	15	15	total-gt-rs-check	土			虫		연:1N	우렁찰 연, 벌레 이름 연
蜷	U+8737	권	권	N	2015	142	N	8	14	14	unicode-total	火		creep like a worm; curl one's body	虫		권:1N	움추러질 권
蜺	U+873A	예	예	N	2015	142	N	8	14	14	unicode-total	火		reflection of rainbow	虫		예:1N	말매미 예, 암무지개 예
蜻	U+873B	청	청	N	2015	142	N	8	14	14	unicode-total	火		dragonfly	虫		청:1N	귀뚜라미 청
蜿	U+873F	원	원	N	2015	142	N	8	14	14	unicode-total	火		creep, crawl	虫		원:1N	굼틀거릴 원
蝀	U+8740	동	동	N	2015	142	N	8	14	14	unicode-total	火		rainbow	虫		동:1N	무지개 동
蝌	U+874C	과	과	N	2015	142	N	9	15	15	unicode-total	土		tadpole	虫		과:1N	올챙이 과
蝎	U+874E	갈	갈	N	2015	142	N	9	15	15	unicode-total	土		scorpion	虫		갈:0N	전갈 갈, 빈대 갈
蝕	U+8755	식	식	N	2015	142	N	9	14	15	kangxi-sum	土		nibble away; erode; eclipse	虫		식:0N	벌레먹을 식, 일식 식, 월식 식, 좀먹을 식
蝗	U+8757	황	황	N	2015	142	N	9	15	15	unicode-total	土		kind of locust	虫		황:0N	누리 황, 메뚜기 황
蝙	U+8759	편	편	N	2015	142	N	9	15	15	unicode-total	土		bat	虫		편:1N	박쥐 편
蝟	U+875F	위	위	N	2015	142	N	9	15	15	unicode-total	土		hedgehog	虫		위:0N	고슴도치 위
蝠	U+8760	복	복	N	2015	142	N	9	15	15	unicode-total	土		bat	虫		복:1N	박쥐 복
蝤	U+8764	유	유	N	2015	142	N	9	15	15	unicode-total	土		grub, maggot; Scylla serrata, swimming crab	虫		유:1N	하루살이 유
蝥	U+8765	모	모	N	2015	142	N	9	15	15	unicode-total	土		Chinese blister beetle; Spanish fly	虫		모:1N	해충 모
蝦	U+8766	하	하	N	2015	142	N	9	15	15	unicode-total	土		shrimp, prawn	虫		하:0N	새우 하, 개구리 하
蝨	U+8768	슬	슬	N	2015	142	N	9	15	15	unicode-total	土		louse; bedbug	虫		슬:0N	이 슬
蝮	U+876E	복	복	N	2015	142	N	9	15	15	unicode-total	土		venomous snake, viper	虫		복:1N	살무사 복
蝴	U+8774	호	호	N	2015	142	N	9	15	15	unicode-total	土		butterfly	虫		호:0N	나비
蝶	U+8776	접	접	Y		142	N	9	15	15	unicode-total	土		butterfly	虫		접:0E	들나비 접
蝸	U+8778	와	와	N	2015	142	N	9	14	15	kangxi-sum	土		snail	虫		와:0N	달팽이 와
螂	U+8782	랑	랑	N	2015	142	N	10	14	16	kangxi-sum	土		mantis, dung beetle	虫	낭	랑:0N	蜋과 同字, 버마재비 랑
螃	U+8783	방	방	N	2015	142	N	10	16	16	unicode-total	土		crab	虫		방:1N	방게 방
螌	U+878C	반	반	N	2015	142	N	10	16	16	unicode-total	土		a striped, poisonous fly	虫		반:1N	가뢰 반
融	U+878D	융	융	N	2015	142	N	10	16	16	unicode-total	土		melt, fuse; blend, harmonize	虫		융:0N	부드러울 융, 밝을 융, 융통할 융, 불길 위로 오를 융, 귀신이름 융
螘	U+8798	의	의	N	2015	142	N	10	16	16	unicode-total	土		ant	虫		의:1N	목 매어 죽는 벌레 의
螞	U+879E	마	마	N	2015	142	N	10	16	16	unicode-total	土		ant; leech	虫		마:1N	말거머리 마
螟	U+879F	명	명	N	2015	142	N	10	16	16	unicode-total	土		snout moth's larva	虫		명:0N	마디충 명, 며루 명
螢	U+87A2	형	형	Y		142	N	10	16	16	unicode-total	土		glowworm, luminous insect	虫		형:0E	개똥벌레 형, 반딧불 형
螣	U+87A3	등	등	N	2015	142	N	10	16	16	unicode-total	土		mythological wingless dragon	虫		등:1N	등사 등
螭	U+87AD	리	리	N	2015	142	N	11	16	17	kangxi-sum	金		a dragon whose horns have not grown; cruel	虫	이	리:1N	교륭 리
螳	U+87B3	당	당	N	2015	142	N	11	17	17	unicode-total	金		mantis	虫		당:0N	버마 재비 당
螴	U+87B4	진	진	N	2015	142	N	11	16	17	kangxi-sum	金			虫		진:1N	설렐 진
螺	U+87BA	라	나,라	N	2015	142	N	11	17	17	unicode-total	金		spiral shell; conch; spiral	虫	나	나:0 라:0N	소라 라 / 소라 나
螻	U+87BB	루	루	N	2015	142	N	11	17	17	unicode-total	金		a mole cricket, Gryllotalpa orientalis	虫	누	루:1N	땅강아지 루
螽	U+87BD	종	종	N	2015	142	N	11	17	17	unicode-total	金		katydid	虫		종:1N	누리 종
蟀	U+87C0	솔	솔	N	2015	142	N	11	17	17	unicode-total	金		cricket	虫		솔:1N	귀뚜라미 솔
蟄	U+87C4	칩	칩	N	2015	142	N	11	17	17	unicode-total	金		to hibernate	虫		칩:0N	벌레 움츠릴 칩, 우물거릴 칩
蟇	U+87C7	마	마	N	2015	142	N	11	16	17	kangxi-sum	金		frog, toad	虫		마:1N	개구리 마
蟊	U+87CA	모	모	N	2015	142	N	11	17	17	unicode-total	金		grain-eating grub	虫		모:1N	蝥와 同字
蟋	U+87CB	실	실	N	2015	142	N	11	17	17	unicode-total	金		cricket	虫		실:1N	귀뚜라미 실
蟚	U+87DA	팽	팽	N	2015	142	N	12	18	18	unicode-total	金		a small land crab	虫		팽:1N	蟛과 同字
蟛	U+87DB	팽	팽	N	2015	142	N	12	18	18	unicode-total	金		a land-crab	虫		팽:1N	방게 팽
蟠	U+87E0	반	반	N	2015	142	N	12	18	18	unicode-total	金		coil; coiling, curling; occupy	虫		반:0N	서릴 반, 쥐며느리 반
蟣	U+87E3	기	기	N	2015	142	N	12	18	18	unicode-total	金		louse eggs, nits	虫		기:1N	서캐 기
蟬	U+87EC	선	선	N	2015	142	N	12	18	18	unicode-total	金		cicada; continuous	虫		선:0N	매미 선
蟯	U+87EF	요	요	N	2015	142	N	12	18	18	unicode-total	金		Enterobius vermicularis, pinworm	虫		요:0N	촌백충 요
蟲	U+87F2	충	충	Y		142	N	12	18	18	unicode-total	金		worms; insects	虫		충:0E	벌레 충, 김 오를 충
蟷	U+87F7	당	당	N	2015	142	N	13	19	19	unicode-total	水		mantis	虫		당:1N	사마귀 당
蟹	U+87F9	해	해	N	2015	142	N	13	19	19	unicode-total	水		crab	虫		해:0N	게 해
蟻	U+87FB	의	의	N	2015	142	N	13	19	19	unicode-total	水		ants	虫		의:0N	왕개미 의, 검을 의, 술구더기 의
蟾	U+87FE	섬	섬	N	2015	142	N	13	19	19	unicode-total	水		toad	虫		섬:0N	두꺼비 섬
蠅	U+8805	승	승	N	2015	142	N	13	19	19	unicode-total	水		flies	虫		승:0N	파리 승
蠍	U+880D	갈	갈	N	2015	142	N	13	19	19	unicode-total	水		scorpion	虫		갈:1N	전갈 갈
蠑	U+8811	영	영	N	2015	142	N	14	20	20	unicode-total	水		lizard	虫		영:1N	도마뱀 영
蠕	U+8815	연	연	N	2015	142	N	14	20	20	unicode-total	水		to squirm, wriggle	虫		연:1N	
蠙	U+8819	빈	빈	N	2018	142	N	14	20	20	unicode-total	水		oyster	虫		빈:N	
蠟	U+881F	랍	납,랍	N	2015	142	N	15	21	21	unicode-total	木		wax; candle; waxy, glazed	虫	납	납:0 랍:0N	밀 랍 / 밀 납
蠡	U+8821	려	려	N	2015	142	N	15	21	21	unicode-total	木		wood-boring insect; bore into wood	虫	여	려:1N	좀먹을 려
蠢	U+8822	준	준	N	2015	142	N	15	21	21	unicode-total	木		wriggle; stupid; silly; fat	虫		준:0N	꿈틀거릴 준, 꿈실거리는 준
蠣	U+8823	려	려	N	2015	142	N	15	20	21	kangxi-sum	木		oyster	虫	여	려:0N	굴 려
蠱	U+8831	고	고	N	2015	142	N	17	23	23	unicode-total	火		poison; venom; harm; bewitch; hexagram ䷑	虫		고:0N	독 고, 회충 고
蠲	U+8832	견	견	N	2015	142	N	17	23	23	unicode-total	火		millipede; glow-worm; bright, clear	虫		견:1N	밝을 견, 조촐할 견, 반딧불 견
蠶	U+8836	잠	잠	N	2015	142	N	18	24	24	unicode-total	火		silkworm	虫		잠:0N	누에 잠
蠹	U+8839	두	두	N	2015	142	N	18	24	24	unicode-total	火		moth; insects which eat into cloth	虫		두:1N	좀 두
蠻	U+883B	만	만	N	2015	142	N	19	25	25	unicode-total	土		barbarians; barbarous, savage	虫		만:0N	오랑캐 만
血	U+8840	혈	혈	Y		143	N	0	6	6	unicode-total	土		blood; Kangxi radical 143	血		혈:0E	피 혈, 피붙이 혈, 씩씩할 혈
衄	U+8844	뉵	뉵	N	2015	143	N	4	10	10	unicode-total	水		epistaxis, nosebleed; to be defeated	血	육	뉵:1N	코피 뉵
衆	U+8846	중	중	Y		143	N	6	12	12	unicode-total	木		multitude, crowd; masses, public	血		중:0E	무리 중
衊	U+884A	멸	멸	N	2015	143	N	15	20	21	kangxi-sum	木		smear, slander; defile	血		멸:1N	모독할 멸
行	U+884C	항,행	항,행	Y	2015	144	N	0	6	6	unicode-total	土		go; walk; move, travel; circulate; Kangxi radical 144	行		항:0N 행:0E	시장 항, 항렬 항, 굳셀 항 / 다닐 행, 길귀신 행, 오행 행, 그릇 얄긋거릴 행, 행서 행, 행실 행, 항렬 행
衍	U+884D	연	연	N	2015	144	N	3	9	9	unicode-total	水		overflow, spill over, spread out	行		연:0N	성할 연, 넓을 연, 물이 넘칠 연, 상자 연, 아름다울 연, 흐를 연
衎	U+884E	간	간	N	2015	144	N	3	9	9	unicode-total	水		to give pleasure; pleased, happy	行		간:1N	즐길 간, 바를 간
衒	U+8852	현	현	N	2015	144	N	5	11	11	unicode-total	木		brag; show off, promote oneself	行		현:0N	자랑할 현, 팔릴 현
術	U+8853	술	술	Y		144	N	5	11	11	unicode-total	木		art, skill, special feat; method, technique	行		술:0E	재주 술, 심술부릴 술, 술법 술
街	U+8857	가	가	Y		144	N	6	12	12	unicode-total	木		street, road, thoroughfare	行		가:0E	거리 가
衙	U+8859	아	아	N	2015	144	N	7	13	13	unicode-total	火		public office; official residence	行		아:0N	마을 아
衛	U+885B	위	위	Y		144	N	9	15	15	unicode-total	土		guard, protect, defend	行		위:0E	衞와 同字, 호위할 위
衝	U+885D	충	충	Y		144	N	9	15	15	unicode-total	土		rush against, charge ahead	行		충:0E	충돌할 충, 찌를 충, 거리 충, 돌파할 충
衞	U+885E	위	위	N	2015	144	N	10	16	16	unicode-total	土		guard, protect, defend	行		위:1N	막을 위, 지킬 위, 핏기운 위, 나라이름 위
衡	U+8861	형	형	Y		144	N	10	16	16	unicode-total	土		measure, weigh, judge, consider	行		형:0E	저울대 형
衢	U+8862	구	구	N	2015	144	N	18	24	24	unicode-total	火		highway; thoroughfare, intersection	行		구:0N	네거리 구, 갈림길 구
衣	U+8863	의	의	Y		145	N	0	6	6	unicode-total	土		clothes, clothing; cover, skin; Kangxi radical 145	衣		의:0E	옷 의, 입을 의
表	U+8868	표	표	Y		145	N	3	8	9	radical-full	水		show, express, manifest, display	衣		표:0E	겉 표, 윗옷 표, 밝을 표
衫	U+886B	삼	삼	N	2015	145	N	3	8	9	radical-full	水		shirt; robe; gown; jacket	衣		삼:0N	적삼 삼, 옷 삼
衮	U+886E	곤	곤	N	2015	145	N	4	10	10	unicode-total	水		ceremonial dress worn by the emperor	衣		곤:1N	袞과 同字
衲	U+8872	납	납	N	2015	145	N	4	9	10	radical-full	水		mend, sew, patch; line; quilt	衣		납:0N	기울 납, 장삼 납
衷	U+8877	충	충	N	2015	145	N	4	10	10	unicode-total	水		heart, from bottom of one's heart	衣		충:0N	가운데 충, 정성 충, 착할 충, 속곳 충, 마음 충
衽	U+887D	임	임	N	2015	145	N	4	9	10	radical-full	水		lapel; hidden lapel of coat	衣		임:1N	옷깃 임
衾	U+887E	금	금	N	2015	145	N	4	10	10	unicode-total	水		coverlet, quilt	衣		금:0N	이불 금
衿	U+887F	금	금	N	2015	145	N	4	9	10	radical-full	水		collar or lapel of garment	衣		금:0N	옷깃 금, 옷고름 금
袁	U+8881	원	원	N	2015	145	N	4	10	10	unicode-total	水		robe; surname	衣		원:0N	옷 치렁거릴 원, 성씨 원, 옷긴모양 원
袂	U+8882	몌	몌	N	2015	145	N	4	9	10	radical-full	水		sleeves	衣		몌:0N	소매 몌, 옷소매 몌
袈	U+8888	가	가	N	2015	145	N	5	11	11	unicode-total	木		Buddhist cassock	衣		가:0N	가사 가
袋	U+888B	대	대	N	2015	145	N	5	11	11	unicode-total	木		pocket, bag, sack, pouch	衣		대:0N	자루 대, 주머니 대
袍	U+888D	포	포	N	2015	145	N	5	10	11	radical-full	木		long gown, robe, cloak	衣		포:0N	도포 포, 관디 포, 앞섶 포, 두루마기 포
袒	U+8892	단	단	N	2015	145	N	5	10	11	radical-full	木		strip; lay bare; bared; naked	衣		단:0N	웃옷 벗을 단, 옷벗어멜 단
袖	U+8896	수	수	N	2015	145	N	5	10	11	radical-full	木		sleeve; put something in sleeve	衣		수:0N	소매 수
袗	U+8897	진	진	N	2015	145	N	5	10	11	radical-full	木		unlined garments; hem of garment	衣		진:0N	홑옷 진, 고운 옷 진
袛	U+889B	저	저	N	2015	145	N	5	10	11	radical-full	木		(same as 只)	衣		저:1N	속적삼 저
袝	U+889D	부	부	N	2015	145	N	5	10	11	radical-full	木			衣		부:1N	
袞	U+889E	곤	곤	N	2015	145	N	5	11	11	unicode-total	木		ceremonial dress worn by the emperor	衣		곤:0N	곤룡포 곤, 천자의 옷 곤
袢	U+88A2	번	번	N	2015	145	N	5	10	11	radical-full	木		robe	衣		번:1N	속옷 번
袪	U+88AA	거	거	N	2015	145	N	5	10	11	radical-full	木		sleeves; cuff	衣		거:1N	소매 거, 소매 아귀 거
被	U+88AB	피	피	Y		145	N	5	11	11	unicode-total	木		passive indicator 'by'; bedding	衣		피:0E	이불 피, 덥힐 피, 미칠 피, 나타날 피, 창피할 피, 덮을 피
袴	U+88B4	고	고	N	2015	145	N	6	11	12	radical-full	木		pants; trousers; panties	衣		고:0N	바지 고
裀	U+88C0	인	인	N	2015	145	N	6	11	12	radical-full	木		mat, coverlet; underwear	衣		인:1N	요 인
裁	U+88C1	재	재	Y		145	N	6	12	12	unicode-total	木		cut out; decrease	衣		재:0E	마름질할 재, 헤아릴 재, 결단할 재, 옷마를 재
裂	U+88C2	렬	렬,열	Y		145	N	6	12	12	unicode-total	木		split, crack, break open; rend	衣	열	렬:0E 열:0	찢을 렬 / 찢어질 렬, 비단 자투리 렬, 찢을 열
裍	U+88CD	곤	곤	N	2015	145	N	7	12	13	radical-full	火		a border or band on the edge of a dress	衣		곤:1N	걷어 올릴 곤
裏	U+88CF	리	리,이	Y		145	N	7	13	13	unicode-total	火		inside, interior, within	衣	이	리:0E 이:0	속 리 / 옷 안 리, 속 리
裒	U+88D2	부	부	N	2015	145	N	7	12	13	radical-full	火		collect, gather, assemble; praise	衣		부:1N	모을 부
裔	U+88D4	예	예	N	2015	145	N	7	13	13	unicode-total	火		progeny, descendants, posterity	衣		예:0N	옷 뒷자락 예, 변방 예, 후손 예
裕	U+88D5	유	유	Y		145	N	7	12	13	radical-full	火		abundant, rich, plentiful	衣		유:0E	넉넉할 유, 너그러울 유
裘	U+88D8	구	구	N	2015	145	N	7	13	13	unicode-total	火		fur garments; surname	衣		구:1N	갓옷 구
裙	U+88D9	군	군	N	2015	145	N	7	12	13	radical-full	火		skirt, apron, petticoat	衣		군:0N	치마 군
補	U+88DC	보	보	Y		145	N	7	13	13	unicode-total	火		mend, patch, fix, repair, restore	衣		보:0E	기울 보, 도울 보
裝	U+88DD	장	장	Y		145	N	7	13	13	unicode-total	火		dress, clothes; decorate; fill	衣		장:0E	차려 입을 장, 행장 장
裟	U+88DF	사	사	N	2015	145	N	7	13	13	unicode-total	火		a cassock or robe of a monk	衣		사:0N	가사 사
裡	U+88E1	리	리,이	N	2015	145	N	7	12	13	radical-full	火		inside, interior, within	衣	이	리:0N 이:0	裏와 同字, 옷속 리 / 裏의 俗字, 옷속 이
裨	U+88E8	비	비	N	2015	145	N	8	13	14	radical-full	火		aid, benefit, help; supplement	衣		비:0N	도울 비
裯	U+88EF	주	주	N	2015	145	N	8	13	14	radical-full	火		coverlet; bedspread	衣		주:1N	홑이불 주
裱	U+88F1	표	표	N	2015	145	N	8	13	14	radical-full	火		to mount maps or scrolls to paste	衣		표:1N	목수건 표
裳	U+88F3	상	상	Y		145	N	8	14	14	unicode-total	火		clothes; skirt; beautiful	衣		상:0E	치마 상
裴	U+88F4	배	배	N	2015	145	N	8	14	14	unicode-total	火		surname; look of a flowing gown	衣		배:0N	옷 치렁치렁할 배, 옷이 치렁치렁한 모양 배
裵	U+88F5	배	배	N	2015	145	N	8	14	14	unicode-total	火		surname; look of a flowing gown	衣		배:0N	성
裸	U+88F8	라	나,라	N	2015	145	N	8	13	14	radical-full	火		bare, nude; undress, strip	衣	나	나:0 라:0N	벌거벗을 라, 벌거숭이 라 / 벌거벗을 라, 털 없는 벌레 라, 벌거숭이 나
裹	U+88F9	과	과	N	2015	145	N	8	14	14	unicode-total	火		wrap, bind; encircle, confine	衣		과:1N	쌀 과
製	U+88FD	제	제	Y		145	N	8	14	14	unicode-total	火		make, manufacture; produce	衣		제:0E	만들 제, 지을 제
裾	U+88FE	거	거	N	2015	145	N	8	13	14	radical-full	火		lapel, border of garment; skirt	衣		거:1N	옷 뒷자락 거
複	U+8907	복	복	Y		145	N	9	15	15	unicode-total	土		repeat, double, overlap	衣		복:0E	겹옷 복
褊	U+890A	편	편	N	2015	145	N	9	14	15	radical-full	土		cramped, narrow, crowded; mean	衣		편:1N	좁을 편, 급할 편, 옷이 몸에 낄 편
褌	U+890C	곤	곤	N	2015	145	N	9	14	15	radical-full	土		trousers, pants, shorts, drawers	衣		곤:1N	잠방이 곤
褐	U+8910	갈	갈	N	2015	145	N	9	14	15	radical-full	土		coarse woolen cloth; dull, dark	衣		갈:0N	털베 갈, 굵은 베 갈, 천한사람 갈, 갈옷 갈
褑	U+8911	원	원	N	2015	145	N	9	14	15	radical-full	土			衣		원:N	
褒	U+8912	포	포	N	2015	145	N	9	15	15	unicode-total	土		praise, commend, honor, cite	衣		포:0N	포장할 포, 옷 뒤길 포, 도포 포, 고을이름 포
褓	U+8913	보	보	N	2015	145	N	9	14	15	radical-full	土		swaddling cloth; infancy	衣		보:0N	포대기 보
褕	U+8915	유	유	N	2015	145	N	9	14	15	radical-full	土		shirt	衣		유:1N	꿩의 깃으로 꾸민 옷 유, 쾌자 유
褘	U+8918	위	위	N	2015	145	N	9	14	15	radical-full	土		ceremonial gowns of a queen	衣		위:0N	휘장 위, 아름다울 위
褙	U+8919	배	배	N	2015	145	N	9	14	15	radical-full	土		paper or cloth pasted together	衣		배:0N	속적삼
褚	U+891A	저	저	N	2015	145	N	9	13	15	radical-full|component-kangxi-diff	土		bag, valise; stuff, pad; surname	衣		저:1N	주머니 저, 쌓을 저, 옷에 솜 둘 저
褥	U+8925	욕	욕	N	2015	145	N	10	15	16	radical-full	土		mattress, cushion; bedding	衣		욕:0N	요
褧	U+8927	경	경	N	2015	145	N	10	16	16	unicode-total	土		unlined clothes; light overcoat	衣		경:1N	홑옷 경
褪	U+892A	퇴	퇴	N	2015	145	N	10	14	16	radical-full|component-kangxi-diff	土		strip, undress; fall off; fade	衣		퇴:0N	옷 벗을 퇴, 꽃빛 옅어질 퇴
褫	U+892B	치	치	N	2015	145	N	10	15	16	radical-full	土		strip, tear off, undress	衣		치:1N	옷 빼앗을 치, 벗을 치, 넋 잃을 치
褯	U+892F	석,자	석,자	N	2015	145	N	10	15	16	radical-full	土		children's garments. a mat for wrapping garments	衣		석:N 자:N	
褰	U+8930	건	건	N	2015	145	N	10	16	16	unicode-total	土		underclothing; to pick up one's skirts	衣		건:1N	바지 건, 걷을 건, 발 걷을 건
褶	U+8936	습	습	N	2015	145	N	11	16	17	radical-full	金		pleat, crease, wrinkles	衣		습:0N	슬갑 습 / 덧옷 첩, 겹옷 첩
褸	U+8938	루	루	N	2015	145	N	11	16	17	radical-full	金		lapel, collar; tattered, threadbare	衣	누	루:0N	남루할 루
褺	U+893A	첩	첩	N	2015	145	N	11	17	17	unicode-total	金		dirty, ragged; undress, to treat with irreverence	衣		첩:1N	겹옷 첩
褻	U+893B	설	설	N	2015	145	N	11	17	17	unicode-total	金		dirty, ragged; slight, insult, treat with disrespect	衣		설:0N	더러울 설, 평복 설
襁	U+8941	강	강	N	2015	145	N	11	17	17	unicode-total	金		swaddling clothes	衣		강:0N	포대기 강
襄	U+8944	양	양	N	2015	145	N	11	17	17	unicode-total	金		aid, help, assist; undress	衣		양:0N	오를 양, 장사지낼 양, 도울 양
襍	U+894D	잡	잡	N	2015	145	N	12	17	18	radical-full	金		mixed, blended; mix, mingle	衣		잡:1N	雜의 本字
襒	U+8952	별	별	N	2015	145	N	12	16	18	radical-full|component-kangxi-diff	金			衣		별:N	
襖	U+8956	오	오	N	2015	145	N	13	17	19	radical-full|component-kangxi-diff	水		outer garments; coat, jacket	衣		오:1N	도포 오
襘	U+8958	괴	괴	N	2015	145	N	13	18	19	radical-full	水			衣		괴:1N	띠매듭 괴
襜	U+895C	첨	첨	N	2015	145	N	13	18	19	radical-full	水		flutter; shaking or vibrating	衣		첨:1N	행주치마 첨
襞	U+895E	벽	벽	N	2015	145	N	13	19	19	unicode-total	水		fold, pleat, crease	衣		벽:1N	주름 벽
襟	U+895F	금	금	N	2015	145	N	13	18	19	radical-full	水		lapel, collar	衣		금:0N	옷깃 금, 옷섶 금
襠	U+8960	당	당	N	2015	145	N	13	18	19	radical-full	水		crotch or seat of pants; pants	衣		당:1N	잠방이 당
襤	U+8964	람	남,람	N	2015	145	N	14	19	20	radical-full	水		ragged, tattered, threadbare	衣	남	남:0 람:0N	누더기 람 / 누더기 남
襪	U+896A	말	말	N	2015	145	N	15	19	21	radical-full|component-kangxi-diff	木		socks, stockings	衣		말:0N	버선 말
襭	U+896D	힐	힐	N	2015	145	N	15	20	21	radical-full	木		tuck up hem of garment and wrap	衣		힐:1N	옷자락 꽂을 힐
襯	U+896F	친	친	N	2015	145	N	16	21	22	radical-full	木		underwear; inner garments	衣		친:1N	속옷 친, 접근할 친, 베풀 친
襲	U+8972	습	습	Y		145	N	16	22	22	unicode-total	木		raid, attack; inherit	衣		습:0E	옷 덧입을 습, 벼슬 대물릴 습, 반복할 습, 합할 습, 염습할 습, 엄습할 습
襴	U+8974	란	란	N	2015	145	N	17	22	23	radical-full	火		a one-piece garment	衣	난	란:1N	난삼 란
西	U+897F	서	서	Y		146	N	0	6	6	unicode-total	土		west(ern); westward; occident; Kangxi radical 146	襾		서:0E	서녘 서
要	U+8981	요	요	Y		146	N	3	9	9	unicode-total	水		necessary, essential; necessity	襾		요:0E	구할 요, 살필 요, 언약할 요, 허리 요, 기다릴 요, 부를 요, 반드시 요
覃	U+8983	담	담	N	2015	146	N	6	12	12	unicode-total	木		reach to, spread to; extensive	襾		담:0N	미칠 담, 고요할 담
覆	U+8986	복	복	Y		146	N	12	18	18	unicode-total	金		cover; tip over; return; reply	襾		복:0E	뒤집힐 복, 도리어 복
覇	U+8987	패	패	N	2015	146	N	13	19	19	unicode-total	水		rule by might rather than right	襾		패:0N	霸의 俗字, 두목 패
覈	U+8988	핵	핵	N	2015	146	N	13	19	19	unicode-total	水		investigate, consider, examine	襾		핵:1N	핵실할 핵, 겨무거리 핵, 씨 핵, 액색할 핵
見	U+898B	견,현	견,현	Y	2015	147	N	0	7	7	unicode-total	金		see, observe, behold; perceive; Kangxi radical 147	見		견:0E 현:0N	볼 견, 만날 견, 당할 견 / 나타날 현, 드러날 현, 있을 현, 보일 현, 볼 현
規	U+898F	규	규	Y		147	N	4	11	11	unicode-total	木		rules, regulations, customs, law	見		규:0E	그림쇠 규, 법 규
覓	U+8993	멱	멱	N	2015	147	N	4	11	11	unicode-total	木		seek; search	見		멱:0N	찾을 멱, 구할 멱
視	U+8996	시	시	Y		147	N	5	11	12	kangxi-sum|rs-by-kangxi-pos:147.5	木		look at, inspect, observe, see	見		시:0E	볼 시, 견줄 시, 본받을 시, 대접 시
覗	U+8997	사	사	N	2015	147	N	5	12	12	unicode-total	木		peek	見		사:1N	엿볼 사
覘	U+8998	점	점	N	2015	147	N	5	12	12	unicode-total	木		peek; spy on, watch; investigate	見		점:1N	
覠	U+89A0	균	균	N	2015	147	N	7	14	14	unicode-total	火			見		균:N	
覡	U+89A1	격	격	N	2015	147	N	7	14	14	unicode-total	火		wizard	見		격:0N	박수 격, 남자무당 격
覨	U+89A8	악	악	N	2015	147	N	9	16	16	unicode-total	土			見		악:1N	오래 볼 악
覩	U+89A9	도	도	N	2015	147	N	9	16	16	unicode-total	土		see, gaze at, witness	見		도:0N	睹와 同字, 볼 도
親	U+89AA	친	친	Y		147	N	9	16	16	unicode-total	土		relatives, parents; intimate	見		친:0E	사랑할 친, 친할 친, 몸소 친, 일가 친, 사돈 친
覬	U+89AC	기	기	N	2015	147	N	10	17	17	unicode-total	金		covet, long for, desire	見		기:1N	바랄 기
覯	U+89AF	구	구	N	2015	147	N	10	17	17	unicode-total	金		meet or see unexpectedly	見		구:1N	
覲	U+89B2	근	근	N	2015	147	N	11	18	18	unicode-total	金		have imperial audience	見		근:0N	뵈울
覶	U+89B6	라	라	N	2015	147	N	12	19	19	unicode-total	水		to look about; order, sequence; complicated thought which is not easy to express	見	나	라:N	
覷	U+89B7	처	처	N	2015	147	N	12	18	19	kangxi-sum	水		peep at; watch, spy on	見		처:1N	엿볼 처
覺	U+89BA	각	각	Y		147	N	13	20	20	unicode-total	水		to wake up from sleep; conscious	見		각:0E	깨달을 각
覽	U+89BD	람	람	Y		147	N	14	21	21	unicode-total	木		look at, inspect; perceive	見	남	람:0E	볼 람
覿	U+89BF	적	적	N	2015	147	N	15	22	22	unicode-total	木		see; interview; be admitted to audience	見		적:1N	볼 적
觀	U+89C0	관	관	Y		147	N	18	25	25	unicode-total	土		see, observe, view; appearance; hexagram ䷓	見		관:0E	볼 관
角	U+89D2	각	각	Y		148	N	0	7	7	unicode-total	金		horn; angle, corner; point; Kangxi radical 148; 1st lunar mansion, determinative star Spica	角		각:0E	뿔 각
觔	U+89D4	근	근	N	2015	148	N	2	9	9	unicode-total	水		catty	角		근:1N	筋과 同字
觖	U+89D6	결	결	N	2015	148	N	4	11	11	unicode-total	木		to long for; dissatisfied; to criticize	角		결:1N	서운할 결, 들쳐낼 결, 바랄 결
觗	U+89D7	지	지	N	2015	148	N	4	11	11	unicode-total	木			角		지:N	
觚	U+89DA	고	고	N	2015	148	N	5	12	12	unicode-total	木		jug, winecup, goblet; square	角		고:1N	술잔 고
觜	U+89DC	자	자	N	2015	148	N	6	13	13	unicode-total|kangxi-pos:148.5	火		turtle beak; 20th lunar mansion, determinative star λ Orionis (Meissa)	角		자:1N	털뿔 자 / 부리 취
觝	U+89DD	저	저	N	2015	148	N	5	12	12	unicode-total	木		gore, butt; resist; push	角		저:1N	찌를 저, 받을 저, 씨름 저
解	U+89E3	해	해	Y		148	N	6	13	13	unicode-total	火		loosen, unfasten, untie; explain; hexagram ䷧	角		해:0E	쪼갤 해, 꺠우칠 해, 풀 해, 괘 이름 해, 벗을 해
觥	U+89E5	굉	굉	N	2015	148	N	6	13	13	unicode-total	火		a cup made of horn; obstinate	角		굉:1N	뿔잔 굉
觰	U+89F0	다	다	N	2015	148	N	9	15	16	kangxi-sum	土			角		다:N	
觱	U+89F1	필	필	N	2015	148	N	9	16	16	unicode-total	土		tartar horn; chilly wind	角		필:1N	바람이 쌀쌀할 필, 대평수 필
觳	U+89F3	곡	곡	N	2015	148	N	10	17	17	unicode-total	金		an ancient measure; a goblet; mean; frightened	角		곡:1N	뿔잔 곡
觴	U+89F4	상	상	N	2015	148	N	11	18	18	unicode-total	金		wine vessel; propose toast; feast	角		상:0N	잔 상
觸	U+89F8	촉	촉	Y		148	N	13	20	20	unicode-total	水		touch; butt, ram, gore	角		촉:0E	받을 촉, 느낄 촉, 지날 촉, 범할 촉, 찌를 촉
言	U+8A00	언	언	Y		149	N	0	7	7	unicode-total	金		words, speech; speak, say; Kangxi radical 149	言		언:0E	말씀 언, 자기 언, 우뚝할 언
訂	U+8A02	정	정	Y		149	N	2	9	9	unicode-total	水		draw up agreement; arrange	言		정:0E	바로잡을 정, 의논할 정
訃	U+8A03	부	부	N	2015	149	N	2	9	9	unicode-total	水		obituary; give notice of death	言		부:0N	부고 부, 통부 부
訇	U+8A07	굉	굉	N	2015	149	N	2	9	9	unicode-total	水		the sound of a crash	言		굉:1N	큰 소리 굉
計	U+8A08	계	계	Y		149	N	2	9	9	unicode-total	水		plan, plot; stratagem; scheme	言		계:0E	꾀 계, 셀 계
訉	U+8A09	범	범	N	2015	149	N	3	10	10	unicode-total	水			言		범:1N	말 많을 범
訊	U+8A0A	신	신	N	2015	149	N	3	10	10	unicode-total	水		inquire; ask; examine; reproach	言		신:0N	물을 신, 다스릴 신, 죄 조사할 신, 알릴 신, 꾸짖을 신
訌	U+8A0C	홍	홍	N	2015	149	N	3	10	10	unicode-total	水		confusion; internal strife	言		홍:0N	무너질 홍, 무너뜨릴 홍
討	U+8A0E	토	토	Y		149	N	3	10	10	unicode-total	水		to discuss; ask for, beg; demand; dun; marry	言		토:0E	다스릴 토, 칠 토, 찾을 토, 벨 토, 꾸짖을 토
訏	U+8A0F	우	우	N	2018	149	N	3	10	10	unicode-total	水		boast, exaggerate; great, broad	言		우:N	
訐	U+8A10	알	알	N	2015	149	N	3	10	10	unicode-total	水		expose other's secrets, pry	言		알:1N	들추어 낼 알
訑	U+8A11	이	이	N	2015	149	N	3	10	10	unicode-total	水		deceive, cheat; arrogant	言		이:1N	자랑할 이
訓	U+8A13	훈	훈	Y		149	N	3	10	10	unicode-total	水		teach, instruct; exegesis	言		훈:0E	가르칠 훈
訔	U+8A14	은	은	N	2015	149	N	3	10	10	unicode-total	水			言		은:1N	시비할 은
訕	U+8A15	산	산	N	2015	149	N	3	10	10	unicode-total	水		abuse, slander; vilify; ridicule	言		산:1N	헐뜯을 산
訖	U+8A16	흘	흘	N	2015	149	N	3	10	10	unicode-total	水		finish; conclude, stop; exhaust	言		흘:0N	이를 흘
託	U+8A17	탁	탁	N	2015	149	N	3	10	10	unicode-total	水		entrust, rely on; commission	言		탁:0N	맡길 탁, 부탁할 탁, 핑계할 탁
記	U+8A18	기	기	Y		149	N	3	10	10	unicode-total	水		record; keep in mind, remember	言		기:0E	기록할 기
訛	U+8A1B	와	와	N	2015	149	N	4	11	11	unicode-total	木		swindle, cheat; erroneous, wrong	言		와:0N	거짓말 와, 어긋날 와
訝	U+8A1D	아	아	N	2015	149	N	4	11	11	unicode-total	木		express surprise, be surprised	言		아:0N	맞아들일 아, 의심할 아
訟	U+8A1F	송	송	Y		149	N	4	11	11	unicode-total	木		accuse; argue, dispute; litigate; hexagram ䷅	言		송:0E	송사할 송, 시비할 송, 꾸짖을 송, 괘 이름 송
訢	U+8A22	은	은,흔	N	2015	149	N	4	11	11	unicode-total	木		pleased, delighted; happy	言		은:N 흔:1	기뻐할 흔
訣	U+8A23	결	결	N	2015	149	N	4	11	11	unicode-total	木		take leave of, bid farewell	言		결:0N	이별할 결, 열결할 결, 사례할 결, 비결 결
訥	U+8A25	눌	눌	N	2015	149	N	4	11	11	unicode-total	木		slow of speech; mumble; stammer	言		눌:0N	말 더듬거릴 눌, 말을 더듬는 눌
訧	U+8A27	우	우	N	2018	149	N	4	11	11	unicode-total	木		fault	言		우:N	
訪	U+8A2A	방	방	Y		149	N	4	11	11	unicode-total	木		visit; ask, inquire	言		방:0E	찾을 방, 찾아볼 방
設	U+8A2D	설	설	Y		149	N	4	11	11	unicode-total	木		build; establish; display; particle of hypothesis, supposing	言		설:0E	베풀 설
許	U+8A31	허	허	Y		149	N	4	11	11	unicode-total	木		allow, permit; promise; betroth	言		허:0E	허락할 허, 나아갈 허, 기약할 허, 여럿이 힘쓰는 소리 허
訴	U+8A34	소	소	Y		149	N	5	12	12	unicode-total	木		accuse; sue; inform; narrate	言		소:0E	하소연할 소, 송사할 소
訶	U+8A36	가	가	N	2015	149	N	5	12	12	unicode-total	木		scold loudly, curse, abuse	言		가:0N	꾸짖을 가
診	U+8A3A	진	진	N	2015	149	N	5	12	12	unicode-total	木		examine patient, diagnose	言		진:0N	볼 진, 진맥할 진
註	U+8A3B	주	주	N	2015	149	N	5	12	12	unicode-total	木		explain; annotate; make entry	言		주:0N	주낼 주
証	U+8A3C	정	정	N	2015	149	N	5	12	12	unicode-total	木		prove, confirm, verify; proof	言		정:1N	간할 정
訾	U+8A3E	자	자	N	2015	149	N	5	13	13	total-gt-rs-check	火		bad-mouth; criticize; defects	言		자:1N	헐뜯을 자
詁	U+8A41	고	고	N	2015	149	N	5	12	12	unicode-total	木		exegesis, explanation; explain	言		고:1N	주석 고
詆	U+8A46	저	저	N	2015	149	N	5	12	12	unicode-total	木		slander, condemn, reproach	言		저:1N	꾸짖을 저, 알소할 저, 비방할 저
詋	U+8A4B	주	주	N	2015	149	N	5	12	12	unicode-total	木		to curse; to swear an oath incantations	言		주:1N	呪와 同字
詐	U+8A50	사	사	Y		149	N	5	12	12	unicode-total	木		cheat, defraud, swindle; trick; to feign	言		사:0E	속일 사
詑	U+8A51	타	이,타	N	2015	149	N	5	12	12	unicode-total	木		cheat	言		이:1 타:N	자랑할 이
詔	U+8A54	조	조	N	2015	149	N	5	12	12	unicode-total	木		decree, proclaim; imperial decree	言		조:0N	고할 조, 조서 조
評	U+8A55	평	평	Y		149	N	5	12	12	unicode-total	木		appraise, criticize, evaluate	言		평:0E	평론할 평, 헤아릴 평, 고칠 평, 기롱할 평
詖	U+8A56	피	피	N	2015	149	N	5	12	12	unicode-total	木		argue; biased; one-sided	言		피:1N	말 잘할 피, 간사할 피, 알소할 피
詗	U+8A57	형	형	N	2015	149	N	5	12	12	unicode-total	木		to spy; to give information; shrewd	言		형:1N	염탐할 형, 구할 형
詘	U+8A58	굴	굴	N	2015	149	N	5	12	12	unicode-total	木		bend, stoop, crouch; to yield	言		굴:1N	굽을 굴
詛	U+8A5B	저	저	N	2015	149	N	5	12	12	unicode-total	木		curse; swear, pledge	言		저:0N	저주할
詞	U+8A5E	사	사	Y		149	N	5	12	12	unicode-total	木		words; phrase, expression	言		사:0E	말씀 사
詠	U+8A60	영	영	Y		149	N	5	12	12	unicode-total	木		sing, hum, chant	言		영:0E	읊을 영
詡	U+8A61	후	후	N	2015	149	N	6	13	13	unicode-total	火		boast, brag; popular, well known; to flatter	言		후:1N	자랑할 후
詢	U+8A62	순	순	N	2015	149	N	6	13	13	unicode-total	火		inquire into, ask about; consult	言		순:0N	꾀할 순, 물을 순, 믿을 순
詣	U+8A63	예	예	N	2015	149	N	6	13	13	unicode-total	火		reach; achievement, accomplishment	言		예:0N	이를 예, 나아갈 예, 학문 통달할 예
試	U+8A66	시	시	Y		149	N	6	13	13	unicode-total	火		test, try, experiment	言		시:0E	시험할 시, 더듬을 시, 비교할 시
詩	U+8A69	시	시	Y		149	N	6	13	13	unicode-total	火		poetry; poem, verse, ode	言		시:0E	귀글 시, 풍류가락 시, 받들 시, 글귀 시
詫	U+8A6B	타	타	N	2015	149	N	6	13	13	unicode-total	火		to brag; exaggerated; to wonder at	言		타:1N	자랑할 타, 풍칠 타, 신통할 타
詬	U+8A6C	구	구	N	2015	149	N	6	13	13	unicode-total	火		abuse, scold, berate, insult	言		구:1N	꾸짖을 구
詭	U+8A6D	궤	궤	N	2015	149	N	6	13	13	unicode-total	火		deceive, cheat, defraud; sly	言		궤:0N	속일 궤, 간사할 궤
詮	U+8A6E	전	전	N	2015	149	N	6	13	13	unicode-total	火		explain, expound, comment on	言		전:0N	평론할 전, 갖출 전
詰	U+8A70	힐	힐	N	2015	149	N	6	13	13	unicode-total	火		question, interrogate	言		힐:0N	물을 힐, 힐문할 힐
話	U+8A71	화	화	Y		149	N	6	13	13	unicode-total	火		speech, talk, language; dialect	言		화:0E	말할 화, 이야기 화
該	U+8A72	해	해	Y		149	N	6	13	13	unicode-total	火		should, ought to, need to	言		해:0E	갖출 해, 모두 해, 겸할 해, 마땅할 해, 그 해
詳	U+8A73	상	상	Y		149	N	6	13	13	unicode-total	火		detailed, complete, thorough	言		상:0E	자세할 상
詵	U+8A75	선	선	N	2015	149	N	6	13	13	unicode-total	火		inquire, question; numerous	言		선:0N	많을 선, 말전할 선
詹	U+8A79	첨	첨	N	2015	149	N	6	13	13	unicode-total	火		surname; talk too much, verbose	言		첨:0N	이를 첨
詼	U+8A7C	회	회	N	2015	149	N	6	13	13	unicode-total	火		tease, joke with; ridicule, mock	言		회:1N	조롱할 회
詿	U+8A7F	괘	괘	N	2015	149	N	6	13	13	unicode-total	火		error, mistake; deceive, mislead	言		괘:1N	그르칠 괘
誂	U+8A82	조	조	N	2015	149	N	6	13	13	unicode-total	火		tempt	言		조:1N	꾈 조
誄	U+8A84	뢰	뢰	N	2015	149	N	6	13	13	unicode-total	火		eulogize, praise the dead	言	뇌	뢰:1N	뇌사 뢰
誅	U+8A85	주	주	N	2015	149	N	6	13	13	unicode-total	火		execute, kill, put to death; punish	言		주:0N	벨 주
誆	U+8A86	광	광	N	2015	149	N	6	13	13	unicode-total	火		cheat, swindle, lie	言		광:1N	속일 광
誇	U+8A87	과	과	Y		149	N	6	13	13	unicode-total	火		exaggerate; brag, boast; flaunt	言		과:0E	자랑할 과
誌	U+8A8C	지	지	Y		149	N	7	14	14	unicode-total	火		write down; record; magazine	言		지:0E	기록할 지
認	U+8A8D	인	인	Y		149	N	7	14	14	unicode-total	火		recognize, know, understand	言		인:0E	알 인
誑	U+8A91	광	광	N	2015	149	N	7	14	14	unicode-total	火		deceive, lie, delude, cheat	言		광:1N	속일 광
誓	U+8A93	서	서	Y		149	N	7	14	14	unicode-total	火		swear, pledge; oath	言		서:0E	맹세할 서
誕	U+8A95	탄	탄	Y		149	N	7	13	14	kangxi-sum	火		to bear children, give birth; birth	言		탄:0E	기를 탄, 클 탄, 속일 탄, 넓을 탄, 탄생할 탄, 방탕할 탄
誘	U+8A98	유	유	Y		149	N	7	14	14	unicode-total	火		persuade, entice, induce; guide	言		유:0E	꾀일 유, 가르칠 유, 당길 유, 인도할 유
誚	U+8A9A	초	초	N	2015	149	N	7	14	14	unicode-total	火		criticize, scold, blame, ridicule	言		초:1N	꾸짖을 초
語	U+8A9E	어	어	Y		149	N	7	14	14	unicode-total	火		language, words; saying, expression	言		어:0E	말씀 어
誠	U+8AA0	성	성	Y	2015	149	N	7	13	14	kangxi-sum|kangxi-pos-residual:6>7	火		sincere, honest; true, real	言		성:0EN	미쁠 성, 공경할 성, 살필 성, 진실 성, 정성 성
誡	U+8AA1	계	계	N	2015	149	N	7	14	14	unicode-total	火		warn, admonish; warning	言		계:0N	경계할 계
誢	U+8AA2	현	현	N	2015	149	N	7	14	14	unicode-total	火			言		현:1N	
誣	U+8AA3	무	무	N	2015	149	N	7	14	14	unicode-total	火		make false accusation; defame	言		무:0N	무고할 무, 깔볼 무, 속일 무
誤	U+8AA4	오	오	Y		149	N	7	14	14	unicode-total	火		err, make mistake; interfere	言		오:0E	그릇할 오
誥	U+8AA5	고	고	N	2015	149	N	7	14	14	unicode-total	火		inform, notify, admonish, order	言		고:0N	고할 고, 가르칠 고
誦	U+8AA6	송	송	Y		149	N	7	14	14	unicode-total	火		recite, chant, repeat	言		송:0E	풍유할 송, 읽을 송, 말할 송, 원망할 송, 욀 송
誧	U+8AA7	포	포	N	2015	149	N	7	14	14	unicode-total	火		huge; to admonish	言		포:1N	꾀할 포, 클 포, 도울 포, 간할 포
誨	U+8AA8	회	회	N	2015	149	N	7	14	14	unicode-total	火		teach, instruct; encourage, urge	言		회:0N	가르칠 회
說	U+8AAA	설,세,열	설,세,열	Y	2015	149	N	7	14	14	unicode-total	火		speak, say, talk; scold, upbraid	言		설:0E 세:0N 열:0N	말씀 설 / 달랠 세, 쉴 세, 말씀 세 / 기꺼울 열, 말씀 열
誫	U+8AAB	진	진	N	2018	149	N	7	14	14	unicode-total	火			言		진:N	
誰	U+8AB0	수	수	Y		149	N	8	15	15	unicode-total	土		who? whom? whose? anyone?	言		수:0E	누구 수, 무엇 수
課	U+8AB2	과	과	Y		149	N	8	15	15	unicode-total	土		lesson; course; classwork	言		과:0E	매길 과, 시험할 과
誹	U+8AB9	비	비	N	2015	149	N	8	15	15	unicode-total	土		slander, vilify, condemn	言		비:0N	헐뜯을 비, 그르다할 비
誼	U+8ABC	의	의	N	2015	149	N	8	15	15	unicode-total	土		friendship; appropriate, suitable	言		의:0N	옳을 의, 다스릴 의
誾	U+8ABE	은	은	N	2015	149	N	8	15	15	unicode-total	土		speak gently; respectful	言		은:0N	화평할 은
調	U+8ABF	조,주	조,주	Y	2015	149	N	8	15	15	unicode-total	土		transfer, move, change; tune	言		조:0E 주:N	고를 조
諂	U+8AC2	첨	첨	N	2015	149	N	8	15	15	unicode-total	土		flatter; truckle; toady	言		첨:0N	아첨할 첨
諄	U+8AC4	순	순	N	2015	149	N	8	15	15	unicode-total	土		patient, earnest; earnestly	言		순:0N	거듭 일러줄 순, 지극할 순, 정성스러울 순
談	U+8AC7	담	담	Y		149	N	8	15	15	unicode-total	土		talk; conversation; surname	言		담:0E	말씀 담
諉	U+8AC9	위	위	N	2015	149	N	8	15	15	unicode-total	土		pass buck, lay blame on others	言		위:1N	핑계할 위, 버릴 위
請	U+8ACB	청	청	Y	2015	149	N	8	15	15	unicode-total	土		ask, request; invite; please	言		청:0EN	청할 청
諍	U+8ACD	쟁	쟁	N	2015	149	N	8	13	15	kangxi-sum	土		to expostulate; to remonstrate	言		쟁:0N	간할 쟁
諏	U+8ACF	추	추	N	2015	149	N	8	15	15	unicode-total	土		consult, confer; select, choose	言		추:0N	꾀할 추, 물을 추
諒	U+8AD2	량	량,양	Y		149	N	8	15	15	unicode-total	土		excuse, forgive; guess, presume	言	양	량:0E 양:0	믿을 량 / 헤아릴 량, 믿을 양
論	U+8AD6	론	논,론	Y		149	N	8	15	15	unicode-total	土		debate; discuss; discourse	言	논	논:0 론:0E	말할 론 / 말할 논
諛	U+8ADB	유	유	N	2015	149	N	9	15	16	kangxi-sum	土		flatter; truckle	言		유:0N	아첨할 유
諜	U+8ADC	첩	첩	N	2015	149	N	9	16	16	unicode-total	土		an intelligence report; to spy; spying	言		첩:0N	염탐할 첩, 이간할 첩
諝	U+8ADD	서	서	N	2015	149	N	9	16	16	unicode-total	土		knowledge; discrimination; treachery	言		서:N	
諞	U+8ADE	편	편	N	2015	149	N	9	16	16	unicode-total	土		brag, boast; quibble	言		편:1N	공교한 말 편
諟	U+8ADF	시,체	시,체	N	2015	149	N	9	16	16	unicode-total	土		to examine; to consider; honest	言		시:1N 체:N	이 시, 살필 시, 다스릴 시
諠	U+8AE0	훤	훤	N	2015	149	N	9	16	16	unicode-total	土		noisy, uproarious; forget	言		훤:1N	잊을 훤
諡	U+8AE1	시	시	N	2015	149	N	9	16	16	unicode-total	土		posthumous name, posthumous title	言		시:0N	행장 시, 시호 시
諤	U+8AE4	악	악	N	2015	149	N	9	16	16	unicode-total	土		honest speech, straightforward	言		악:1N	직언할 악
諦	U+8AE6	체	체	N	2015	149	N	9	16	16	unicode-total	土		careful, attentive	言		체:0N	살필 체
諧	U+8AE7	해	해	N	2015	149	N	9	16	16	unicode-total	土		harmonize, agree; joke, jest	言		해:0N	조화할 해, 글 해, 기롱지거리할 해, 고를 해
諪	U+8AEA	정	정	N	2015	149	N	9	16	16	unicode-total	土			言		정:0N	고를
諫	U+8AEB	간	간	N	2015	149	N	9	16	16	unicode-total	土		remonstrate, admonish	言		간:0N	간할 간
諭	U+8AED	유	유	N	2015	149	N	9	16	16	unicode-total	土		proclaim, instruct; edict	言		유:0N	고할 유, 비유할 유
諮	U+8AEE	자	자	N	2015	149	N	9	16	16	unicode-total	土		consult, confer; communicate in	言		자:0N	물을 자, 꾀 자
諰	U+8AF0	시	시	N	2015	149	N	9	16	16	unicode-total	土		apprehensive	言		시:1N	눈 휘둥글할 시, 곧은말 시
諱	U+8AF1	휘	휘	N	2015	149	N	9	16	16	unicode-total	土		conceal; shun; regard as taboo	言		휘:0N	꺼릴 휘, 피할 휘
諲	U+8AF2	인	인	N	2015	149	N	9	16	16	unicode-total	土			言		인:N	
諳	U+8AF3	암	암	N	2015	149	N	9	16	16	unicode-total	土		versed in, fully acquainted with	言		암:1N	욀 암
諴	U+8AF4	함	함	N	2015	149	N	9	16	16	unicode-total	土		in harmony; in agreement; sincere	言		함:1N	화할 함
諶	U+8AF6	심	심	N	2015	149	N	9	16	16	unicode-total	土		sincere, faithful; surname	言		심:0N	참 심, 믿을 심
諷	U+8AF7	풍	풍	N	2015	149	N	9	16	16	unicode-total	土		recite, incant; satirize	言		풍:0N	비유로 간할 풍, 외울 풍, 욀 풍
諸	U+8AF8	제	제	Y		149	N	9	16	16	unicode-total	土		several, various	言		제:0E	모든 제, 모두 제
諺	U+8AFA	언	언	N	2015	149	N	9	16	16	unicode-total	土		proverb, maxim	言		언:0N	상말 언
諼	U+8AFC	훤	훤	N	2015	149	N	9	16	16	unicode-total	土		forget; lie, cheat, deceive	言		훤:1N	속일 훤
諾	U+8AFE	낙	낙,락	Y		149	N	9	15	16	kangxi-sum	土		promise; assent, approve	言		낙:0E 락:0	대답할 낙, 허락할 낙 / 대답할 락, 허락할 락
謀	U+8B00	모	모	Y		149	N	9	16	16	unicode-total	土		plan, scheme; stratagem	言		모:0E	꾀할 모
謁	U+8B01	알	알	Y		149	N	9	16	16	unicode-total	土		visit, pay respects to	言		알:0E	아뢸 알, 뵈올 알
謂	U+8B02	위	위	Y		149	N	9	16	16	unicode-total	土		say, tell; call, name; be called	言		위:0E	고할 위, 이를 위
謄	U+8B04	등	등	N	2015	149	N	10	17	17	unicode-total	金		copy, transcribe	言		등:0N	베낄 등
謇	U+8B07	건	건	N	2015	149	N	10	17	17	unicode-total	金		stutter; speak out boldly	言		건:1N	말 더듬거릴 건, 바른말할 건
謌	U+8B0C	가	가	N	2015	149	N	10	17	17	unicode-total	金		song; sing, chant; praise	言		가:1N	歌와 同字
謎	U+8B0E	미	미	N	2015	149	N	10	16	17	kangxi-sum	金		riddle, conundrum; puzzle	言		미:0N	수수께끼 미
謐	U+8B10	밀	밀	N	2015	149	N	10	17	17	unicode-total	金		calm, quiet, still; cautious	言		밀:0N	고요할 밀
謑	U+8B11	혜	혜	N	2015	149	N	10	17	17	unicode-total	金		shame, disgrace	言		혜:1N	창피줄 혜
謔	U+8B14	학	학	N	2015	149	N	10	16	17	kangxi-sum	金		jeer	言		학:0N	희롱할 학
謖	U+8B16	속	속	N	2015	149	N	10	17	17	unicode-total	金		rise up; raise up	言		속:0N	일어날
謗	U+8B17	방	방	N	2015	149	N	10	17	17	unicode-total	金		slander, libel	言		방:0N	헐뜯을 방, 나무랄 방
謙	U+8B19	겸	겸	Y		149	N	10	17	17	unicode-total	金		humble, modest; hexagram ䷎	言		겸:0E	사양할 겸, 겸손할 겸, 괘 이름 겸
謚	U+8B1A	익	익	N	2015	149	N	10	17	17	unicode-total	金		to confer posthumous titles	言		익:0N	웃을 익, 웃는모양 익
講	U+8B1B	강	강	Y		149	N	10	17	17	unicode-total	金		explain; discuss; talk	言		강:0E	강론할 강, 강구할 강, 익힐 강, 강화할 강
謜	U+8B1C	원	원	N	2015	149	N	10	17	17	unicode-total	金			言		원:1N	천천히 말할 원, 기꺼울 원
謝	U+8B1D	사	사	Y		149	N	10	17	17	unicode-total	金		thank; decline	言		사:0E	사례할 사
謠	U+8B20	요	요	Y		149	N	10	17	17	unicode-total	金		sing; folksong, ballad; rumor	言		요:0E	노래 요, 소문 요
謣	U+8B23	우	우	N	2015	149	N	11	18	18	unicode-total	金			言		우:1N	망령되게 말할 우
謦	U+8B26	경	경	N	2015	149	N	11	18	18	unicode-total	金		to speak softly	言		경:1N	기침 경
謨	U+8B28	모	모	N	2015	149	N	11	18	18	unicode-total	金		scheme, plan; plan; be without	言		모:0N	꾀 모
謫	U+8B2B	적	적	N	2015	149	N	11	18	18	unicode-total	金		charge, blame; disgrace; demote; punish	言		적:0N	귀양갈 적, 꾸짖을 적
謬	U+8B2C	류	류	N	2015	149	N	11	18	18	unicode-total	金		error, exaggeration; erroneous	言	유	류:0N	그릇될 류
謱	U+8B31	루	루	N	2018	149	N	11	18	18	unicode-total	金		chatter	言	누	루:N	
謳	U+8B33	구	구	N	2015	149	N	11	18	18	unicode-total	金		to sing; songs	言		구:0N	읊조릴 구, 노래 구
謷	U+8B37	오	오	N	2015	149	N	11	17	18	kangxi-sum	金		slander; to revile; huge; big	言		오:1N	중얼거릴 오, 거만할 오
謹	U+8B39	근	근	Y		149	N	11	18	18	unicode-total	金		prudent, cautious; attentive	言		근:0E	삼갈 근
謼	U+8B3C	효	효	N	2015	149	N	11	18	18	unicode-total	金		to shout; to mourn to invoke	言		효:N	
謾	U+8B3E	만	만	N	2015	149	N	11	18	18	unicode-total	金		deceive, insult	言		만:1N	속일 만
譁	U+8B41	화	화	N	2015	149	N	12	17	19	kangxi-sum	水		noise, uproar; clamor, hubbub	言		화:0N	시끄러울 화, 떠들썩할 화
譃	U+8B43	후	후	N	2015	149	N	12	18	19	kangxi-sum	水			言		후:1N	망녕된 말 후
譆	U+8B46	희	희	N	2015	149	N	12	19	19	unicode-total	水		scream	言		희:N	
證	U+8B49	증	증	Y		149	N	12	19	19	unicode-total	水		proof, evidence; testify, verify	言		증:0E	증거 증, 보증할 증
譌	U+8B4C	와	와	N	2015	149	N	12	19	19	unicode-total	水		false, erroneous	言		와:1N	거짓 와, 와전될 와, 요사스런 말 와
譎	U+8B4E	휼	휼	N	2015	149	N	12	19	19	unicode-total	水		cunning, crafty, sly, wily	言		휼:0N	속일 휼, 간사할 휼
譏	U+8B4F	기	기	N	2015	149	N	12	19	19	unicode-total	水		ridicule, jeer, mock; inspect	言		기:0N	나무랄 기
譓	U+8B53	혜	혜	N	2015	149	N	12	19	19	unicode-total	水			言		혜:N	
譔	U+8B54	선	선	N	2015	149	N	12	19	19	unicode-total	水		to eulogize; to compose, write	言		선:1N	가르칠 선
譖	U+8B56	참	참	N	2015	149	N	12	19	19	unicode-total	水		to slander	言		참:1N	참소할 참
識	U+8B58	식,지	식,지	Y	2015	149	N	12	19	19	unicode-total	水		recognize, understand, know	言		식:0E 지:0N	알 식 / 표할 지, 알 지
譙	U+8B59	초	초	N	2015	149	N	12	19	19	unicode-total	水		tower; surname	言		초:1N	꾸짖을 초
譚	U+8B5A	담	담	N	2015	149	N	12	19	19	unicode-total	水		surname; to talk	言		담:0N	클 담, 말씀할 담
譜	U+8B5C	보	보	Y		149	N	12	19	19	unicode-total	水		register, list, table; musical score	言		보:0E	계보 보, 족보 보
譞	U+8B5E	현	현	N	2015	149	N	13	20	20	unicode-total	水			言		현:N	
譟	U+8B5F	조	조	N	2015	149	N	13	20	20	unicode-total	水		clamor, noise, din; slander	言		조:1N	시끄러울 조
警	U+8B66	경	경	Y		149	N	13	19	20	kangxi-sum	水		guard, watch; alert, alarm	言		경:0E	경계할 경
譫	U+8B6B	섬	섬	N	2015	149	N	13	20	20	unicode-total	水		talkative; incoherent talk	言		섬:1N	헛소리 섬
譬	U+8B6C	비	비	N	2015	149	N	13	20	20	unicode-total	水		metaphor, simile, example	言		비:0N	비유할 비
譯	U+8B6F	역	역	Y		149	N	13	20	20	unicode-total	水		translate; decode; encode	言		역:0E	통변할 역, 번역할 역
議	U+8B70	의	의	Y		149	N	13	20	20	unicode-total	水		consult, talk over, discuss	言		의:0E	말할 의, 의논할 의, 꾀할 의
譱	U+8B71	선	선	N	2015	149	N	13	20	20	unicode-total	水			言		선:1N	善의 古字
譴	U+8B74	견	견	N	2015	149	N	14	20	21	kangxi-sum	木		reprimand, scold, abuse	言		견:0N	꾸짖을 견, 성낼 견, 귀양갈 견
護	U+8B77	호	호	Y		149	N	14	21	21	unicode-total	木		protect, guard, defend, shelter	言		호:0E	보호할 호, 감쌀 호, 호위할 호
譽	U+8B7D	예	예	Y		149	N	14	20	21	kangxi-sum	木		fame, reputation; praise	言		예:0E	칭찬할 예, 이름날 예, 즐길 예, 기릴 예
譿	U+8B7F	혜	혜	N	2015	149	N	15	22	22	unicode-total	木			言		혜:1N	슬기로울 혜
讀	U+8B80	독,두	독,두	Y	2015	149	N	15	22	22	unicode-total	木		read, study; pronounce	言		독:0E 두:0N	읽을 독 / 구절 두, 읽을 두
讂	U+8B82	현	현	N	2018	149	N	15	21	22	kangxi-sum	木			言		현:N	
讃	U+8B83	찬	찬	N	2015	149	N	15	22	22	unicode-total	木		praise, commend, eulogize	言		찬:N	
讉	U+8B89	유	유	N	2015	149	N	16	22	23	kangxi-sum	火			言		유:1N	성낼 유
變	U+8B8A	변	변	Y		149	N	16	23	23	unicode-total	火		change, transform, alter; rebel	言		변:0E	변할 변
讌	U+8B8C	연	연	N	2015	149	N	16	23	23	unicode-total	火		a feast, banquet; to entertain, feast	言		연:1N	잔치 연, 모여 말할 연
讎	U+8B8E	수	수	N	2015	149	N	16	23	23	unicode-total	火		enemy, rival, opponent	言		수:1N	짝 수, 원수 수, 대거리할 수, 비교할 수, 갚을 수
讐	U+8B90	수	수	N	2015	149	N	16	23	23	unicode-total	火		enemy, rival, opponent	言		수:0N	讎와 同字, 원수 수
讒	U+8B92	참	참	N	2015	149	N	17	24	24	unicode-total	火		slander, defame, misrepresent	言		참:0N	참소할 참, 간악할 참
讓	U+8B93	양	양	Y		149	N	17	24	24	unicode-total	火		allow, permit, yield, concede	言		양:0E	사양할 양
讖	U+8B96	참	참	N	2015	149	N	17	24	24	unicode-total	火		prophecy, hint, omen	言		참:0N	참서 참, 비결 참
讚	U+8B9A	찬	찬	Y		149	N	19	26	26	unicode-total	土		praise, commend, eulogize	言		찬:0E	기릴 찬, 칭찬할 찬
讜	U+8B9C	당	당	N	2015	149	N	20	27	27	unicode-total	金		counsel, advice; speak out	言		당:1N	곧은 말 당
讞	U+8B9E	언	언	N	2015	149	N	20	27	27	unicode-total	金		to decide, judge; a verdict, decision	言		언:1N	죄 의논할 언
谷	U+8C37	곡	곡	Y		150	N	0	7	7	unicode-total	金		valley, gorge, ravine; Kangxi radical 150	谷		곡:0E	골짜기 곡
谿	U+8C3F	계	계	N	2015	150	N	10	17	17	unicode-total	金		valley, gorge; mountain stream	谷		계:0N	시내 계
豁	U+8C41	활	활	N	2015	150	N	10	17	17	unicode-total	金		open up, clear; exempt	谷		활:0N	뚫린 골 활, 골짜기 활
豆	U+8C46	두	두	Y		151	N	0	7	7	unicode-total	金		beans, peas; bean-shaped; Kangxi radical 151	豆		두:0E	콩 두
豇	U+8C47	강	강	N	2015	151	N	3	10	10	unicode-total	水		a small kidney bean	豆		강:1N	광저기 강
豈	U+8C48	개,기	개,기	Y	2015	151	N	3	10	10	unicode-total	水		how? what?	豆		개:0N 기:0E	승전악 개, 일찍 개 / 어찌 기, 일찍 기
豉	U+8C49	시	시	N	2015	151	N	4	11	11	unicode-total	木		fermented beans	豆		시:1N	메주 시, 콩자반 시
豊	U+8C4A	풍	풍	N	2015	151	N	6	13	13	unicode-total	火		abundant, lush, bountiful, plenty	豆		풍:0N	豐의 略字, 풍년 풍 / 禮의 古字
豌	U+8C4C	완	완	N	2015	151	N	8	15	15	unicode-total	土		peas	豆		완:0N	동부 완, 완두 완
豎	U+8C4E	수	수	N	2015	151	N	8	15	15	unicode-total	土		vertical; perpendicular; upright	豆		수:1N	세울 수, 내시 수, 더벅머리 수
豐	U+8C50	풍	풍	Y		151	N	11	18	18	unicode-total	金		abundant, lush, bountiful, plenty; hexagram ䷶	豆		풍:E	
豕	U+8C55	시	시	N	2015	152	N	0	7	7	unicode-total	金		a pig, boar; Kangxi radical 152	豕		시:0N	돼지 시, 돝 시
豖	U+8C56	축	축	N	2015	152	N	1	8	8	unicode-total	金		a shackled pig	豕		축:1N	발 얽은 돼지걸음 축
豚	U+8C5A	돈	돈	Y		152	N	4	11	11	unicode-total	木		small pig, suckling pig; shuffle one's feet	豕		돈:0E	돼지 돈
象	U+8C61	상	상	Y		152	N	5	12	12	unicode-total	木		elephant; ivory; figure, image	豕		상:0E	코끼리 상
豢	U+8C62	환	환	N	2015	152	N	6	13	13	unicode-total	火		domestic animals; feed, raise	豕		환:1N	기를 환
豨	U+8C68	희	희	N	2015	152	N	7	14	14	unicode-total	火		pig, hog	豕		희:1N	멧돼지 희
豪	U+8C6A	호	호	Y		152	N	7	14	14	unicode-total	火		brave, heroic, chivalrous	豕		호:0E	호걸 호, 귀인 호
豫	U+8C6B	서,예	서,예	Y	2018	152	N	9	15	16	kangxi-sum	土		relaxed, comfortable, at ease; hexagram ䷏	豕		서:N 예:0E	기쁠 예, 편안할 예, 미리 예
豳	U+8C73	반,빈	반,빈	N	2015	152	N	10	17	17	unicode-total	金		a Zhou-dynasty state	豕		반:N 빈:1N	나라 이름 빈
豸	U+8C78	치	치	N	2015	153	N	0	7	7	unicode-total	金		legless insect-like animal, worm; Kangxi radical 153	豸		치:1N	발 없는 벌레 치, 풀 치, 해치양 치, 발없는벌레의총칭 치
豹	U+8C79	표	표	N	2015	153	N	3	10	10	unicode-total	水		leopard, panther; surname	豸		표:0N	표범 표, 아롱범 표
豺	U+8C7A	시	시	N	2015	153	N	3	10	10	unicode-total	水		wolf; cruel, wicked, mean	豸		시:0N	승냥이 시, 늑대 시
貂	U+8C82	초	초	N	2015	153	N	5	12	12	unicode-total	木		marten, sable, mink	豸		초:0N	담비 초, 돈피 초
貃	U+8C83	맥	맥	N	2015	153	N	5	12	12	unicode-total	木			豸		맥:1N	오랑캐 맥
貊	U+8C8A	맥	맥	N	2015	153	N	6	13	13	unicode-total	火		leopard; ancient tribe in northeastern China	豸		맥:0N	북방 종족 맥, 큰곰 맥
貌	U+8C8C	모	모	Y		153	N	7	14	14	unicode-total	火		countenance, appearance	豸		모:0E	얼굴 모, 모양 모
貍	U+8C8D	리	리	N	2015	153	N	7	14	14	unicode-total	火		fox	豸	이	리:1N	삵 리
貓	U+8C93	묘	묘	N	2015	153	N	9	15	16	kangxi-sum	土		cat	豸		묘:1N	猫와 同字
貔	U+8C94	비	비	N	2015	153	N	10	17	17	unicode-total	金		a legendary bear-like animal	豸		비:1N	비휴 비
貘	U+8C98	맥	맥	N	2015	153	N	11	17	18	kangxi-sum	金		tapir	豸		맥:1N	짐승 이름 맥
貝	U+8C9D	배,패	배,패	Y	2015	154	N	0	7	7	unicode-total	金	金	sea shell; money, currency; Kangxi radical 154	貝		배:N 패:0E	조개 패, 재물 패, 비단 패
貞	U+8C9E	정	정	Y		154	N	2	9	9	unicode-total	水	金	virtuous, chaste, pure; loyal	貝		정:0E	곧을 정, 굳을 정
貟	U+8C9F	원	원	N	2015	154	N	2	9	9	unicode-total	水	金	member; personnel, staff member	貝		원:N	
負	U+8CA0	부	부	Y		154	N	2	9	9	unicode-total	水	金	load, burden; carry, bear	貝		부:0E	질 부, 짐질 부
財	U+8CA1	재	재	Y		154	N	3	10	10	unicode-total	水	金	wealth, valuables, riches	貝		재:0E	재물 재, 뇌물 재, 보배 재
貢	U+8CA2	공	공	Y		154	N	3	10	10	unicode-total	水	金	offer tribute; tribute, gifts	貝		공:0E	바칠 공
貤	U+8CA4	이	이	N	2018	154	N	3	10	10	unicode-total	水	金	steps, grade, strata; series	貝		이:N	
貧	U+8CA7	빈	빈	Y		154	N	4	11	11	unicode-total	木	金	poor, impoverished, needy	貝		빈:0E	가난할 빈
貨	U+8CA8	화	화	Y		154	N	4	11	11	unicode-total	木	金	goods, commodities, products	貝		화:0E	재화 화, 재물 화
販	U+8CA9	판	판	Y		154	N	4	11	11	unicode-total	木	金	peddler, hawker, street merchant	貝		판:0E	장사 판, 팔 판
貪	U+8CAA	탐	탐	Y		154	N	4	11	11	unicode-total	木	金	greedy, covet; covetous	貝		탐:0E	탐할 탐, 욕심낼 탐
貫	U+8CAB	관	관	Y		154	N	4	11	11	unicode-total	木	金	a string of 1000 coins; to go through	貝		관:0E	꿸 관
責	U+8CAC	채,책	채,책	Y	2015	154	N	4	11	11	unicode-total	木	金	one's responsibility, duty	貝		채:N 책:0E	꾸짖을 책
貯	U+8CAF	저	저	Y		154	N	5	12	12	unicode-total	木	金	store, stockpile, hoard	貝		저:0E	쌓을 저, 감출 저, 둘 저
貰	U+8CB0	세	세	N	2015	154	N	5	12	12	unicode-total	木	金	borrow; pardon; loan	貝		세:0N	빌릴 세, 세 바칠 세, 세낼 세
貲	U+8CB2	자	자	N	2015	154	N	5	13	13	total-gt-rs-check	火	金	property; wealth; to count	貝		자:1N	재물 자
貳	U+8CB3	이	이	N	2015	154	N	5	12	12	unicode-total	木	金	accounting numeral for two	貝		이:0N	二의 갖은자, 버금 이, 의심낼 이, 마음 변할 이, 이별할 이, 두 이
貴	U+8CB4	귀	귀	Y		154	N	5	12	12	unicode-total	木	金	expensive, costly, valuable	貝		귀:0E	높을 귀, 귀할 귀
貶	U+8CB6	폄	폄	N	2015	154	N	5	11	12	kangxi-sum	木	金	decrease, lower; censure, criticize	貝		폄:0N	떨어질 폄, 덜릴 폄, 꺾을 폄, 귀양보낼 폄, 감할 폄
買	U+8CB7	매	매	Y		154	N	5	12	12	unicode-total	木	金	buy, purchase; bribe, persuade	貝		매:0E	살 매
貸	U+8CB8	대	대	Y		154	N	5	12	12	unicode-total	木	金	lend; borrow; pardon	貝		대:0E	빌릴 대
貹	U+8CB9	성	성	N	2015	154	N	5	12	12	unicode-total	木	金		貝		성:N	
貺	U+8CBA	황	황	N	2015	154	N	5	12	12	unicode-total	木	金	give, grant, bestow; surname	貝		황:1N	줄 황
費	U+8CBB	비	비	Y		154	N	5	12	12	unicode-total	木	金	expenses, expenditures, fee	貝		비:0E	쓸 비, 허비할 비
貼	U+8CBC	첩	첩	N	2015	154	N	5	12	12	unicode-total	木	金	paste to, stick on; attached to	貝		첩:0N	붙을 첩, 붙일 첩
貽	U+8CBD	이	이	N	2015	154	N	5	12	12	unicode-total	木	金	give to, hand down, bequeath	貝		이:0N	끼칠 이, 줄 이
貿	U+8CBF	무	무	Y		154	N	5	12	12	unicode-total	木	金	trade, barter; mixed; rashly	貝		무:0E	바꿀 무, 물건 살 무, 무역할 무
賀	U+8CC0	하	하	Y		154	N	5	12	12	unicode-total	木	金	congratulate; send present	貝		하:0E	축하할 하, 하례할 하
賁	U+8CC1	분	분	N	2015	154	N	5	12	12	unicode-total	木	金	forge ahead; energetic; surname; hexagram ䷕	貝		분:0N	클 분
賂	U+8CC2	뢰	뇌,뢰	N	2015	154	N	6	13	13	unicode-total	火	金	bribe; give present	貝	뇌	뇌:0 뢰:0N	뇌물 줄 뢰 / 뇌물 뇌, 뇌물줄 뇌
賃	U+8CC3	임	임	Y		154	N	6	13	13	unicode-total	火	金	rent, hire; hired person	貝		임:0E	품팔이 임, 빌릴 임
賄	U+8CC4	회	회	N	2015	154	N	6	13	13	unicode-total	火	金	bribe; riches, wealth	貝		회:0N	뇌물 회, 재물 회
賆	U+8CC6	변	변	N	2015	154	N	6	13	13	unicode-total	火	金		貝		변:1N	
資	U+8CC7	자	자	Y		154	N	6	13	13	unicode-total	火	金	property; wealth; capital	貝		자:0E	재물 자
賈	U+8CC8	가,고	가,고	N	2015	154	N	6	13	13	unicode-total	火	金	surname; merchant; buy, trade	貝		가:0N 고:0N	값 가, 값/성 가 / 장사 고, 값/성 고
賊	U+8CCA	적	적	Y		154	N	6	13	13	unicode-total	火	金	thief, traitor	貝		적:0E	도적 적, 해칠 적, 도둑 적
賑	U+8CD1	진	진	N	2015	154	N	7	14	14	unicode-total	火	金	relieve, aid distressed; rich	貝		진:0N	구휼할 진, 넉넉할 진
賓	U+8CD3	빈	빈	Y		154	N	7	14	14	unicode-total	火	金	guest, visitor; surname; submit	貝		빈:0E	손 빈
賙	U+8CD9	주	주	N	2015	154	N	8	15	15	unicode-total	土	金	give for charity	貝		주:1N	진휼할 주
賚	U+8CDA	뢰	뢰	N	2015	154	N	8	15	15	unicode-total	土	金	give, present, confer; surname	貝	뇌	뢰:0N	줄 뢰
賛	U+8CDB	찬	찬	N	2015	154	N	8	15	15	unicode-total	土	金	help, support, assist, aid	貝		찬:N	
賜	U+8CDC	사	사	Y		154	N	8	15	15	unicode-total	土	金	give, bestow favors; appoint	貝		사:0E	줄 사
賞	U+8CDE	상	상	Y		154	N	8	15	15	unicode-total	土	金	reward, grant, bestow; appreciate	貝		상:0E	상줄 상
賟	U+8CDF	전	전	N	2018	154	N	8	15	15	unicode-total	土	金		貝		전:N	
賠	U+8CE0	배	배	N	2015	154	N	8	15	15	unicode-total	土	金	indemnify, suffer loss	貝		배:0N	물어줄 배
賡	U+8CE1	갱	갱	N	2015	154	N	8	15	15	unicode-total	土	金	continue	貝		갱:1N	이을 갱, 일 갱
賢	U+8CE2	현	현	Y		154	N	8	15	15	unicode-total	土	金	virtuous, worthy, good; able	貝		현:0E	어질 현, 좋을 현, 구멍 현
賣	U+8CE3	매	매	Y		154	N	8	15	15	unicode-total	土	金	sell; betray; show off	貝		매:0E	팔 매
賤	U+8CE4	천	천	Y		154	N	8	15	15	unicode-total	土	金	mean, low; cheap, worthless	貝		천:0E	천할 천
賥	U+8CE5	수	수	N	2015	154	N	8	15	15	unicode-total	土	金		貝		수:N	
賦	U+8CE6	부	부	Y		154	N	8	15	15	unicode-total	土	金	tax; give; endow; army; diffuse	貝		부:0E	구실 부
質	U+8CEA	질	질	Y		154	N	8	15	15	unicode-total	土	金	matter, material, substance	貝		질:0E	바탕 질
賭	U+8CED	도	도	N	2015	154	N	9	15	16	kangxi-sum	土	金	bet, gamble, wager; compete	貝		도:0N	노름 도, 내기 도
賰	U+8CF0	춘	춘	N	2015	154	N	9	16	16	unicode-total	土	金	plentiful, wealthy or rich; handsome (pay, gifts, etc.)	貝		춘:N	
賱	U+8CF1	운	운	N	2015	154	N	9	16	16	unicode-total	土	金		貝		운:N	
賳	U+8CF3	재	재	N	2015	154	N	9	16	16	unicode-total	土	金		貝		재:N	
賴	U+8CF4	뢰	뢰	Y		154	N	9	16	16	unicode-total	土	金	rely, depend on; accuse falsely	貝	뇌	뢰:0E	힘 입을 뢰
賻	U+8CFB	부	부	N	2015	154	N	10	17	17	unicode-total	金	金	gift of money to help pay for a funeral	貝		부:0N	부의 부
購	U+8CFC	구	구	N	2015	154	N	10	17	17	unicode-total	金	金	buy, purchase; hire	貝		구:0N	살(구입할) 구
賽	U+8CFD	새	새	N	2015	154	N	10	17	17	unicode-total	金	金	compete, contend; contest, race	貝		새:0N	굿할 새, 국할 새
贄	U+8D04	지	지	N	2015	154	N	11	18	18	unicode-total	金	金	gift to a superior; gift given at first meeting	貝		지:0N	폐백 지, 패백 지
贅	U+8D05	췌	췌	N	2015	154	N	11	18	18	unicode-total	金	金	unnecessary, superfluous	貝		췌:0N	붙일 췌, 데릴사위 췌, 혹 췌, 군더더기 췌
贇	U+8D07	빈,윤	빈,윤	N	2015	154	N	12	19	19	unicode-total	水	金	affable, agreeable, pleasant	貝		빈:N 윤:0N	예블
贈	U+8D08	증	증	Y		154	N	12	19	19	unicode-total	水	金	give present; bestow, confer	貝		증:0E	보낼 증, 줄 증
贊	U+8D0A	찬	찬	Y		154	N	12	19	19	unicode-total	水	金	help, support, assist, aid	貝		찬:0E	도울 찬
贍	U+8D0D	섬	섬	N	2015	154	N	13	20	20	unicode-total	水	金	support, aid; to be sufficient; rich, elegant	貝		섬:0N	넉넉할 섬, 도울 섬
贏	U+8D0F	영	영	N	2015	154	N	13	20	20	unicode-total	水	金	win; surplus, gain, profit	貝		영:1N	이문 남길 영, 멜 영, 자랄 영
贐	U+8D10	신	신	N	2015	154	N	14	21	21	unicode-total	木	金	farewell present	貝		신:1N	노자 신, 노수 신
贓	U+8D13	장	장	N	2015	154	N	14	21	21	unicode-total	木	金	booty, loot, stolen goods; bribe	貝		장:0N	장물 장
贔	U+8D14	비	비	N	2015	154	N	14	21	21	unicode-total	木	金	strong	貝		비:1N	힘쓸 비
贖	U+8D16	속	속	N	2015	154	N	15	22	22	unicode-total	木	金	buy, redeem; ransom; atone for	貝		속:0N	속바칠 속, 무역할 속
贛	U+8D1B	공	공	N	2015	154	N	17	24	24	unicode-total	火	金	Jiangxi province; places therein	貝		공:1N	줄 공
赤	U+8D64	적	적	Y		155	N	0	7	7	unicode-total	金	火	red; bare; Kangxi radical 155	赤		적:0E	붉을 적, 금치 적
赦	U+8D66	사	사	N	2015	155	N	4	11	11	unicode-total	木	火	forgive, remit, pardon	赤		사:0N	용서할 사
赧	U+8D67	난	난	N	2015	155	N	5	11	12	kangxi-sum	木	火	blush, turn red	赤		난:1N	얼굴 붉힐 난
赫	U+8D6B	혁	혁	N	2015	155	N	7	14	14	unicode-total	火	火	bright, radiant, glowing	赤		혁:0N	불 이글이글할 혁, 빛날 혁, 성할 혁, 밝을 혁
赭	U+8D6D	자	자	N	2015	155	N	9	15	16	kangxi-sum	土	火	reddish brown; hematite; ochre	赤		자:1N	붉은흙 자
赮	U+8D6E	하	하	N	2015	155	N	9	16	16	unicode-total	土	火		赤		하:N	
走	U+8D70	주	주	Y		156	N	0	7	7	unicode-total	金		walk, go on foot; run; leave; Kangxi radical 156	走		주:0E	달릴 주
赳	U+8D73	규	규	N	2015	156	N	2	9	9	unicode-total	水		grand, valiant	走		규:0N	헌걸찰 규, 위엄스러울 규
赴	U+8D74	부	부	Y		156	N	2	9	9	unicode-total	水		go to; attend, be present	走		부:0E	나아갈 부, 달릴 부
赶	U+8D76	간	간	N	2015	156	N	3	10	10	unicode-total	水		pursue, follow; expel, drive away	走		간:1N	달릴 간
起	U+8D77	기	기	Y		156	N	3	10	10	unicode-total	水		rise, stand up; go up; begin	走		기:0E	일어날 기
趁	U+8D81	진	진	N	2015	156	N	5	12	12	unicode-total	木		take advantage of, avail oneself	走		진:1N	좇을 진
超	U+8D85	초	초	Y		156	N	5	12	12	unicode-total	木		jump over, leap over; surpass	走		초:0E	뛰어넘을 초
越	U+8D8A	월	월	Y		156	N	5	12	12	unicode-total	木		exceed, go beyond; the more ...	走		월:0E	넘을 월, 뛸 월, 월나라 월
趎	U+8D8E	주	주	N	2015	156	N	6	13	13	unicode-total	火			走		주:1N	사람이름 주
趐	U+8D90	혈	혈	N	2015	156	N	6	13	13	unicode-total	火			走		혈:1N	새가 떼로 날 혈, 나아갈 혈
趙	U+8D99	조	조	N	2015	156	N	7	14	14	unicode-total	火		surname; Warring States-era kingdom in modern Hebei and Shanxi	走		조:0N	조나라 조
趜	U+8D9C	국	국	N	2018	156	N	8	15	15	unicode-total	土		(Cant.) to suffocate	走		국:N	
趠	U+8DA0	초	초	N	2015	156	N	8	15	15	unicode-total	土			走		초:1N	멀 초
趣	U+8DA3	취	취	Y		156	N	8	15	15	unicode-total	土		what attracts one's attention	走		취:0E	추창할 취, 뜻 취
趨	U+8DA8	추	추	N	2015	156	N	10	17	17	unicode-total	金		hasten, hurry; be attracted to	走		추:0N	달아날 추, 추창할 추
趫	U+8DAB	교	교	N	2015	156	N	12	19	19	unicode-total	水		nimble	走		교:1N	
趲	U+8DB2	찬	찬	N	2015	156	N	19	26	26	unicode-total	土		go in hurry, hasten; urge	走		찬:1N	놀라 흩어질 찬
足	U+8DB3	족	족	Y		157	N	0	7	7	unicode-total	金		foot; attain, satisfy, enough; Kangxi radical 156	足		족:0E	발 족
趺	U+8DBA	부	부	N	2015	157	N	4	11	11	unicode-total	木		sit cross-legged; back of the foo	足		부:0N	책상다리할 부, 도사리어 앉을 부
趾	U+8DBE	지	지	N	2015	157	N	4	11	11	unicode-total	木		toe; tracks, footprints	足		지:0N	발 지
跂	U+8DC2	기	기	N	2015	157	N	4	11	11	unicode-total	木		creeping, crawling	足		기:1N	육발 기
跆	U+8DC6	태	태	N	2015	157	N	5	12	12	unicode-total	木		trample	足		태:0N	밟을 태
跋	U+8DCB	발	발	N	2015	157	N	5	12	12	unicode-total	木		go by foot; epilogue, colophon	足		발:0N	밟을 발
跌	U+8DCC	질	질	N	2015	157	N	5	12	12	unicode-total	木		stumble, slip, fall down; stamp	足		질:0N	넘어질 질, 달아날 질
跎	U+8DCE	타	타	N	2015	157	N	5	12	12	unicode-total	木		slip, stumble, falter; vacillate	足		타:1N	미끄러질 타
跏	U+8DCF	가	가	N	2015	157	N	5	12	12	unicode-total	木		sit cross-legged; squat	足		가:0N	책상다리할 가, 도사리어 앉을 가
跕	U+8DD5	접	접	N	2015	157	N	5	12	12	unicode-total	木		shuffle, limp	足		접:1N	미끄러질 접
跖	U+8DD6	척	척	N	2015	157	N	5	12	12	unicode-total	木		sole (of the foot)	足		척:1N	발바닥 척
跗	U+8DD7	부	부	N	2015	157	N	5	12	12	unicode-total	木		the instep	足		부:1N	발등 부
跛	U+8DDB	파	파	N	2015	157	N	5	12	12	unicode-total	木		lame	足		파:0N	절뚝발이 파, 절름발이 파 / 기울어 지게 설 피
距	U+8DDD	거	거	Y		157	N	5	12	12	unicode-total	木		distance; bird's spur	足		거:0E	며느리 발톱 거, 지낼 거, 뛸 거, 겨룰 거, 미눌 거, 떨어질 거
跟	U+8DDF	근	근	N	2015	157	N	6	13	13	unicode-total	火		heel; to follow, accompany; with	足		근:1N	발두꿈치 근
跡	U+8DE1	적	적	Y		157	N	6	13	13	unicode-total	火		search, track, trace	足		적:0E	자취 적
跣	U+8DE3	선	선	N	2015	157	N	6	13	13	unicode-total	火		bare footed	足		선:0N	맨발 선, 발벗을 선
跨	U+8DE8	과	과	N	2015	157	N	6	13	13	unicode-total	火		straddle, bestride, ride; carry	足		과:0N	타넘을 과
跪	U+8DEA	궤	궤	N	2015	157	N	6	13	13	unicode-total	火		kneel	足		궤:1N	끓어앉을 궤
跫	U+8DEB	공	공	N	2015	157	N	6	13	13	unicode-total	火		sound of footsteps	足		공:1N	발자국 소리 공
跬	U+8DEC	규	규	N	2015	157	N	6	13	13	unicode-total	火		to step; a stride equal to half a pace	足		규:1N	한발자국 규
跭	U+8DED	강	강	N	2015	157	N	6	13	13	unicode-total	火			足		강:N	
路	U+8DEF	로	노,로	Y		157	N	6	13	13	unicode-total	火		road, path, street; journey	足	노	노:0 로:0E	길 로 / 길 노
跱	U+8DF1	치	치	N	2015	157	N	6	13	13	unicode-total	火		stop	足		치:1N	머뭇거릴 치, 주저할 치, 갖출 치
跳	U+8DF3	도	도	Y		157	N	6	13	13	unicode-total	火		jump, leap, vault, bounce; dance	足		도:0E	뛸 도, 미끄러질 도 / 뛸 조
跼	U+8DFC	국	국	N	2015	157	N	7	14	14	unicode-total	火		bent, stooped, crouched; contract	足		국:1N	구부릴 국
踆	U+8E06	준	준	N	2015	157	N	7	14	14	unicode-total	火		squat	足		준:1N	그칠 준
踉	U+8E09	량	량	N	2015	157	N	7	14	14	unicode-total	火		hop, jump; hurriedly, urgently	足	양	량:1N	뛸 량
踊	U+8E0A	용	용	N	2015	157	N	7	14	14	unicode-total	火		leap, jump	足		용:0N	뛸
踏	U+8E0F	답	답	Y		157	N	8	15	15	unicode-total	土		step on, trample, tread on, walk	足		답:0E	떨어지는 소리 답, 밟을 답
踐	U+8E10	천	천	Y		157	N	8	15	15	unicode-total	土		trample, tread upon, walk on	足		천:0E	밟을 천
踔	U+8E14	탁	탁	N	2015	157	N	8	15	15	unicode-total	土		to get ahead; to stride; to excel	足		탁:1N	우뚝 설 탁, 앙감질 탁
踝	U+8E1D	과	과	N	2015	157	N	8	15	15	unicode-total	土		ankle	足		과:1N	복사뼈 과
踞	U+8E1E	거	거	N	2015	157	N	8	15	15	unicode-total	土		crouch, squat; sit, occupy	足		거:0N	걸터앉을 거
踟	U+8E1F	지	지	N	2015	157	N	8	15	15	unicode-total	土		hesitate, undecided; embarrassed	足		지:1N	머뭇거릴 지
踪	U+8E2A	종	종	N	2015	157	N	8	15	15	unicode-total	土		footprints, traces, tracks	足		종:0N	자취 종
踰	U+8E30	유	유	N	2015	157	N	9	16	16	unicode-total	土		exceed, transgress; cross over	足		유:0N	넘을 유
踴	U+8E34	용	용	N	2015	157	N	9	16	16	unicode-total	土		leap, jump	足		용:1N	뛸 용
踵	U+8E35	종	종	N	2015	157	N	9	16	16	unicode-total	土		heel; follow; visit, call on	足		종:0N	발꿈치 종
踶	U+8E36	제	제	N	2015	157	N	9	16	16	unicode-total	土		paw	足		제:1N	찰 제
踺	U+8E3A	건	건	N	2015	157	N	9	15	16	kangxi-sum|kangxi-pos-residual:8>9	土			足		건:N	
踽	U+8E3D	우	우	N	2015	157	N	9	16	16	unicode-total	土		to walk alone; self-reliant	足		우:1N	타달거릴 우
蹀	U+8E40	접	접	N	2015	157	N	9	16	16	unicode-total	土		to skip, to dance; to put the foot down	足		접:1N	저벅저벅 걸을 접
蹂	U+8E42	유	유	N	2015	157	N	9	16	16	unicode-total	土		trample under foot, tread on	足		유:0N	밟을 유, 쌀 씻을 유
蹄	U+8E44	제	제	N	2015	157	N	9	16	16	unicode-total	土		hoof; horse	足		제:0N	굽 제
蹇	U+8E47	건	건	N	2015	157	N	10	17	17	unicode-total	金		lame, crippled; unlucky; hexagram ䷦	足		건:0N	절름거릴 건, 험할 건, 교만할 건, 절뚝발이 건
蹈	U+8E48	도	도	N	2015	157	N	10	17	17	unicode-total	金		stamp feet; dance	足		도:0N	밟을 도
蹉	U+8E49	차	차	N	2015	157	N	10	16	17	kangxi-sum	金		error, mistake, slip; failure	足		차:0N	넘어질 차, 지날 차
蹊	U+8E4A	혜	혜	N	2015	157	N	10	17	17	unicode-total	金		footpath, trail; track	足		혜:0N	지름길 혜, 건널 혜
蹌	U+8E4C	창	창	N	2015	157	N	10	17	17	unicode-total	金		walk rapidly	足		창:1N	추창할 창
蹏	U+8E4F	제	제	N	2015	157	N	10	17	17	unicode-total	金		hoof; horse	足		제:1N	蹄와 同字
蹕	U+8E55	필	필	N	2015	157	N	11	17	18	kangxi-sum	金		clear way, make room for; clear street when emperor tours	足		필:1N	길 치울 필
蹙	U+8E59	축	축	N	2015	157	N	11	18	18	unicode-total	金		urgent, suddenly; grieve, lament	足		축:0N	찡그릴 축, 쭈그러질 축
蹜	U+8E5C	축	축	N	2015	157	N	11	18	18	unicode-total	金		walk carefully	足		축:1N	발 끌어 디딜 축
蹟	U+8E5F	적	적	N	2015	157	N	11	18	18	unicode-total	金		trace, tracks; footprints	足		적:0N	행적 적, 자취 적, 사적 적
蹠	U+8E60	척	척	N	2015	157	N	11	18	18	unicode-total	金		step on, tread on; sole	足		척:0N	밟을 척, 뛸 척
蹣	U+8E63	만	만	N	2015	157	N	11	18	18	unicode-total	金		to jump over; to limp	足		만:1N	비틀거릴 만
蹤	U+8E64	종	종	N	2015	157	N	11	18	18	unicode-total	金		footprints, traces, tracks	足		종:1N	자취 종
蹲	U+8E72	준	준	N	2015	157	N	12	19	19	unicode-total	水		squat, crouch; idle about	足		준:1N	걸터앉을 준
蹴	U+8E74	축	축	N	2015	157	N	12	19	19	unicode-total	水		kick; tread on; leap; solemn	足		축:0N	찰 축, 밟을 축
蹶	U+8E76	궐	궐	N	2015	157	N	12	19	19	unicode-total	水		stumble, fall down; trample	足		궐:0N	우물벌레 궐, 쓰러질 궐 / 급히걸을 궤
蹻	U+8E7B	교	교	N	2015	157	N	12	19	19	unicode-total	水		to raise the feet; to cross the legs; brave; sandals	足		교:1N	
躁	U+8E81	조	조	N	2015	157	N	13	20	20	unicode-total	水		tense, excited, irritable	足		조:0N	떠들 조, 움직일 조
躅	U+8E85	촉	촉	N	2015	157	N	13	20	20	unicode-total	水		walk carefully; hesitate, falter	足		촉:1N	자취 촉, 강동강동 뛸 촉, 철쭉꽃 촉
躇	U+8E87	저	저	N	2015	157	N	13	18	20	kangxi-sum	水		hesitate, falter, be undecided	足		저:0N	머뭇거릴 저 / 머뭇거릴 착
躉	U+8E89	돈	돈	N	2015	157	N	13	19	20	kangxi-sum	水		sell or buy wholesale; store	足		돈:1N	거룻배 돈
躊	U+8E8A	주	주	N	2015	157	N	14	21	21	unicode-total	木		hesitate, falter; smug, self-satisfied	足		주:0N	머뭇거릴 주, 주저할 주
躋	U+8E8B	제	제	N	2015	157	N	14	21	21	unicode-total	木		ascend, go up, rise	足		제:1N	오를 제
躍	U+8E8D	약	약	Y		157	N	14	21	21	unicode-total	木		skip, jump, frolic	足		약:0E	뛸 약
躐	U+8E90	렵	렵	N	2015	157	N	15	22	22	unicode-total	木		to stride over; to step across	足	엽	렵:1N	밟을 렵
躑	U+8E91	척	척	N	2015	157	N	15	21	22	kangxi-sum	木		waver, hesitate, be irresolute	足		척:1N	머뭇거릴 척
躓	U+8E93	지	지	N	2015	157	N	15	22	22	unicode-total	木		stumble, totter; fail, be frustrated	足		지:1N	넘어질 지
躔	U+8E94	전	전	N	2015	157	N	15	22	22	unicode-total	木		follow in, imitate; rut, path	足		전:1N	햇길 전, 별자리 전
躙	U+8E99	린	린	N	2015	157	N	16	23	23	unicode-total	火		trample down, oppress, overrun	足	인	린:1N	짓밟을 린
躞	U+8E9E	섭	섭	N	2015	157	N	17	24	24	unicode-total	火		to walk	足		섭:N	
躡	U+8EA1	섭	섭	N	2015	157	N	18	25	25	unicode-total	土		tread, step on; follow, track	足		섭:1N	밟을 섭, 신 신을 섭, 오를 섭
躪	U+8EAA	린	린	N	2015	157	N	20	26	27	kangxi-sum	金		trample down, oppress, overrun	足	인	린:0N	짓밟을 린, 짖밟을 린
身	U+8EAB	신	신	Y		158	N	0	7	7	unicode-total	金		body; trunk, hull; Kangxi radical 158	身		신:0E	몸 신, 아이 밸 신, 몸소 신
躬	U+8EAC	궁	궁	N	2015	158	N	3	10	10	unicode-total	水		body; personally, in person	身		궁:0N	몸 궁
躱	U+8EB1	타	타	N	2015	158	N	6	13	13	unicode-total	火		hide	身		타:1N	피할 타
躳	U+8EB3	궁	궁	N	2015	158	N	7	13	14	kangxi-sum	火		body; self	身		궁:1N	躬의 本字
躾	U+8EBE	미	미	N	2015	158	N	9	16	16	unicode-total	土		to discipline, train, bring up; discipline, training	身		미:N	
軀	U+8EC0	구	구	N	2015	158	N	11	18	18	unicode-total	金		body	身		구:0N	몸 구
車	U+8ECA	거,차	거,차	Y	2015	159	N	0	7	7	unicode-total	金		cart, vehicle; carry in a cart; Kangxi radical 159	車		거:0E 차:0N	수레 거, 그물 거, 잇몸 거 / 수레 차
軋	U+8ECB	알	알	N	2015	159	N	1	8	8	unicode-total	金		crush by weight; grind	車		알:0N	수레 삐걱거릴 알, 빼앗을 알
軌	U+8ECC	궤	궤	Y		159	N	2	9	9	unicode-total	水		track, rut, path	車		궤:0E	수레바퀴 사이 궤, 바퀴굴데 궤
軍	U+8ECD	군	군	Y		159	N	2	9	9	unicode-total	水		army, military; soldiers, troops	車		군:0E	군사 군
軒	U+8ED2	헌	헌	Y		159	N	3	10	10	unicode-total	水		carriage; high; wide; balcony; surname of the Yellow Emperor	車		헌:0E	초헌 헌, 껄껄 웃을 헌, 주적댈 헌, 추녀끝 헌, 고기 굵게 저밀 헌
軞	U+8EDE	모	모	N	2015	159	N	4	11	11	unicode-total	木			車		모:N	
軟	U+8EDF	연	연	Y		159	N	4	11	11	unicode-total	木		soft, flexible, pliable; weak	車		연:0E	부드러울 연, 연할 연
軨	U+8EE8	령	령	N	2015	159	N	5	12	12	unicode-total	木		wooden cross-piece on front inside of carriage box	車	영	령:1N	사냥 수레 령
軫	U+8EEB	진	진	N	2015	159	N	5	12	12	unicode-total	木		cross-board at rear of a carriage; 28th lunar mansion, determinative star γ Corvi (Gienah)	車		진:0N	수레 뒤턱 나무 진, 구를 진
軸	U+8EF8	축	축	N	2015	159	N	5	12	12	unicode-total	木		axle, axletree; pivot; axis	車		축:0N	바디집 축, 질책 축, 속바퀴 축, 얇을 축, 굴대 축
軹	U+8EF9	지	지	N	2015	159	N	5	12	12	unicode-total	木		end of axle; divergent	車		지:1N	굴대 머리 지
軺	U+8EFA	초	초	N	2015	159	N	5	12	12	unicode-total	木		small light carriage	車		초:1N	수레 초
軻	U+8EFB	가	가	N	2015	159	N	5	12	12	unicode-total	木		axle; personal name of Mencius	車		가:0N	수레 가기 힘들 가, 바퀴굴대 가
軼	U+8EFC	일	일	N	2015	159	N	5	12	12	unicode-total	木		rush forth; surpass, excel	車		일:1N	앞지를 일
軾	U+8EFE	식	식	N	2015	159	N	6	13	13	unicode-total	火		horizontal wooden bar in front of a sedan chair	車		식:0N	수레앞 가로막이 나무 식, 수레 안에서 절할 식
較	U+8F03	교	교	Y		159	N	6	13	13	unicode-total	火		compare; comparatively, more	車		교:0E	견줄 교, 비교할 교
輅	U+8F05	로	로	N	2015	159	N	6	13	13	unicode-total	火		a chariot, carriage; a carriage pull-bar	車	노	로:0N	수레 로
輇	U+8F07	전	전	N	2015	159	N	6	13	13	unicode-total	火		cart wheel with no spokes	車		전:1N	달 전, 잴 전
輈	U+8F08	주	주	N	2015	159	N	6	13	13	unicode-total	火		shaft	車		주:1N	끌채 주
載	U+8F09	재	재	Y		159	N	6	13	13	unicode-total	火		load; carry; transport, convey	車		재:0E	실을 재, 이길 재, 비롯할 재, 가득할 재
輐	U+8F10	완	완	N	2018	159	N	7	14	14	unicode-total	火			車		완:N	
輒	U+8F12	첩	첩	N	2015	159	N	7	14	14	unicode-total	火		then; each; rack on chariot for luggage or weapons	車		첩:0N	문득 첩
輓	U+8F13	만	만	N	2015	159	N	7	14	14	unicode-total	火		mourn; pull; draw	車		만:0N	끌 만, 수레끌 만
輔	U+8F14	보	보	N	2015	159	N	7	14	14	unicode-total	火		cheek bone; protective; assist	車		보:0N	덧방나무 보, 도울 보
輕	U+8F15	경	경	Y		159	N	7	14	14	unicode-total	火		light; easy, simple; gentle	車		경:0E	가벼울 경
輛	U+8F1B	량	량	N	2015	159	N	8	15	15	unicode-total	土		numerary adjunct for vehicles	車	양	량:0N	수레 량, 수레 한채 량
輜	U+8F1C	치	치	N	2015	159	N	8	15	15	unicode-total	土		a supply cart, covered wagon, dray	車		치:0N	짐수레 치, 휘장 친 수레 치
輝	U+8F1D	휘	휘	Y		159	N	8	15	15	unicode-total	土		brightness, luster, brilliance	車		휘:0E	빛날 휘
輞	U+8F1E	망	망	N	2015	159	N	8	15	15	unicode-total	土		exterior rim of wheel, felly	車		망:0N	바퀴테 망
輟	U+8F1F	철	철	N	2015	159	N	8	15	15	unicode-total	土		stop, suspend, halt	車		철:0N	그칠 철
輦	U+8F26	련	련,연	N	2015	159	N	8	15	15	unicode-total	土		a handcart; capital city	車	연	련:0N 연:0	손수레 련, 당길 련 / 당길 련, 궁중의 길 련
輧	U+8F27	병	병	N	2015	159	N	8	15	15	unicode-total	土		curtained carriage used by women	車		병:0N	거마 소리 병
輨	U+8F28	관	관	N	2015	159	N	8	15	15	unicode-total	土			車		관:1N	줏대 관
輩	U+8F29	배	배	Y		159	N	8	15	15	unicode-total	土		generation, lifetime; class	車		배:0E	무리 배
輪	U+8F2A	륜	륜,윤	Y		159	N	8	15	15	unicode-total	土		wheel; revolve, turn; recur	車	윤	륜:0E 윤:0	바퀴 륜, 수레바퀴 륜 / 바퀴 륜, 땅 길이 륜, 우렁찰 륜, 서릴 륜, 둘레 륜, 수레바퀴 윤
輭	U+8F2D	연	연	N	2015	159	N	9	16	16	unicode-total	土		flexible, pliable; weak, feeble	車		연:N	
輯	U+8F2F	집	집	N	2015	159	N	9	16	16	unicode-total	土		gather up, collect; edit, compile	車		집:0N	모을 집
輰	U+8F30	양	양	N	2015	159	N	9	16	16	unicode-total	土			車		양:1N	상여수레 양
輳	U+8F33	주	주	N	2015	159	N	9	16	16	unicode-total	土		hubs of wheel; converge around	車		주:0N	모일 주, 몰려들 주
輸	U+8F38	수	수	Y		159	N	9	16	16	unicode-total	土		transport, carry, haul	車		수:0E	떨어뜨릴 수, 쏟을 수, 보낼 수, 짐바리 수
輹	U+8F39	복	복	N	2015	159	N	9	16	16	unicode-total	土		two pieces of wood underneath a cart	車		복:0N	복토 복, 바퀴통 복
輻	U+8F3B	복,폭	복,폭	N	2015	159	N	9	16	16	unicode-total	土		spokes of wheel	車		복:0N 폭:0N	바퀴살 복 / 바퀴살통 폭
輾	U+8F3E	전	전	N	2015	159	N	10	17	17	unicode-total	金		turn over, roll	車		전:0N	돌아 누울 전
輿	U+8F3F	여	여	Y		159	N	10	17	17	unicode-total	金		cart, palanquin; public opinion	車		여:0E	수레바탕 여, 짐질 여
轀	U+8F40	온	온	N	2015	159	N	10	17	17	unicode-total	金		hearse	車		온:1N	온량차 온
轂	U+8F42	곡	곡	N	2015	159	N	10	17	17	unicode-total	金		hub of wheel	車		곡:1N	바퀴 곡
轃	U+8F43	진	진	N	2018	159	N	10	17	17	unicode-total	金			車		진:N	
轄	U+8F44	할	할	N	2015	159	N	10	17	17	unicode-total	金		linchpin of wheel; control	車		할:0N	다스릴 할, 맡아볼 할
轅	U+8F45	원	원	N	2015	159	N	10	17	17	unicode-total	金		axle; magistrate's office; surname	車		원:0N	진문 원, 멍에 원, 별 이름 원, 멍에채 원
轆	U+8F46	록	록	N	2015	159	N	11	18	18	unicode-total	金		windlass, pulley, capstan; wheel	車	녹	록:1N	도르래 록
轉	U+8F49	전	전	Y		159	N	11	18	18	unicode-total	金		shift, move, turn	車		전:0E	구를 전, 변할 전, 굴릴 전
轍	U+8F4D	철	철	N	2015	159	N	12	19	19	unicode-total	水		wagon ruts, wheel tracks	車		철:0N	바퀴 자국 철, 수레자국 철
轎	U+8F4E	교	교	N	2015	159	N	12	19	19	unicode-total	水		sedan-chair, palanquin	車		교:0N	가마 교
轒	U+8F52	분	분	N	2015	159	N	12	19	19	unicode-total	水		chariot	車		분:1N	병거 분
轔	U+8F54	린	린	N	2015	159	N	12	19	19	unicode-total	水		rumbling of vehicles; threshold	車	인	린:1N	수레 소리 린
轗	U+8F57	감	감	N	2015	159	N	13	20	20	unicode-total	水		fail	車		감:1N	
轘	U+8F58	환	환	N	2015	159	N	13	20	20	unicode-total	水		tear asunder between chariots	車		환:1N	환형 환
轝	U+8F5D	여	여	N	2015	159	N	14	20	21	kangxi-sum	木		envy; hate, dislike; resentment	車		여:0N	輿와 同字, 가마 여
轞	U+8F5E	함	함	N	2015	159	N	14	21	21	unicode-total	木		a vehicle for transporting prisoners	車		함:1N	함거 함
轟	U+8F5F	굉	굉	N	2015	159	N	14	21	21	unicode-total	木		rumble, explosion, blast	車		굉:0N	울릴 굉, 수레몰아가는 소리 굉
轡	U+8F61	비	비	N	2015	159	N	15	22	22	unicode-total	木		bridle of horse, reins	車		비:1N	고삐 비
轢	U+8F62	력	력,역	N	2015	159	N	15	22	22	unicode-total	木		run over something with vehicle	車	역	력:0N 역:0	삐걱거릴 력, 수레바퀴에 치는 력 / 수레바퀴에 치일 력, 서로 부닥칠 력, 수레바퀴에 치는 역
轣	U+8F63	력	력	N	2015	159	N	16	23	23	unicode-total	火		to gallop; a mule	車	역	력:1N	갈 력
轤	U+8F64	로	로	N	2015	159	N	16	23	23	unicode-total	火		pulley, windlass, capstan	車	노	로:1N	고패 로
辛	U+8F9B	신	신	Y		160	N	0	7	7	unicode-total	金		bitter; toilsome, laborious; 8th heavenly stem; Kangxi radical 160	辛		신:0E	매울 신, 고생 신, 여덟째 천간 신
辜	U+8F9C	고	고	N	2015	160	N	5	12	12	unicode-total	木		crime, criminal offense	辛		고:0N	허물 고
辟	U+8F9F	벽	벽,피	N	2015	160	N	6	13	13	unicode-total	火		law, rule; open up, develop	辛		벽:N 피:1	임금 벽
辢	U+8FA2	랄	랄	N	2015	160	N	7	14	14	unicode-total	火		bitter, pungent, acrid	辛	날	랄:1N	辣과 同字
辣	U+8FA3	랄	랄	N	2015	160	N	7	14	14	unicode-total	火		peppery, pungent, hot; cruel	辛	날	랄:0N	매울 랄
辦	U+8FA6	판	판	N	2015	160	N	9	16	16	unicode-total	土		manage, do, handle; deal with	辛		판:0N	힘들일 판, 갖출 판
辨	U+8FA8	변	변	Y		160	N	9	16	16	unicode-total	土		distinguish, discriminate	辛		변:0E	분별할 변
辭	U+8FAD	사	사	Y		160	N	12	19	19	unicode-total	水		words, speech, expression, phrase	辛		사:0E	말 사, 말씀 사
辮	U+8FAE	변	변	N	2015	160	N	13	20	20	unicode-total	水		braid; pigtail, plait, queue	辛		변:1N	
辯	U+8FAF	변	변	Y		160	N	14	21	21	unicode-total	木		dispute, argue, debate, discuss	辛		변:0E	말잘할 변
辰	U+8FB0	신,진	신,진	Y	2015	161	N	0	7	7	unicode-total	金		early morning; fifth earthly branch; Kangxi radical 161	辰		신:0N 진:0E	날 신 / 다섯째지지 진, 날 진
辱	U+8FB1	욕	욕	Y		161	N	3	10	10	unicode-total	水		humiliate, insult, abuse	辰		욕:0E	욕될 욕, 굽힐 욕
農	U+8FB2	농	농	Y		161	N	6	13	13	unicode-total	火		agriculture, farming; farmer	辰		농:0E	농사 농
辿	U+8FBF	천	천	N	2015	162	N	3	6	10	radical-full	水		follow, pursue	辵		천:1N	천천히 걸을 천
迀	U+8FC0	간	간	N	2015	162	N	3	6	10	radical-full	水			辵		간:1N	구할 간, 권할 간
迂	U+8FC2	우	우	N	2015	162	N	3	6	10	radical-full	水		doctrinaire, abstruse, unrealistic	辵		우:0N	굽을 우, 피할 우, 멀 우
迃	U+8FC3	오	오	N	2015	162	N	3	6	10	radical-full	水			辵		오:1N	
迄	U+8FC4	흘	흘	N	2015	162	N	3	6	10	radical-full	水		extend, reach; until; till	辵		흘:1N	이를 흘
迅	U+8FC5	신	신	N	2015	162	N	3	7	10	radical-full	水		quick, hasty, rapid, sudden	辵		신:0N	빠를 신, 억셀 신
迍	U+8FCD	둔	둔	N	2015	162	N	4	7	11	radical-full	木		falter, hesitate	辵		둔:1N	머뭇거릴 둔
迎	U+8FCE	영	영	Y		162	N	4	8	11	radical-full	木		receive, welcome, greet	辵		영:0E	맞을 영
近	U+8FD1	근	근	Y		162	N	4	8	11	radical-full	木		near, close; approach; intimate	辵		근:0E	가까울 근
迓	U+8FD3	아	아	N	2015	162	N	4	7	11	radical-full	木		to go to meet, to receive, as a guest	辵		아:1N	마중할 아
返	U+8FD4	반	반	Y		162	N	4	7	11	radical-full	木		return, revert to, restore	辵		반:0E	돌이킬 반, 돌아올 반
迕	U+8FD5	오	오	N	2015	162	N	4	7	11	radical-full	木		obstinate, perverse	辵		오:1N	만날 오, 어길 오
迢	U+8FE2	초	초	N	2015	162	N	5	8	12	radical-full	木		far; distant	辵		초:1N	멀 초
迤	U+8FE4	이	이	N	2015	162	N	5	8	12	radical-full	木		wind; walk out of straight path	辵		이:1N	든든할 이 / 어정거릴 타
迥	U+8FE5	형	형	N	2015	162	N	5	9	12	radical-full	木		distant, far; separated; different	辵		형:1N	막을 형, 차단할 형
迦	U+8FE6	가	가	N	2015	162	N	5	8	12	radical-full	木		character for transliteration	辵		가:0N	부처이름 가
迨	U+8FE8	태	태	N	2015	162	N	5	8	12	radical-full	木		until, when; seize, arrest	辵		태:1N	미칠 태
迪	U+8FEA	적	적	N	2015	162	N	5	9	12	radical-full	木		enlighten, advance; progress	辵		적:0N	나아갈 적, 순할 적, 열어줄 적
迫	U+8FEB	박	박	Y		162	N	5	8	12	radical-full	木		coerce, force, compel; urgent	辵		박:0E	닥칠 박, 핍박할 박
迬	U+8FEC	왕	왕	N	2015	162	N	5	8	12	radical-full|kangxi-pos-residual:4>5	木		to walk along, to go	辵		왕:1N	往과 同字
迭	U+8FED	질	질	N	2015	162	N	5	9	12	radical-full	木		repeatedly, frequently	辵		질:0N	갈마들 질, 침노할 질
述	U+8FF0	술	술	Y		162	N	5	9	12	radical-full	木		narrate, state, express	辵		술:0E	이을 술, 좇을 술, 조회할 술, 밝힐 술, 지을 술
迲	U+8FF2	겁	겁	N	2015	162	N	5	8	12	radical-full	木			辵		겁:0N	자내
迴	U+8FF4	회	회	N	2015	162	N	6	9	13	radical-full	火		revolve, rotate; curving, zigzag	辵		회:1N	回와 同字
迷	U+8FF7	미	미	Y		162	N	6	10	13	radical-full	火		bewitch, charm, infatuate	辵		미:0E	미혹할 미, 전념할 미
迸	U+8FF8	병	병	N	2015	162	N	6	9	13	radical-full|multi-rs:162.8=15	火		gush out; burst forth; split	辵		병:1N	달아날 병
迹	U+8FF9	적	적	N	2015	162	N	6	9	13	radical-full	火		traces, impressions, footprints	辵		적:0N	발자국 적, 자취 적, 뒤따를 적
迺	U+8FFA	내	내	N	2015	162	N	6	9	13	radical-full	火		then, thereupon, only then	辵		내:1N	이에 내
迼	U+8FFC	결	결	N	2015	162	N	6	9	13	radical-full	火			辵		결:N	
追	U+8FFD	추	추	Y		162	N	6	10	13	radical-full	火		pursue, chase after; expel	辵		추:0E	쫓을 추, 따를 추
迿	U+8FFF	준	준	N	2015	162	N	6	9	13	radical-full	火		to be the first to begin a quarrel	辵		준:N	
退	U+9000	퇴	퇴	Y		162	N	6	10	13	radical-full	火		step back, retreat, withdraw	辵		퇴:0E	물러갈 퇴, 겸양할 퇴, 물리칠 퇴
送	U+9001	송	송	Y		162	N	6	10	13	radical-full	火		see off, send off; dispatch, give	辵		송:0E	보낼 송, 가질 송, 활쏘기 능통할 송, 줄 송
适	U+9002	괄	괄	N	2015	162	N	6	10	13	radical-full	火		go, reach; appropriate, suitable	辵		괄:0N	빠를 괄
逃	U+9003	도	도	Y		162	N	6	10	13	radical-full	火		escape, flee; abscond, dodge	辵		도:0E	달아날 도
逅	U+9005	후	후	N	2015	162	N	6	10	13	radical-full	火		meet unexpectedly	辵		후:0N	만날 후
逆	U+9006	역	역	Y		162	N	6	10	13	radical-full	火		disobey, rebel; rebel, traitor	辵		역:0E	거스를 역
逈	U+9008	형	형	N	2015	162	N	6	10	13	radical-full	火		distant, far; separated; different	辵		형:0N	멀 형, 빛날 형
逋	U+900B	포	포	N	2015	162	N	7	10	14	radical-full	火		flee, run away, leave debt unsettled	辵		포:0N	달아날 포, 포흠할 포, 도망갈 포
逌	U+900C	유	유	N	2015	162	N	7	10	14	radical-full	火		please; smiling; complacent	辵		유:1N	빙그레할 유
逍	U+900D	소	소	N	2015	162	N	7	10	14	radical-full	火		ramble, stroll, jaunt, loiter	辵		소:0N	노닐 소, 거닐 소
逎	U+900E	주	주	N	2015	162	N	7	10	14	radical-full	火		strong, unyielding, forceful	辵		주:N	
透	U+900F	투	투	Y		162	N	7	10	14	radical-full	火		penetrate, pass through	辵		투:0E	통할 투, 사무칠 투, 지나칠 투
逐	U+9010	축	축	Y		162	N	7	11	14	radical-full	火		chase, expel; one by one	辵		축:0E	쫓을 축, 물리칠 축
逑	U+9011	구	구	N	2015	162	N	7	10	14	radical-full	火		collect, unite; match, pair	辵		구:0N	짝 구
途	U+9014	도	도	Y		162	N	7	10	14	radical-full	火		way, road, path, journey; course	辵		도:0E	길 도
逕	U+9015	경	경	N	2015	162	N	7	10	14	radical-full	火		pass by, approach; direct	辵		경:0N	소로 경, 가까울 경
逖	U+9016	적	적	N	2015	162	N	7	10	14	radical-full	火		far, distant; keep at distance	辵		적:1N	멀 적
逗	U+9017	두	두	N	2015	162	N	7	10	14	radical-full	火		tempt, allure, arouse, stir	辵		두:0N	머무를 두
這	U+9019	저	저	N	2015	162	N	7	11	14	radical-full	火		this, the, here	辵		저:0N	맞을 저, 이것 저, 여기 저
通	U+901A	통	통	Y		162	N	7	11	14	radical-full	火		pass through; common; communicate	辵		통:0E	뚫릴 통, 사무칠 통, 형통할 통, 사귈 통, 다닐 통, 간음할 통
逝	U+901D	서	서	Y		162	N	7	10	14	radical-full	火		pass away; die	辵		서:0E	갈 서
逞	U+901E	령	령	N	2015	162	N	7	10	14	radical-full	火		indulge oneself; brag, show off	辵	영	령:0N	굳셀 령, 통할 령
速	U+901F	속	속	Y		162	N	7	11	14	radical-full	火		quick, prompt, speedy	辵		속:0E	빠를 속, 부를 속, 더러울 속, 사슴 발자취 속
造	U+9020	조	조	Y		162	N	7	11	14	radical-full	火		construct, build, make, begin; prepare	辵		조:0E	지을 조
逡	U+9021	준	준	N	2015	162	N	7	10	14	radical-full	火		retreat, withdraw, fall back	辵		준:0N	뒷걸음칠 준, 물러갈 준
逢	U+9022	봉	봉	Y		162	N	7	11	14	radical-full	火		come upon, happen meet; flatter	辵		봉:0E	만날 봉
連	U+9023	련	련,연	Y		162	N	7	11	14	radical-full	火		join, connect; continuous; even	辵	연	련:0E 연:0	잇닿을 련, 연할 련 / 이을 련, 끌릴 련, 연할 연
逮	U+902E	체	체	Y		162	N	8	12	15	radical-full	土		seize, catch; reach, arrive	辵		체:0E	미칠 체, 잡아가둘 체
週	U+9031	주	주	N	2015	162	N	8	11	15	radical-full	土		week; turn, cycle; anniversary	辵		주:0N	돌 주, 주일 주
進	U+9032	진	진	Y		162	N	8	12	15	radical-full	土		advance, make progress, enter	辵		진:0E	나아갈 진
逴	U+9034	탁	탁	N	2015	162	N	8	11	15	radical-full	土		argue, quarrel, squabble; far	辵		탁:1N	멀 탁, 절름거릴 탁, 뛰어날 탁
逵	U+9035	규	규	N	2015	162	N	8	12	15	radical-full	土		thoroughfare, crossroads	辵		규:0N	구거리 규, 큰길 규
逶	U+9036	위	위	N	2015	162	N	8	11	15	radical-full	土		winding, curving; swagger	辵		위:1N	비틀거릴 위
逸	U+9038	일	일	Y		162	N	8	12	15	radical-full	土		flee, escape, break loose	辵		일:0E	달아날 일, 편안할 일
逼	U+903C	핍	핍	N	2015	162	N	9	13	16	radical-full	土		compel, pressure, force; bother	辵		핍:0N	가까울 핍, 궁핍할 핍, 핍박학 핍, 핍박할 핍
逾	U+903E	유	유	N	2015	162	N	9	13	16	radical-full	土		go over, pass over, exceed	辵		유:0N	갈 유, 지날 유
遁	U+9041	둔	둔	N	2015	162	N	9	13	16	radical-full	土		hide, conceal oneself; escape	辵		둔:0N	달아날 둔
遂	U+9042	수	수	Y		162	N	9	13	16	radical-full	土		comply with, follow along; thereupon	辵		수:0E	사무칠 수, 나아갈 수, 이룰 수, 마침내 수
遇	U+9047	우	우	Y		162	N	9	13	16	radical-full	土		meet, come across, encounter	辵		우:0E	만날 우, 대접할 우, 뜻밖에 우
遉	U+9049	정	정	N	2015	162	N	9	12	16	radical-full	土		spy, reconnoiter; detective	辵		정:1N	순라군 정, 염탐할 정
遊	U+904A	유	유	Y		162	N	9	12	16	radical-full	土		wander, roam, travel	辵		유:0E	놀 유, 벗 사귈 유
運	U+904B	운	운	Y		162	N	9	13	16	radical-full	土		luck, fortune; ship, transport	辵		운:0E	움직일 운, 운수 운, 운전할 운
遍	U+904D	편	편	Y		162	N	9	12	16	radical-full	土		everywhere, all over, throughout	辵		편:0E	두루 편
過	U+904E	과	과	Y		162	N	9	13	16	radical-full	土		pass, pass through, go across	辵		과:0E	지날 과
遏	U+904F	알	알	N	2015	162	N	9	12	16	radical-full	土		stop, suppress, curb, check; a bar	辵		알:1N	막을 알
遐	U+9050	하	하	N	2015	162	N	9	12	16	radical-full	土		afar, distant; old, advanced in	辵		하:0N	멀 하
遑	U+9051	황	황	N	2015	162	N	9	12	16	radical-full	土		leisure, leisurely; hurry about	辵		황:0N	허둥거릴 황, 급할 황
遒	U+9052	주	주	N	2015	162	N	9	12	16	radical-full	土		strong, unyielding, forceful	辵		주:1N	다가설 주
道	U+9053	도	도	Y		162	N	9	13	16	radical-full	土		path, road, street; method, way	辵		도:0E	길 도
達	U+9054	달	달	Y		162	N	9	13	16	radical-full	土		arrive at, reach; intelligent	辵		달:0E	통달할 달
違	U+9055	위	위	Y		162	N	9	13	16	radical-full	土		disobey, violate, defy; be apart from	辵		위:0E	어길 위, 미적거릴 위, 되돌아올 위
遘	U+9058	구	구	N	2015	162	N	10	13	17	radical-full	金		to meet; to come across	辵		구:1N	만날 구
遙	U+9059	요	요	Y		162	N	10	13	17	radical-full	金		far away, distant, remote	辵		요:0E	멀 요, 노닐 요
遛	U+905B	류	류	N	2015	162	N	10	13	17	radical-full	金		take walk, stroll	辵	유	류:1N	머무를 류
遜	U+905C	손	손	N	2015	162	N	10	14	17	radical-full	金		humble, modest; yield	辵		손:0N	순할 손, 겸손할 손, 도망할 손, 사양할 손
遝	U+905D	답	답	N	2015	162	N	10	13	17	radical-full	金		mixed, abundant, assorted	辵		답:0N	가다가설 답, 뒤섞일 답
遞	U+905E	체	체	Y		162	N	10	13	17	radical-full	金		hand over, deliver; substitute	辵		체:0E	갈마들 체
遠	U+9060	원	원	Y		162	N	10	13	17	radical-full	金		distant, remote, far; profound	辵		원:0E	멀 원, 심오할 원
遡	U+9061	소	소	N	2015	162	N	10	13	17	radical-full	金		go upstream; trace source; formerly	辵		소:0N	거스를 소, 맞이할 소, 하소연할 소
遣	U+9063	견	견	Y		162	N	10	14	17	radical-full	金		send, dispatch; send off, exile	辵		견:0E	보낼 견, 쫓을 견, 견전제 견
遨	U+9068	오	오	N	2015	162	N	11	13	18	radical-full|component-kangxi-diff	金		ramble, roam; travel for pleasure	辵		오:1N	노닐 오
適	U+9069	적	적	Y		162	N	11	15	18	radical-full	金		match, comfortable; just	辵		적:0E	맞갖을 적, 편안할 적, 깨달을 적, 시집갈 적, 좇을 적, 주장할 적, 마침 적
遬	U+906C	속	속	N	2015	162	N	11	14	18	radical-full	金			辵		속:1N	공손할 속, 줄어들 속
遭	U+906D	조	조	N	2015	162	N	11	14	18	radical-full	金		come across, meet with, encounter	辵		조:0N	만날 조
遮	U+906E	차	차	N	2015	162	N	11	14	18	radical-full	金		cover, shield, protect	辵		차:0N	막을 차, 가릴 차
遯	U+906F	둔	둔	N	2015	162	N	11	14	18	radical-full	金		deceive, hide, conceal; flee; hexagram ䷠	辵		둔:0N	달아날 둔, 숨을 둔
遲	U+9072	지	지	Y		162	N	12	15	19	radical-full|kangxi-pos:162.11	水		late, tardy; slow; delay	辵		지:0E	늦을 지, 더딜 지
遵	U+9075	준	준	Y		162	N	12	15	19	radical-full	水		obey, comply with, follow; honor	辵		준:0E	좇을 준
遶	U+9076	요	요	N	2015	162	N	12	15	19	radical-full	水		entwine; wind around; surround	辵		요:1N	둘릴 요
遷	U+9077	천	천	Y		162	N	12	15	19	radical-full|multi-rs:162.11=18	水		move, shift, change; transfer	辵		천:0E	옮길 천
選	U+9078	선	선	Y		162	N	12	15	19	radical-full	水		choose, select; elect; election	辵		선:0E	가릴 선
遹	U+9079	휼	휼	N	2018	162	N	12	15	19	radical-full	水		comply with, obey; shun, avoid	辵		휼:N	
遺	U+907A	유	유	Y		162	N	12	15	19	radical-full	水		lose; articles lost; omit	辵		유:0E	잃어버릴 유, 남을 유, 끼칠 유
遼	U+907C	료	료,요	N	2015	162	N	12	16	19	radical-full	水		distant, far	辵	요	료:0N 요:0	멀 료 / 멀 료, 강이름 료, 나라이름 료
遽	U+907D	거	거	N	2015	162	N	13	16	20	radical-full	水		suddenly, unexpectedly; at once	辵		거:0N	급할 거, 두려울 거, 역말 수레 거
遾	U+907E	서	서	N	2015	162	N	13	16	20	radical-full	水			辵		서:N	
避	U+907F	피	피	Y		162	N	13	16	20	radical-full	水		avoid; turn aside; escape; hide	辵		피:0E	숨을 피, 어길 피, 싫어할 피, 피할 피
邀	U+9080	요	요	N	2015	162	N	13	16	20	radical-full	水		invite, welcome; meet, intercept	辵		요:0N	맞을 요, 구할 요, 부를 요, 맞이할 요
邁	U+9081	매	매	N	2015	162	N	13	15	20	radical-full|component-kangxi-diff	水		take a big stride; pass by	辵		매:0N	갈 매, 멀리갈 매
邂	U+9082	해	해	N	2015	162	N	13	16	20	radical-full	水		unexpected meeting; encounter by	辵		해:0N	우연히 만날 해
邃	U+9083	수	수	N	2015	162	N	13	17	20	radical-full	水		profound, detailed; deep	辵		수:0N	깊숙할 수
還	U+9084	환	환	Y		162	N	13	16	20	radical-full	水		still, yet, also, besides	辵		환:0E	돌아올 환
邅	U+9085	전	전	N	2015	162	N	13	16	20	radical-full	水		hesitant, faltering	辵		전:1N	머뭇거릴 전
邇	U+9087	이	이	N	2015	162	N	14	17	21	radical-full	木		be near, be close; recently	辵		이:0N	가까울 이
邈	U+9088	막	막	N	2015	162	N	14	17	21	radical-full	木		far, distant, remote; slight	辵		막:0N	멀 막, 아득할 막
邊	U+908A	변	변	Y		162	N	15	18	22	radical-full	木		edge, margin, side, border	辵		변:0E	가 변
邌	U+908C	려	려	N	2015	162	N	15	18	22	radical-full	木		to walk slowly; to parade	辵	여	려:1N	천천히 걸을 려
邍	U+908D	원	원	N	2015	162	N	16	19	23	radical-full	火			辵		원:N	
邏	U+908F	라	나,라	N	2015	162	N	19	22	26	radical-full	土		patrol; inspect; watch	辵	나	나:0 라:0N	순행할 라, 돌 라 / 돌 나
邐	U+9090	리	리	N	2015	162	N	19	22	26	radical-full	土		meandering, winding	辵	이	리:1N	이어질 리
邑	U+9091	읍	읍	Y		163	N	0	7	7	unicode-total	金	土	area; district; city; state; Kangxi radical 163	邑		읍:0E	고을 읍, 답답할 읍
邕	U+9095	옹	옹	N	2015	163	N	3	10	10	unicode-total	水	土	former or literary name for Nanning (in Guangxi)	邑		옹:0N	막힐 옹, 사람이름 옹
邗	U+9097	한	한	N	2015	163	N	3	5	10	radical-full	水	土	an ancient place in the state of Wu	邑		한:N	
邘	U+9098	우	우	N	2015	163	N	3	5	10	radical-full	水	土	state in Henan province	邑		우:N	
邙	U+9099	망	망	N	2015	163	N	3	5	10	radical-full	水	土	mountain in Henan province	邑		망:0N	산 이름 망, 북망산 망
邠	U+90A0	빈	빈	N	2015	163	N	4	6	11	radical-full	木	土	county in Shaanxi province	邑		빈:1N	나라 이름 빈
邢	U+90A2	형	형	N	2015	163	N	4	7	11	radical-full	木	土	surname; state in today's Hebei	邑		형:0N	나라 이름 형, 땅 이름 형
那	U+90A3	나	나	Y		163	N	4	7	11	radical-full	木	土	that, that one, those	邑		나:0E	어찌 나
邦	U+90A6	방	방	Y		163	N	4	7	11	radical-full	木	土	nation, country, state	邑		방:0E	나라 방
邨	U+90A8	촌	촌	N	2015	163	N	4	6	11	radical-full	木	土	village, hamlet; rustic	邑		촌:0N	村과 同字, 마을 촌
邪	U+90AA	사	사	Y		163	N	4	7	11	radical-full	木	土	wrong, evil, depraved, vicious, perverse, heterodox	邑		사:0E	간사할 사
邯	U+90AF	감,한	감,한	N	2015	163	N	5	7	12	radical-full	木	土	city in Hebei province	邑		감:0N 한:N	조나라 서울 / 고을 이름 한
邰	U+90B0	태	태	N	2015	163	N	5	7	12	radical-full	木	土	surname; state in modern Shanxi	邑		태:0N	태나라 태
邱	U+90B1	구	구	N	2015	163	N	5	7	12	radical-full	木	土	surname; hill; mound; grave	邑		구:0N	언덕 구
邳	U+90B3	비	비	N	2015	163	N	5	7	12	radical-full	木	土	a department in the state of Lu, modern Shandong	邑		비:1N	클 비
邵	U+90B5	소	소	N	2015	163	N	5	7	12	radical-full	木	土	surname; various place names	邑		소:0N	땅이름 소, 성씨 소
邸	U+90B8	저	저	N	2015	163	N	5	7	12	radical-full	木	土	official residence, residence of	邑		저:0N	사처 저, 주막 저, 홀바탕 저, 병풍 저, 집 저
邽	U+90BD	규	규	N	2015	163	N	6	8	13	radical-full	火	土	name of a place in Shaanxi province	邑		규:1N	고을이름 규
邾	U+90BE	주	주	N	2015	163	N	6	8	13	radical-full	火	土	a feudal state which existed B.C.700-469; now in Shandong	邑		주:N	
郁	U+90C1	욱	욱	N	2015	163	N	6	9	13	radical-full	火	土	sweet smelling, rich in aroma; (Cant.) to move, hit	邑		욱:0N	문채날 욱, 자욱할 욱, 향냐날 욱
郃	U+90C3	합	합	N	2015	163	N	6	8	13	radical-full	火	土	county in Shanxi province	邑		합:1N	땅이름 합
郄	U+90C4	극	극	N	2015	163	N	6	8	13	radical-full	火	土	surname	邑		극:1N	隙과 同字
郅	U+90C5	질	질	N	2015	163	N	6	8	13	radical-full	火	土	to go up to; flourishing; a superlative	邑		질:1N	고을 이름 질
郊	U+90CA	교	교	Y		163	N	6	8	13	radical-full	火	土	suburbs; waste land, open spaces	邑		교:0E	성 밖 교, 들 교
郎	U+90CE	랑	랑	N	2015	163	N	6	9	13	radical-full	火	土	gentleman, young man; husband	邑	낭	랑:N	사나이 / 사나이 낭
郜	U+90DC	고	고	N	2015	163	N	7	9	14	radical-full	火	土	surname	邑		고:1N	나라이름 고
郝	U+90DD	학	학	N	2015	163	N	7	9	14	radical-full	火	土	surname; place in modern Shanxi	邑		학:1N	고을 이름 학
郞	U+90DE	랑	낭,랑	Y		163	N	7	10	14	radical-full	火	土	gentleman	邑	낭	낭:0 랑:0E	사나이 랑, 사내 랑
郡	U+90E1	군	군	Y		163	N	7	9	14	radical-full	火	土	administrative division	邑		군:0E	고을 군
郢	U+90E2	영	영	N	2015	163	N	7	9	14	radical-full	火	土	ancient city in Hubei	邑		영:1N	땅이름 영
部	U+90E8	부	부	Y		163	N	8	10	15	radical-full	土	土	part, division, section	邑		부:0E	거느릴 부, 나눌 부
郪	U+90EA	처	처	N	2015	163	N	8	10	15	radical-full	土	土	name of a stream in Sichuan province	邑		처:1N	고을 이름 처
郫	U+90EB	비	비	N	2015	163	N	8	10	15	radical-full	土	土	a county in Sichuan	邑		비:1N	고을 이름 비
郭	U+90ED	곽	곽	Y		163	N	8	11	15	radical-full	土	土	outer part (of a city); surname	邑		곽:0E	성곽 곽
郯	U+90EF	담	담	N	2015	163	N	8	10	15	radical-full	土	土	a county in Shandong	邑		담:1N	나라이름 담
郳	U+90F3	예	예	N	2015	163	N	8	10	15	radical-full	土	土	state in Shandong province	邑		예:N	
郴	U+90F4	침	침	N	2015	163	N	8	10	15	radical-full	土	土	county in Hunan province; surname	邑		침:1N	땅이름 침
郵	U+90F5	우	우	Y		163	N	8	10	15	radical-full	土	土	postal, mail; post office	邑		우:0E	역말 우, 지날 우, 우편 우
都	U+90FD	도	도	Y		163	N	9	12	16	radical-full	土	土	metropolis, capital; all, the whole; elegant, refined	邑		도:0E	도읍 도
鄂	U+9102	악	악	N	2015	163	N	9	11	16	radical-full	土	土	Hubei province; startled	邑		악:0N	나라이름 악, 고을이름 악
鄒	U+9112	추	추	N	2015	163	N	10	12	17	radical-full	金	土	a Zhou-dynasty state in modern Shandong	邑		추:0N	추나라 추, 나라이름 추
鄕	U+9115	향	향	Y		163	N	10	13	17	radical-full	金	土	country; rural; village	邑		향:0E	시골 향, 고향 향
鄖	U+9116	운	운	N	2015	163	N	10	12	17	radical-full	金	土	county in Hubei province	邑		운:N	
鄗	U+9117	교,호	교,호	N	2015	163	N	10	12	17	radical-full	金	土	county in Hebei province	邑		교:N 호:N	
鄙	U+9119	비	비	N	2015	163	N	11	13	18	radical-full	金	土	mean; low	邑		비:0N	다라울 비, 더러울 비
鄞	U+911E	은	은	N	2015	163	N	11	13	18	radical-full	金	土	county in Zhejiang province	邑		은:1N	땅이름 은
鄢	U+9122	언	언	N	2015	163	N	11	13	18	radical-full	金	土	name of a district in Honan	邑		언:1N	땅이름 언
鄣	U+9123	장	장	N	2015	163	N	11	13	18	radical-full	金	土	name of an ancient city in N. Jiangsu, near Shandong	邑		장:1N	나라이름 장
鄧	U+9127	등	등	N	2015	163	N	12	15	19	radical-full	水	土	a county in Henan; surname	邑		등:0N	나라 이름 등, 등나라 등
鄭	U+912D	정	정	N	2015	163	N	12	15	19	radical-full	水	土	state in today's Henan; surname	邑		정:0N	나라이름 정, 성씨 정, 정나라 정
鄰	U+9130	린	린	Y		163	N	12	14	19	radical-full	水	土	neighbor; neighborhood	邑	인	린:1E	이웃 린 / 이웃 인
鄱	U+9131	파	파	N	2015	163	N	12	14	19	radical-full	水	土	county and lake in Jiangxi	邑		파:1N	땅이름 파
鄲	U+9132	다,단	다,단	N	2015	163	N	12	14	19	radical-full	水	土	county in Hebei province	邑		다:N 단:0N	조나라 서울 단, 땅이름 단
鄴	U+9134	업	업	N	2015	163	N	13	15	20	radical-full	水	土	ancient place in modern Hebei province	邑		업:1N	땅이름 업, 성씨 업
鄽	U+913D	전	전	N	2015	163	N	15	17	22	radical-full	木	土		邑		전:1N	가게 전
酈	U+9148	력	력	N	2015	163	N	19	21	26	radical-full	土	土	place in today's Henan province; surname	邑	역	력:1N	땅 이름 력
酉	U+9149	유	유	Y		164	N	0	7	7	unicode-total	金		a wine vessel; tenth earthly branch; Kangxi radical 164	酉		유:0E	별 유, 열째 지지 유, 나아갈 유, 닭 유
酊	U+914A	정	정	N	2015	164	N	2	9	9	unicode-total	水		drunk, intoxicated	酉		정:0N	비틀거릴 정, 술취한 모양 정
酋	U+914B	추	추	N	2015	164	N	2	9	9	unicode-total	水		chief of tribe, chieftain	酉		추:0N	괴수 추, 두목 추, 숙 익을 추, 끝날 추
酌	U+914C	작	작	Y		164	N	3	10	10	unicode-total	水		serve wine; feast; deliberate	酉		작:0E	따를 작, 참작할 작
配	U+914D	배	배	Y		164	N	3	10	10	unicode-total	水		match, pair; equal; blend	酉		배:0E	아내 배, 짝 배
酎	U+914E	주	주	N	2015	164	N	3	10	10	unicode-total	水		double-fermented wine, vintage wine	酉		주:0N	세 번 빚은 술 주
酒	U+9152	주	주	Y		164	N	3	10	10	unicode-total	水		wine, spirits, liquor, alcoholic beverage	酉		주:0E	술 주
酖	U+9156	탐	탐	N	2015	164	N	4	11	11	unicode-total	木		wine with bird poison added	酉		탐:1N	술 즐길 탐
酗	U+9157	후	후	N	2015	164	N	4	11	11	unicode-total	木		drunk, to become violent under the influence of alcohol	酉		후:1N	주정할 후
酢	U+9162	초	초	N	2015	164	N	5	12	12	unicode-total	木		toast one's host with wine; to express juice by pressing	酉		초:0N	초 초 / 초 작
酣	U+9163	감	감	N	2015	164	N	5	12	12	unicode-total	木		enjoy intoxicants	酉		감:1N	
酤	U+9164	고	고	N	2015	164	N	5	12	12	unicode-total	木		to deal in spirits	酉		고:1N	계명주 고
酥	U+9165	소	소	N	2015	164	N	5	12	12	unicode-total	木		butter; flaky, crispy, light, fluffy	酉		소:1N	타락죽 소
酩	U+9169	명	명	N	2015	164	N	6	13	13	unicode-total	火		drunk; intoxicated; tipsy	酉		명:0N	술 취할 명, 취한 모양 명
酪	U+916A	락	낙,락	N	2015	164	N	6	13	13	unicode-total	火		cream, cheese; koumiss	酉	낙	낙:0 락:0N	진한 유즙 락, 타락 락 / 타락 낙
酬	U+916C	수	수	N	2015	164	N	6	13	13	unicode-total	火		toast; reward, recompense	酉		수:0N	술 권할 수, 갚을 수
酲	U+9172	정	정	N	2015	164	N	7	14	14	unicode-total	火		hangover; uncomfortable	酉		정:1N	술병 정, 술 깰 정
酴	U+9174	도	도	N	2015	164	N	7	14	14	unicode-total	火		leaven, yeast; wine	酉		도:1N	두번 빚은 술 도
酵	U+9175	효	효	N	2015	164	N	7	14	14	unicode-total	火		yeast, leaven	酉		효:0N	삭일 효, 술괼 효
酶	U+9176	매	매	N	2015	164	N	7	14	14	unicode-total	火		enzymes; (Cant.) soft	酉		매:1N	술밑 매
酷	U+9177	혹	혹	N	2015	164	N	7	14	14	unicode-total	火		strong, stimulating; very	酉		혹:0N	독할 혹, 혹독할 혹
酸	U+9178	산	산	N	2015	164	N	7	14	14	unicode-total	火		tart, sour; acid; stiff; spoiled	酉		산:0N	초 산, 초.실 산
酹	U+9179	뢰	뢰	N	2015	164	N	7	14	14	unicode-total	火		to pour out a libation; to sprinkle	酉	뇌	뢰:1N	부을 뢰
醃	U+9183	엄	엄	N	2015	164	N	8	15	15	unicode-total	土		marinate, pickle; salt	酉		엄:1N	절일 엄, 김치 엄
醇	U+9187	순	순	N	2015	164	N	8	15	15	unicode-total	土		rich, good as wine; pure, unmixed	酉		순:0N	전국술 순, 두터울 순, 삼갈 순, 순수할 순
醉	U+9189	취	취	Y		164	N	8	15	15	unicode-total	土		intoxicated, drunk; addicted to	酉		취:0E	술취할 취, 궤란할 취
醋	U+918B	초	초	N	2015	164	N	8	15	15	unicode-total	土		vinegar; jealousy, envy	酉		초:0N	초산 초 / 술잔을 돌릴 작
醍	U+918D	제	제	N	2015	164	N	9	16	16	unicode-total	土		essential oil of butter	酉		제:0N	맑은 술 제
醐	U+9190	호	호	N	2015	164	N	9	16	16	unicode-total	土		purest cream	酉		호:1N	제호 호
醒	U+9192	성	성	N	2015	164	N	9	16	16	unicode-total	土		wake up; sober up; startle	酉		성:0N	술 깰 성, 꿈 깰 성, 깨달을 성
醜	U+919C	추	추	Y		164	N	10	16	17	kangxi-sum	金		ugly looking, homely; disgraceful	酉		추:0E	추할 추, 같을 추, 무리 추, 자라똥구멍 추, 부끄러울 추
醞	U+919E	온	온	N	2015	164	N	10	17	17	unicode-total	金		liquor, spirits, wine; ferment	酉		온:1N	술 빚을 온
醢	U+91A2	해	해	N	2015	164	N	10	17	17	unicode-total	金		minced pickled meat; mince	酉		해:1N	젓 해, 젓 담글 해, 젓 담그는 형벌 해
醪	U+91AA	료	료	N	2015	164	N	11	18	18	unicode-total	金		unclear wine, wine with dregs	酉	요	료:1N	막걸리 료
醫	U+91AB	의	의	Y		164	N	11	18	18	unicode-total	金		medicine; to cure, heal; physician	酉		의:0E	의원 의, 병 고칠 의
醬	U+91AC	장	장	N	2015	164	N	11	18	18	unicode-total	金		any jam-like or paste-like food	酉		장:0N	장 장, 간장 장
醮	U+91AE	초	초	N	2015	164	N	12	19	19	unicode-total	水		religious service; Daoist or Buddhist ceremony	酉		초:0N	초례 초
醯	U+91AF	혜	혜	N	2015	164	N	12	19	19	unicode-total	水		vinegar; pickle; acid	酉		혜:0N	초 혜, 위대로울 혜, 식혜 혜
醱	U+91B1	발	발	N	2015	164	N	12	19	19	unicode-total	水		to brew for the second time	酉		발:0N	술 괼 발
醲	U+91B2	농	농	N	2015	164	N	13	20	20	unicode-total	水		strong wine; dense, thick	酉		농:1N	텁텁한 술 농
醴	U+91B4	례	례,예	N	2015	164	N	13	20	20	unicode-total	水		sweet wine; sweet spring	酉	예	례:0N 예:0	단술 례 / 단술 례, 고을이름 례
醵	U+91B5	갹	갹	N	2015	164	N	13	20	20	unicode-total	水		contribute for drinks; pool money	酉		갹:0N	술추렴 / 술추렴 거, 추렴 걷을 거
醼	U+91BC	연	연	N	2015	164	N	16	23	23	unicode-total	火		offer food and wine one's guests	酉		연:N	
釀	U+91C0	양	양	N	2015	164	N	17	24	24	unicode-total	火		brew, ferment	酉		양:0N	술 빚을 양
釁	U+91C1	흔	흔	N	2015	164	N	18	26	26	total-gt-rs-check	土		smear with blood in sacrifice; rift, quarrel	酉		흔:1N	피바를 흔
釃	U+91C3	시	시	N	2015	164	N	19	26	26	unicode-total	土		strain	酉		시:1N	술 거를 시
釆	U+91C6	변	변	N	2015	165	N	0	7	7	unicode-total	金		distinguish; Kangxi radical 165	釆		변:N	분별하다
采	U+91C7	채	채	N	2015	165	N	1	8	8	unicode-total	金		collect, gather; pick, pluck	釆		채:0N	캘 채, 취할 채
釉	U+91C9	유	유	N	2015	165	N	5	12	12	unicode-total	木		glaze	釆		유:0N	물건 빛날 유
釋	U+91CB	석	석	Y		165	N	13	20	20	unicode-total	水		interpret, elucidate; release	釆		석:0E	풀 석
里	U+91CC	리	리,이	Y		166	N	0	7	7	unicode-total	金	土	unit of distance; village; lane; Kangxi radical 166	里	이	리:0E 이:0	마을 리 / 마을 리, 근심할 리, 잇수 리
重	U+91CD	중	중	Y		166	N	2	9	9	unicode-total	水	土	heavy, weighty; double	里		중:0E	무거울 중
野	U+91CE	야	야	Y		166	N	4	11	11	unicode-total	木	土	open country, field; wilderness	里		야:0E	들판 야
量	U+91CF	량	량,양	Y		166	N	5	12	12	unicode-total	木	土	measure, quantity, capacity	里	양	량:0E 양:0	헤아릴 량 / 헤아릴 량, 용량 량
釐	U+91D0	리	리	N	2015	166	N	11	18	18	unicode-total	金	土	manage, control; thousandth part of tael	里	이	리:0N	다스릴 리, 털끝 리
金	U+91D1	금,김	금,김	Y	2015	167	N	0	8	8	unicode-total	金	金	gold; metals in general; money; Kangxi radical 167	金		금:0E 김:0N	성 금, 쇠 금 / 사람의 성 김, 쇠 김
釗	U+91D7	소,쇠	소,쇠	N	2015	167	N	2	10	10	unicode-total	水	金	endeavor, strive; encourage; cut	金		소:N 쇠:0N	쇠
釘	U+91D8	정	정	N	2015	167	N	2	10	10	unicode-total	水	金	nail, spike; pursue closely	金		정:0N	창 정, 못 정
釜	U+91DC	부	부	N	2015	167	N	2	10	10	unicode-total	水	金	cauldron, pot, kettle	金		부:0N	가마 부
針	U+91DD	침	침	Y		167	N	2	10	10	unicode-total	水	金	needle; pin; tack; acupuncture	金		침:0E	바늘 침, 침 침, 바느질할 침, 찌를 침
釣	U+91E3	조	조	N	2015	167	N	3	11	11	unicode-total	木	金	fish; fishhook; tempt, lure	金		조:0N	낚시 조
釤	U+91E4	삼	삼	N	2015	167	N	3	11	11	unicode-total	木	金	samarium (element 62, Sm); to swing a sickle to cut (grass or wheat)	金		삼:1N	낫 삼
釥	U+91E5	초	초	N	2015	167	N	3	11	11	unicode-total	木	金		金		초:N	
釦	U+91E6	구	구	N	2015	167	N	3	11	11	unicode-total	木	金	button; buckle, clasp; engrave	金		구:1N	그릇에 금테 두를 구
釧	U+91E7	천	천	N	2015	167	N	3	11	11	unicode-total	木	金	bracelet, armlet	金		천:0N	팔찌 천
釩	U+91E9	범	범	N	2015	167	N	3	11	11	unicode-total	木	金	vanadium (element 23, V)	金		범:N	
釪	U+91EA	우	우	N	2015	167	N	3	11	11	unicode-total	木	金	an alms bowl; a small bell	金		우:0N	요령 우, 바리때 우, 풍류그릇 우
釭	U+91ED	공	공	N	2015	167	N	3	11	11	unicode-total	木	金	tire of wheel; band	金		공:1N	굴대 공
釵	U+91F5	채	채	N	2015	167	N	3	11	11	unicode-total	木	金	ornamental hairpin	金		채:0N	비녀 채 / 비녀 차
釿	U+91FF	근	근	N	2015	167	N	4	12	12	unicode-total	木	金	hew, chop, smooth	金		근:1N	대패 근
鈇	U+9207	부	부	N	2015	167	N	4	12	12	unicode-total	木	金	an ax; a hatchet	金		부:1N	도끼 부
鈍	U+920D	둔	둔	Y		167	N	4	12	12	unicode-total	木	金	blunt, obtuse; dull; flat; dull-witted	金		둔:0E	무딜 둔, 둔할 둔
鈐	U+9210	검	검	N	2015	167	N	4	12	12	unicode-total	木	金	lock, latch; stamp, seal	金		검:0N	굴대 비녀장 검, 자물쇠 검, 큰 보습 검
鈑	U+9211	판	판	N	2015	167	N	4	12	12	unicode-total	木	金	plate	金		판:0N	불린 금 판, 불린 금덩이 판
鈒	U+9212	삽	삽	N	2015	167	N	4	11	12	kangxi-sum	木	金	spear; (Cant.) to cut, slice; grass-shears	金		삽:0N	창 삽, 새길 삽
鈔	U+9214	초	초	N	2015	167	N	4	12	12	unicode-total	木	金	paper money, bank notes; copy	金		초:1N	노략질할 초
鈕	U+9215	뉴	뉴	N	2015	167	N	4	12	12	unicode-total	木	金	button, knob; surname	金	유	뉴:N	
鈗	U+9217	윤	윤	N	2015	167	N	4	12	12	unicode-total	木	金		金		윤:0N	창 윤
鈜	U+921C	횡	횡	N	2015	167	N	4	12	12	unicode-total	木	金		金		횡:1N	쇳소리 횡
鈞	U+921E	균	균	N	2015	167	N	4	12	12	unicode-total	木	金	unit of measure equivalent to thirty catties	金		균:0N	서른 근 균
鈟	U+921F	조	조	N	2015	167	N	4	12	12	unicode-total	木	金		金		조:1N	낚시 조
鈦	U+9226	태	태	N	2015	167	N	4	12	12	unicode-total	木	金	titanium (Ti)	金		태:N	
鈱	U+9231	민	민	N	2015	167	N	5	13	13	unicode-total	火	金		金		민:N	
鈴	U+9234	령	령,영	N	2015	167	N	5	13	13	unicode-total	火	金	bell	金	영	령:0N 영:0	방울 령
鈵	U+9235	병	병	N	2015	167	N	5	13	13	unicode-total	火	金		金		병:1N	
鈷	U+9237	고	고	N	2015	167	N	5	13	13	unicode-total	火	金	cobalt (Co)	金		고:1N	다리미 고
鈸	U+9238	발	발	N	2015	167	N	5	13	13	unicode-total	火	金	cymbals	金		발:1N	방울 발
鈺	U+923A	옥	옥	N	2015	167	N	5	13	13	unicode-total	火	金	rare treasure	金		옥:0N	보배 옥
鈿	U+923F	전	전	N	2015	167	N	5	13	13	unicode-total	火	金	hairpin; gold inlaid work, filigree	金		전:0N	비녀 전, 보배로 꾸민 그릇 전
鉀	U+9240	갑	갑	N	2015	167	N	5	13	13	unicode-total	火	金	potassium (K)	金		갑:0N	갑옷 갑
鉁	U+9241	진	진	N	2015	167	N	5	13	13	unicode-total	火	金		金		진:1N	보배 진
鉄	U+9244	철	철	N	2015	167	N	5	13	13	unicode-total	火	金	iron; strong, solid, firm	金		철:N	
鉅	U+9245	거	거	N	2015	167	N	5	13	13	unicode-total	火	金	steel, iron; great	金		거:0N	갈고리 거, 클 거, 강한 쇠 거, 갈구리 거
鉉	U+9249	현	현	N	2015	167	N	5	13	13	unicode-total	火	金	device for carrying a tripod	金		현:0N	솥귀 현
鉋	U+924B	포	포	N	2015	167	N	5	13	13	unicode-total	火	金	carpenter's plane	金		포:1N	대패 포
鉍	U+924D	필	필	N	2015	167	N	5	13	13	unicode-total	火	金	bismuth (Bi)	金		필:N	
鉎	U+924E	생	생	N	2015	167	N	5	13	13	unicode-total	火	金	(Cant.) to rust	金		생:1N	녹 생
鉏	U+924F	서	서	N	2015	167	N	5	13	13	unicode-total	火	金	hoe; eradicate, eliminate	金		서:1N	호미 서
鉐	U+9250	석	석	N	2015	167	N	5	13	13	unicode-total	火	金		金		석:1N	놋쇠 석
鉑	U+9251	박	박	N	2015	167	N	5	13	13	unicode-total	火	金	platinum (Pt); thin sheet of metal	金		박:N	
鉒	U+9252	주	주	N	2015	167	N	5	13	13	unicode-total	火	金		金		주:1N	쇳돌 주
鉗	U+9257	겸	겸	N	2015	167	N	5	13	13	unicode-total	火	金	pincers, pliers, tongs	金		겸:0N	목사슬 겸, 세력으로써 남을 누를 겸, 입 다물 겸
鉛	U+925B	연	연	Y		167	N	5	13	13	unicode-total	火	金	lead (element 82, Pb)	金		연:0E	납 연, 분 연
鉞	U+925E	월	월	N	2015	167	N	5	13	13	unicode-total	火	金	broad-axe, a battle axe, halberd	金		월:0N	도끼 월
鉢	U+9262	발	발	N	2015	167	N	5	13	13	unicode-total	火	金	earthenware basin; alms bowl (Sanskrit paatra)	金		발:0N	바리때 발
鉤	U+9264	구	구	N	2015	167	N	5	13	13	unicode-total	火	金	hook, barb; sickle; stroke with	金		구:0N	갈고랑쇠 구, 갈구리 구
鉥	U+9265	술	술	N	2015	167	N	5	13	13	unicode-total	火	金	needle	金		술:0N	돗바늘 술, 인도할 술, 큰바늘 술
鉦	U+9266	정	정	N	2015	167	N	5	13	13	unicode-total	火	金	kind of gong used in ancient times by troops on the march	金		정:0N	징 정
鉷	U+9277	홍	홍	N	2015	167	N	6	14	14	unicode-total	火	金	trigger	金		홍:1N	돌쇠뇌 홍
鉸	U+9278	교	교	N	2015	167	N	6	14	14	unicode-total	火	金	hinge; shears, scissors	金		교:1N	
鉼	U+927C	병	병	N	2015	167	N	8	14	16	kangxi-sum|kangxi-pos:167.6	土	金	plate; (Cant.) a penny	金		병:1N	판금 병
銀	U+9280	은	은	Y		167	N	6	14	14	unicode-total	火	金	silver (element 47, Ag); cash, money, wealth	金		은:0E	은 은, 돈 은
銃	U+9283	총	총	Y		167	N	6	14	14	unicode-total	火	金	ancient weapon, blunderbuss	金		총:0E	도끼 구멍 총, 총 총
銅	U+9285	동	동	Y		167	N	6	14	14	unicode-total	火	金	copper (element 29, Cu); brass, bronze	金		동:0E	구리 동
銋	U+928B	임	임	N	2015	167	N	6	14	14	unicode-total	火	金		金		임:1N	젖을 임
銑	U+9291	선	선	N	2015	167	N	6	14	14	unicode-total	火	金	mill	金		선:0N	끌 선, 윤택할금 선
銓	U+9293	전	전	N	2015	167	N	6	14	14	unicode-total	火	金	weigh, measure; select officials	金		전:0N	사람 가릴 전, 저울질할 전
銕	U+9295	철	철	N	2015	167	N	6	14	14	unicode-total	火	金	iron; strong, solid, firm	金		철:1N	鐵의 古字
銖	U+9296	수	수	N	2015	167	N	6	14	14	unicode-total	火	金	unit of weight, one twenty-fourth of a Chinese ounce (liang)	金		수:0N	저울눈 수
銘	U+9298	명	명	Y		167	N	6	14	14	unicode-total	火	金	inscribe, engrave; unforgettably	金		명:0E	새길 명
銙	U+9299	과	과	N	2015	167	N	6	14	14	unicode-total	火	金		金		과:1N	대구 과
銚	U+929A	조	조	N	2015	167	N	6	14	14	unicode-total	火	金	large hoe; surname; a spear	金		조:1N	쟁개비 조
銛	U+929B	섬	섬	N	2015	167	N	6	14	14	unicode-total	火	金	sharp, keen-edged; a kind of hoe	金		섬:1N	가래 섬
銜	U+929C	함	함	N	2015	167	N	6	14	14	unicode-total	火	金	bit; hold in mouth, bite; gag	金		함:0N	재갈 함
銳	U+92B3	예	예	Y		167	N	7	15	15	unicode-total	土	金	sharp, keen, acute, pointed	金		예:0E	날카로울 예, 까끄라기 예
銴	U+92B4	세	세	N	2015	167	N	7	15	15	unicode-total	土	金		金		세:N	
銶	U+92B6	구	구	N	2015	167	N	7	15	15	unicode-total	土	金	chisel	金		구:0N	끌 구
銷	U+92B7	소	소	N	2015	167	N	7	15	15	unicode-total	土	金	melt, fuse; market, sell; to pass time, finish, cancel	金		소:0N	녹을 소, 사라질 소, 녹일 소
銹	U+92B9	수	수	N	2015	167	N	7	15	15	unicode-total	土	金	rust, corrode	金		수:0N	동록 수, 녹슬 수
鋆	U+92C6	윤	윤	N	2015	167	N	7	15	15	unicode-total	土	金	gold; character used in personal name	金		윤:1N	
鋌	U+92CC	정	정	N	2015	167	N	7	14	15	kangxi-sum	土	金	ingots, bars of metal; hurry	金		정:0N	화살촉 정, 달음박질할 정, 쇳덩이 정
鋏	U+92CF	협	협	N	2015	167	N	7	15	15	unicode-total	土	金	tongs, pincers; dagger; sword	金		협:0N	칼 손잡이 협, 집개 협, 집게 협
鋑	U+92D1	전	전	N	2015	167	N	7	15	15	unicode-total	土	金	to engrave or carve, as a block for printing	金		전:1N	
鋒	U+92D2	봉	봉	N	2015	167	N	7	15	15	unicode-total	土	金	point of spear, sharp point	金		봉:0N	칼끝 봉, 칼날 봉
鋕	U+92D5	지	지	N	2015	167	N	7	15	15	unicode-total	土	金	engrave	金		지:N	
鋗	U+92D7	현	현	N	2015	167	N	7	15	15	unicode-total	土	金	a small basin; rings on a cart of carriage	金		현:1N	노구솥 현, 퉁노구 현
鋟	U+92DF	침	침	N	2015	167	N	7	15	15	unicode-total	土	金	carve	金		침:1N	새길 침
鋤	U+92E4	서	서	N	2015	167	N	7	15	15	unicode-total	土	金	hoe; eradicate	金		서:0N	호미 서
鋥	U+92E5	정	정	N	2015	167	N	7	15	15	unicode-total	土	金	polish	金		정:1N	
鋧	U+92E7	현	현	N	2018	167	N	7	15	15	unicode-total	土	金	small chisel	金		현:N	
鋪	U+92EA	포	포	N	2015	167	N	7	15	15	unicode-total	土	金	spread out, arrange; shop, store; place to sleep, bed	金		포:0N	전방 포, 베풀 포, 문고리 포, 펼 포, 아플 포, 벌릴 포
鋸	U+92F8	거	거	N	2015	167	N	8	16	16	unicode-total	土	金	a saw; to saw; amputate	金		거:0N	톱 거, 다리 꺾는 형벌 거
鋹	U+92F9	창	창	N	2015	167	N	8	16	16	unicode-total	土	金	sharp; a keen edge; sharp point	金		창:1N	
鋺	U+92FA	완,원	완,원	N	2015	167	N	8	16	16	unicode-total	土	金	a metal bowl	金		완:N 원:1N	저울 바탕 원
鋼	U+92FC	강	강	Y		167	N	8	16	16	unicode-total	土	金	steel; hard, strong, tough	金		강:0E	쇠 강, 강철 강
鋽	U+92FD	조	조	N	2015	167	N	8	16	16	unicode-total	土	金		金		조:1N	불리지 않은 쇠 조
鋾	U+92FE	도	도	N	2015	167	N	8	16	16	unicode-total	土	金		金		도:N	
錀	U+9300	륜	륜	N	2015	167	N	8	16	16	unicode-total	土	金		金	윤	륜:N	
錄	U+9304	록	녹,록	Y		167	N	8	16	16	unicode-total	土	金	copy, write down, record	金	녹	녹:0 록:0E	기록할 록 / 기록할 녹
錌	U+930C	안	안	N	2018	167	N	8	16	16	unicode-total	土	金		金		안:N	
錏	U+930F	아	아	N	2015	167	N	8	16	16	unicode-total	土	金	soft steel; ammonium	金		아:1N	투구의 목가림 아
錐	U+9310	추	추	N	2015	167	N	8	16	16	unicode-total	土	金	gimlet, awl, drill, auger; bore	金		추:0N	송곳 추
錕	U+9315	곤	곤	N	2015	167	N	8	16	16	unicode-total	土	金	ancient treasured sword	金		곤:1N	붉은 쇠 곤
錘	U+9318	추	추	N	2015	167	N	8	16	16	unicode-total	土	金	balance weight on scale; hammer	金		추:0N	저울눈 추, 마치 추, 저울 추
錙	U+9319	치	치	N	2015	167	N	8	16	16	unicode-total	土	金	an ancient unit of weight (one-eighth of a tael)	金		치:1N	저울눈 치, 조금 치
錚	U+931A	쟁	쟁	N	2015	167	N	8	14	16	kangxi-sum	土	金	clanging sound; small gong	金		쟁:0N	쇳소리 쟁그렁거릴 쟁, 징 쟁
錞	U+931E	순	순	N	2015	167	N	8	16	16	unicode-total	土	金	instrument	金		순:0N	사발종 순 / 창고달 대
錟	U+931F	담	담	N	2015	167	N	8	16	16	unicode-total	土	金	long spear	金		담:0N	긴 창 담
錠	U+9320	정	정	N	2015	167	N	8	16	16	unicode-total	土	金	spindle, slab, cake, tablet	金		정:0N	촛대 정, 덩이 정
錡	U+9321	기	기	N	2015	167	N	8	16	16	unicode-total	土	金	a kind of pen; a kind of chisel	金		기:0N	솥 기, 세발가마 기 / 세발 가마 의, 쇠뇌틀 의, 휘뚝거릴 의
錢	U+9322	전	전	Y		167	N	8	16	16	unicode-total	土	金	money, currency, coins	金		전:0E	돈 전, 가래 전
錣	U+9323	철	철	N	2015	167	N	8	16	16	unicode-total	土	金	armor neckplates	金		철:1N	물미 철
錤	U+9324	기	기	N	2015	167	N	8	16	16	unicode-total	土	金	hoe	金		기:0N	호미 기
錦	U+9326	금	금	Y		167	N	8	16	16	unicode-total	土	金	brocade, tapestry; embroidered	金		금:0E	비단 금
錧	U+9327	관	관	N	2015	167	N	8	16	16	unicode-total	土	金		金		관:1N	비녀장 관
錨	U+9328	묘	묘	N	2015	167	N	9	16	17	kangxi-sum|kangxi-pos:167.8	金	金	anchor	金		묘:0N	닻 묘
錪	U+932A	전	전	N	2015	167	N	8	16	16	unicode-total	土	金		金		전:1N	솥 전, 쇠 전
錫	U+932B	석	석	N	2015	167	N	8	16	16	unicode-total	土	金	tin (element 50, Sn); bestow, confer	金		석:0N	주석 석
錮	U+932E	고	고	N	2015	167	N	8	16	16	unicode-total	土	金	run metal into cracks; confine	金		고:0N	땜질할 고
錯	U+932F	착	착	Y		167	N	8	16	16	unicode-total	土	金	error, blunder, mistake, wrong	金		착:0E	섞일 착
鍈	U+9348	영	영	N	2015	167	N	8	16	16	unicode-total	土	金		金		영:0N	방울소리 영
鍉	U+9349	시	시	N	2015	167	N	9	17	17	unicode-total	金	金	spoon, key	金		시:1N	숟가락 시, 열쇠 시
鍊	U+934A	련	련,연	Y		167	N	9	17	17	unicode-total	金	金	smelt metals, forge; refine	金	연	련:0E 연:0	불릴 련, 쇠불릴 련 / 불린 쇠 련, 단련할 련, 쇠불릴 연
鍋	U+934B	과	과	N	2015	167	N	9	16	17	kangxi-sum	金	金	cooking-pot, saucepan	金		과:0N	노구솥 과
鍍	U+934D	도	도	N	2015	167	N	9	17	17	unicode-total	金	金	plate, coat, gild	金		도:0N	도금할 도
鍑	U+9351	복	복	N	2015	167	N	9	17	17	unicode-total	金	金		金		복:N	
鍔	U+9354	악	악	N	2015	167	N	9	17	17	unicode-total	金	金	high, lofty; edge of knife	金		악:0N	칼날끝 악
鍗	U+9357	제	제	N	2015	167	N	9	17	17	unicode-total	金	金		金		제:1N	큰 가마 제
鍛	U+935B	단	단	N	2015	167	N	9	17	17	unicode-total	金	金	forge metal; temper, refine	金		단:0N	쇠불릴 단
鍜	U+935C	하	하	N	2015	167	N	9	17	17	unicode-total	金	金	to forge, work	金		하:1N	목투구 하
鍝	U+935D	우	우	N	2015	167	N	9	17	17	unicode-total	金	金		金		우:1N	귀고리 우
鍤	U+9364	삽	삽	N	2015	167	N	9	17	17	unicode-total	金	金	spade, shovel; marking pin	金		삽:1N	가래 삽
鍥	U+9365	결	결	N	2015	167	N	9	17	17	unicode-total	金	金	sickle; cut, carve, engrave	金		결:N	
鍫	U+936B	초	초	N	2015	167	N	9	17	17	unicode-total	金	金	shovel	金		초:1N	가래 초
鍬	U+936C	초	초	N	2015	167	N	9	17	17	unicode-total	金	金	shovel	金		초:1N	가래 초
鍮	U+936E	유	유	N	2015	167	N	9	17	17	unicode-total	金	金	brass	金		유:0N	놋쇠 유
鍰	U+9370	환	환	N	2015	167	N	9	17	17	unicode-total	金	金	measure; money, coins	金		환:1N	무게 단위 환
鍲	U+9372	민	민	N	2018	167	N	9	17	17	unicode-total	金	金		金		민:N	
鍵	U+9375	건	건	N	2015	167	N	9	16	17	kangxi-sum	金	金	door bolt, lock bolt; key	金		건:0N	열쇠 건, 수레 굴대 건, 열쇄 건
鍼	U+937C	침	침	N	2015	167	N	9	17	17	unicode-total	金	金	needle, pin, tack; prick; inject	金		침:0N	바늘 침, 침 침
鍾	U+937E	종	종	N	2015	167	N	9	17	17	unicode-total	金	金	cup, glass, goblet; surname	金		종:0N	술병 종, 술잔 종
鎊	U+938A	방	방	N	2015	167	N	10	18	18	unicode-total	金	金	pound sterling; to scrape	金		방:1N	깎을 방
鎌	U+938C	겸	겸	N	2015	167	N	10	18	18	unicode-total	金	金	sickle	金		겸:0N	낫 겸
鎔	U+9394	용	용	N	2015	167	N	10	18	18	unicode-total	金	金	fuse, melt, smelt; mold	金		용:0N	불릴 용, 녹일 용, 거푸집 용
鎖	U+9396	쇄	쇄	Y		167	N	10	18	18	unicode-total	金	金	lock, padlock; shackles, chains	金		쇄:0E	자물쇠 쇄, 쇠사슬 쇄, 가둘 쇄, 항쇄 쇄, 자물쇄 쇄
鎗	U+9397	쟁	쟁	N	2015	167	N	10	18	18	unicode-total	金	金	rifle, small arms, hand gun	金		쟁:1N	금석소리 쟁, 창 쟁, 총 쟁
鎚	U+939A	추	추	N	2015	167	N	10	17	18	kangxi-sum	金	金	hammer, mallet; club	金		추:0N	쇠마치 추, 저울 추 / 옥 다듬을 퇴
鎛	U+939B	박	박	N	2015	167	N	10	18	18	unicode-total	金	金	large bell; hoe, spade	金		박:1N	종 박
鎟	U+939F	상	상	N	2015	167	N	10	18	18	unicode-total	金	金		金		상:1N	방울소리 상
鎠	U+93A0	강	강	N	2015	167	N	10	18	18	unicode-total	金	金		金		강:N	
鎡	U+93A1	자	자	N	2015	167	N	10	17	18	kangxi-sum	金	金	hoe; mattock	金		자:1N	호미 자
鎣	U+93A3	형	형	N	2015	167	N	10	18	18	unicode-total	金	金	polish	金		형:0N	줄 형, 꾸밀 형
鎤	U+93A4	황	황	N	2015	167	N	10	18	18	unicode-total	金	金	sound of a bell; small bell	金		황:1N	종소리 황
鎧	U+93A7	개	개	N	2015	167	N	10	18	18	unicode-total	金	金	armor, chain mail	金		개:0N	투구 개, 갑옷 개
鎬	U+93AC	호	호	N	2015	167	N	10	18	18	unicode-total	金	金	stove; bright	金		호:0N	호경 호
鎭	U+93AD	진	진	Y		167	N	10	18	18	unicode-total	金	金	town, market place; suppress	金		진:0E	누를 진, 진압할 진
鎰	U+93B0	일	일	N	2015	167	N	10	18	18	unicode-total	金	金	ancient of weight for gold, equal to 20 or 24 taels	金		일:0N	중량 일, 스물넉냥쭝 일
鎻	U+93BB	쇄	쇄	N	2015	167	N	10	18	18	unicode-total	金	金	lock, padlock; shackles, chains	金		쇄:N	
鏃	U+93C3	족	족	N	2015	167	N	11	19	19	unicode-total	水	金	arrowhead, barb; swift, quick	金		족:0N	화살촉 족
鏇	U+93C7	선	선	N	2015	167	N	11	19	19	unicode-total	水	金	lathe	金		선:1N	갈이틀 선
鏈	U+93C8	련	련	N	2015	167	N	11	18	19	kangxi-sum	水	金	chain, wire, cable; chain, shack	金	연	련:1N	쇠사슬 련
鏊	U+93CA	오	오	N	2015	167	N	11	18	19	kangxi-sum	水	金	a flat, iron cooking-plate for cakes	金		오:1N	번철 오
鏋	U+93CB	만	만	N	2015	167	N	11	19	19	unicode-total	水	金		金		만:1N	금 만
鏌	U+93CC	막	막	N	2015	167	N	11	18	19	kangxi-sum	水	金	sword	金		막:1N	칼 이름 막
鏑	U+93D1	적	적	N	2015	167	N	11	19	19	unicode-total	水	金	dysprosium (element 66, Dy); the barb of an arrow; the head of a javelin	金		적:0N	화살촉 적
鏖	U+93D6	오	오	N	2015	167	N	11	19	19	unicode-total	水	金	to fight to the end, engage in a fierce battle	金		오:1N	무찌를 오, 구리동이 오
鏗	U+93D7	갱	갱	N	2015	167	N	11	19	19	unicode-total	水	金	strike, beat, stroke; jingling	金		갱:1N	금석 소리 갱, 사람이름 갱
鏘	U+93D8	장	장	N	2015	167	N	11	19	19	unicode-total	水	金	tinkle, clang, jingle	金		장:1N	금옥 소리 장
鏜	U+93DC	당	당	N	2015	167	N	11	19	19	unicode-total	水	金	boring tool	金		당:1N	북방축소 당
鏝	U+93DD	만	만	N	2015	167	N	11	19	19	unicode-total	水	金	trowel	金		만:1N	흙손 만
鏞	U+93DE	용	용	N	2015	167	N	11	19	19	unicode-total	水	金	a large bell used as a musical instrument	金		용:0N	큰 쇠북 용
鏟	U+93DF	산	산	N	2015	167	N	11	19	19	unicode-total	水	金	spade, shovel, trowel, scoop	金		산:1N	대패 산
鏡	U+93E1	경	경	Y		167	N	11	19	19	unicode-total	水	金	mirror; lens; glass; glasses	金		경:0E	거울 경
鏢	U+93E2	표	표	N	2015	167	N	11	19	19	unicode-total	水	金	dart, spear, harpoon; escort	金		표:1N	칼날 표, 비수 표
鏤	U+93E4	루	루	N	2015	167	N	11	19	19	unicode-total	水	金	carve, inlay, engrave, tattoo	金	누	루:0N	새길 루, 강철 루
鏦	U+93E6	총	총	N	2015	167	N	11	19	19	unicode-total	水	金	a short spear	金		총:1N	창 총, 찌를 총
鏨	U+93E8	참	참	N	2015	167	N	11	19	19	unicode-total	水	金	engraving tool, chisel	金		참:1N	끌 참
鏴	U+93F4	로	로	N	2018	167	N	13	21	21	unicode-total|kangxi-pos:167.11-12	木	金	to plug a hole	金	노	로:N	
鏶	U+93F6	집	집	N	2015	167	N	12	20	20	unicode-total	水	金		金		집:0N	판금 집, 쇳조각 집
鏸	U+93F8	혜	혜	N	2015	167	N	12	20	20	unicode-total	水	金		金		혜:N	
鏹	U+93F9	강	강	N	2015	167	N	12	20	20	unicode-total|kangxi-pos-residual:11>12	水	金	coins, money, wealth; (Cant.) 鏹水, sulfuric acid	金		강:N	
鏻	U+93FB	린	린	N	2015	167	N	12	20	20	unicode-total	水	金	phosphonium	金	인	린:1N	굳셀 린
鐃	U+9403	뇨	뇨	N	2015	167	N	12	20	20	unicode-total	水	金	cymbals; hand bell; disturb	金	요	뇨:1N	작은 징 뇨
鐄	U+9404	횡	횡	N	2015	167	N	12	19	20	kangxi-sum	水	金	bell	金		횡:0N	종 횡, 큰 종 횡
鐍	U+940D	휼	휼	N	2018	167	N	12	20	20	unicode-total	水	金	hasp of a lock	金		휼:N	
鐏	U+940F	준	준	N	2015	167	N	12	20	20	unicode-total	水	金	cap	金		준:1N	창고달 준
鐐	U+9410	료	료	N	2015	167	N	12	20	20	unicode-total	水	金	fetters	金	요	료:1N	은 료
鐓	U+9413	대	대	N	2015	167	N	12	20	20	unicode-total	水	金	ferrule; castrate	金		대:1N	창고달 대
鐔	U+9414	심	심	N	2015	167	N	12	20	20	unicode-total	水	金	dagger; small sword	金		심:1N	칼날 아래 코등이 심
鐘	U+9418	종	종	Y		167	N	12	20	20	unicode-total	水	金	clock; bell	金		종:0E	쇠북 종
鐙	U+9419	등	등	N	2015	167	N	12	20	20	unicode-total	水	金	lamp; a kind of cooking vessel	金		등:1N	등자 등
鐥	U+9425	선	선	N	2015	167	N	12	20	20	unicode-total	水	金	to swing a sickle to cut (grass or wheat)	金		선:0N	복자 선
鐪	U+942A	로	로	N	2015	167	N	13	21	21	unicode-total	木	金		金	노	로:1N	부레 로
鐫	U+942B	전	전	N	2015	167	N	13	20	21	kangxi-sum	木	金	engraving tool; carve, engrave	金		전:0N	새길 전
鐵	U+9435	철	철	Y		167	N	13	21	21	unicode-total	木	金	iron (element 26, Fe); strong, solid, firm	金		철:0E	쇠 철
鐶	U+9436	환	환	N	2015	167	N	13	21	21	unicode-total	木	金	metal ring; measure of currency	金		환:1N	고리 환
鐸	U+9438	탁	탁	N	2015	167	N	13	21	21	unicode-total	木	金	bell; surname	金		탁:0N	요령 탁, 목탁 탁, 큰방울 탁
鐺	U+943A	당	당	N	2015	167	N	13	21	21	unicode-total	木	金	frying pan; warming vessel	金		당:1N	죄인 자물쇠 당
鑂	U+9442	훈	훈	N	2015	167	N	14	22	22	unicode-total	木	金		金		훈:1N	금빛 투색할 훈
鑄	U+9444	주	주	Y		167	N	14	22	22	unicode-total	木	金	melt, cast; coin, mint	金		주:0E	쇠 부어 만들 주, 쇠불릴 주
鑊	U+944A	확	확	N	2015	167	N	14	21	22	kangxi-sum	木	金	cauldron, large iron pot; a wok	金		확:1N	가마 확
鑌	U+944C	빈	빈	N	2015	167	N	14	22	22	unicode-total	木	金	high quality iron	金		빈:1N	강철 빈
鑑	U+9451	감	감	Y		167	N	14	22	22	unicode-total	木	金	mirror, looking glass; reflect	金		감:0E	거울 감, 밝을 감, 비칠 감, 경계할 감
鑒	U+9452	감	감	N	2015	167	N	14	22	22	unicode-total	木	金	mirror, looking glass; reflect	金		감:0N	鑑과 同字, 거울 감
鑕	U+9455	질	질	N	2015	167	N	15	23	23	unicode-total	火	金	chopping block, executioner's block	金		질:1N	모루 질
鑛	U+945B	광	광	Y		167	N	15	22	23	kangxi-sum	火	金	mine; mineral, ore	金		광:0E	쇳돌 광, 쇳덩이 광
鑞	U+945E	랍	랍	N	2015	167	N	15	23	23	unicode-total	火	金	solder; tin	金	납	랍:1N	땜납 랍
鑠	U+9460	삭	삭	N	2015	167	N	15	23	23	unicode-total	火	金	melt, smelt; shine	金		삭:1N	녹일 삭
鑢	U+9462	려	려	N	2015	167	N	15	23	23	unicode-total	火	金	file, rasp; file; polish; (Cant.) to cut	金	여	려:1N	줄 려
鑣	U+9463	표	표	N	2015	167	N	15	23	23	unicode-total	火	金	bit, bridle; ride	金		표:1N	말 재갈 표, 성할 표
鑪	U+946A	로	로	N	2015	167	N	16	24	24	unicode-total	火	金	fireplace, stove, oven, furnace	金	노	로:1N	화로 로
鑫	U+946B	흠	흠	N	2015	167	N	16	24	24	unicode-total	火	金	used in names	金		흠:N	
鑰	U+9470	약	약	N	2015	167	N	17	25	25	unicode-total	土	金	key; lock	金		약:1N	자물쇠 약
鑱	U+9471	참	참	N	2015	167	N	17	25	25	unicode-total	土	金	spade, trowel	金		참:1N	보습 참
鑲	U+9472	양	양	N	2015	167	N	17	25	25	unicode-total	土	金	insert, inlay, set, mount; fill	金		양:1N	거푸집 속 양
鑵	U+9475	관	관	N	2015	167	N	18	25	26	kangxi-sum	土	金	jar; can	金		관:1N	두레박 관
鑷	U+9477	섭	섭	N	2015	167	N	18	26	26	unicode-total	土	金	tweezers, forceps, pincers	金		섭:1N	쪽집게 섭
鑼	U+947C	라	라	N	2015	167	N	19	27	27	unicode-total	金	金	gong	金	나	라:1N	징 라
鑽	U+947D	찬	찬	N	2015	167	N	19	27	27	unicode-total	金	金	drill, bore; pierce; diamond	金		찬:0N	끌 찬, 뚫을 찬
鑾	U+947E	란	란	N	2015	167	N	19	27	27	unicode-total	金	金	small tinkling bell; bells hung on horse	金	난	란:1N	방울 란
鑿	U+947F	착	착	N	2015	167	N	19	28	28	total-gt-rs-check	金	金	chisel; bore, pierce	金		착:0N	뚫을 착
長	U+9577	장	장	Y		168	N	0	8	8	unicode-total	金		long; length; excel in; leader; Kangxi radical 168	長		장:0E	길 장
門	U+9580	문	문	Y		169	N	0	8	8	unicode-total	金		gate, door, entrance, opening; Kangxi radical 169	門		문:0E	문 문
閃	U+9583	섬	섬	N	2015	169	N	2	10	10	unicode-total	水		flash; avoid, dodge, evade	門		섬:0N	번쩍할 섬, 피할 섬
閈	U+9588	한	한	N	2015	169	N	3	11	11	unicode-total	木		village	門		한:1N	마을 문 한
閉	U+9589	폐	폐	Y		169	N	3	11	11	unicode-total	木		shut, close; obstruct, block up	門		폐:0E	닫을 폐, 마칠 폐, 가릴 폐
開	U+958B	개	개	Y		169	N	4	12	12	unicode-total	木		open; initiate, begin, start	門		개:0E	열 개, 통할 개, 발할 개, 베풀 개, 풀 개
閎	U+958E	굉	굉	N	2015	169	N	4	12	12	unicode-total	木		gate, barrier; wide, vast, expand	門		굉:1N	마을문 굉
閏	U+958F	윤	윤	Y		169	N	4	12	12	unicode-total	木		intercalary; extra, surplus	門		윤:0E	윤달
閑	U+9591	한	한	Y		169	N	4	12	12	unicode-total	木		fence, barrier; defend; idle time	門		한:0E	한가할 한
閒	U+9592	한	한	N	2015	169	N	4	12	12	unicode-total	木		leisure; idle; peaceful, tranquil, calm	門		한:0N	한가할 한, 겨를 한
間	U+9593	간	간	Y		169	N	4	12	12	unicode-total	木		interval, space; place, between	門		간:0E	틈 간, 사이 간
閔	U+9594	민	민	N	2015	169	N	4	12	12	unicode-total	木		mourn, grieve; urge on, incite	門		민:0N	위문할 민, 성 민
閘	U+9598	갑	갑	N	2015	169	N	5	13	13	unicode-total	火		sluice; flood gate, canal lock	門		갑:0N	문 빗장 갑, 물 문 갑
閜	U+959C	하	하	N	2015	169	N	5	13	13	unicode-total	火			門		하:N	
閟	U+959F	비	비	N	2015	169	N	5	13	13	unicode-total	火		hide, keep secret; hideaway	門		비:1N	문 닫을 비
閠	U+95A0	윤	윤	N	2015	169	N	5	13	13	unicode-total	火		intercalary; extra, surplus	門		윤:N	
閣	U+95A3	각	각	Y		169	N	6	14	14	unicode-total	火		chamber, pavilion; cabinet	門		각:0E	문설주 각, 다락집 각
閤	U+95A4	합	합	N	2015	169	N	6	14	14	unicode-total	火		small side door; chamber	門		합:0N	도장 합, 침방 합, 개구리소리 합, 규방 합
閥	U+95A5	벌	벌	N	2015	169	N	6	14	14	unicode-total	火		powerful and influential group	門		벌:0N	공훈 벌, 가문 벌
閨	U+95A8	규	규	N	2015	169	N	6	14	14	unicode-total	火		small entrance; women's quarters	門		규:0N	색시 규, 안방 규
閩	U+95A9	민	민	N	2015	169	N	6	14	14	unicode-total	火		Fujian province; a river; a tribe	門		민:1N	종족이름 민
閫	U+95AB	곤	곤	N	2015	169	N	7	15	15	unicode-total	土		threshold; women's quarters	門		곤:1N	문지방 곤
閬	U+95AC	랑	랑	N	2015	169	N	7	15	15	unicode-total	土		high door; high gate; high, lofty	門	낭	랑:1N	솟을 대문 랑
閭	U+95AD	려	려,여	N	2015	169	N	7	14	15	kangxi-sum	土		village of twenty-five families	門	여	려:0N 여:0	이문 려 / 마을 려, 이문 여
閱	U+95B1	열	열	Y		169	N	7	15	15	unicode-total	土		examine, inspect, review, read	門		열:0E	겪을 열, 군대 점호할 열, 용납할 열, 볼 열
閶	U+95B6	창	창	N	2015	169	N	8	16	16	unicode-total	土		gate of heaven; main gate of palace	門		창:1N	
閹	U+95B9	엄	엄	N	2015	169	N	8	16	16	unicode-total	土		castrate; eunuch	門		엄:1N	고자 엄, 내시 엄
閻	U+95BB	염	염	N	2015	169	N	8	16	16	unicode-total	土		village gate; surname	門		염:0N	마을 염, 항간 염, 저승 염, 마을안의 문 염
閼	U+95BC	알	알	N	2015	169	N	8	16	16	unicode-total	土		block, obstruct, stop up, conceal	門		알:0N	막을
閽	U+95BD	혼	혼	N	2015	169	N	8	16	16	unicode-total	土		gatekeeper; gate, door	門		혼:1N	문지기 혼
閾	U+95BE	역	역	N	2015	169	N	8	16	16	unicode-total	土		threshold; separated, confined	門		역:1N	문지방 역
闃	U+95C3	격	격	N	2015	169	N	9	17	17	unicode-total	金		alone; quiet, still	門		격:1N	고요할 격
闇	U+95C7	암	암	N	2015	169	N	9	17	17	unicode-total	金		close, shut; dark, dismal	門		암:0N	어두울 암, 어리석을 암, 망루 암
闈	U+95C8	위	위	N	2015	169	N	9	17	17	unicode-total	金		gate, door; living quarters	門		위:1N	대궐안의 문 위
闊	U+95CA	활	활	N	2015	169	N	9	17	17	unicode-total	金		broad, ample, wide; be apart	門		활:0N	트일 활, 넓을 활
闋	U+95CB	결	결	N	2015	169	N	9	17	17	unicode-total	金		close, shut; watch tower	門		결:1N	쉴 결, 다할 결, 풍류 마칠 결, 문 닫을 결
闌	U+95CC	란	란	N	2015	169	N	9	17	17	unicode-total	金		door screen; railing fence	門	난	란:1N	가막을 란
闍	U+95CD	도	도	N	2015	169	N	9	16	17	kangxi-sum	金		tower over city gate	門		도:1N	성문 층대 도
闓	U+95D3	개	개	N	2015	169	N	10	18	18	unicode-total	金		open; peaceful	門		개:1N	열 개, 풀 개, 활깍지 개
闔	U+95D4	합	합	N	2015	169	N	10	18	18	unicode-total	金		close; whole, entire; all; leaf	門		합:0N	문짝 합, 닫을 합
闕	U+95D5	궐	궐	N	2015	169	N	10	18	18	unicode-total	金		watch tower; palace	門		궐:0N	대궐 궐
闖	U+95D6	틈	틈	N	2015	169	N	10	18	18	unicode-total	金		rush in, burst in, charge in	門		틈:0N	엿볼
闚	U+95DA	규	규	N	2015	169	N	11	19	19	unicode-total	水		flash; flashing; steal look	門		규:1N	갸웃이 볼 규
關	U+95DC	관	관	Y		169	N	11	19	19	unicode-total	水		frontier pass; close; relation	門		관:0E	빗장 관
闞	U+95DE	함	함	N	2015	169	N	12	19	20	kangxi-sum	水		glance, peep; roar, growl	門		함:1N	범 소리 함
闠	U+95E0	궤	궤	N	2015	169	N	12	20	20	unicode-total	水		gate of a market	門		궤:1N	저자문 궤
闡	U+95E1	천	천	N	2015	169	N	12	20	20	unicode-total	水		explain, clarify, elucidate	門		천:0N	열 천, 밝힐 천
闢	U+95E2	벽	벽	N	2015	169	N	13	21	21	unicode-total	木		open; settle, develop, open up	門		벽:0N	열 벽
闥	U+95E5	달	달	N	2015	169	N	13	20	21	kangxi-sum	木		door; gate	門		달:1N	대문 달
阜	U+961C	부	부	N	2015	170	N	0	8	8	unicode-total	金	土	mound; abundant, ample, numerous; Kangxi radical 170	阜		부:0N	언덕 부
阡	U+9621	천	천	N	2015	170	N	3	5	11	radical-full	木	土	footpaths between fields; paths	阜		천:0N	두렁 천, 밭둑길 천
阤	U+9624	치	치	N	2015	170	N	3	5	11	radical-full	木	土	hill	阜		치:1N	떨어질 치, 헐릴 치, 언덕 치, 사태날 치
阧	U+9627	두	두	N	2015	170	N	4	6	12	radical-full	木	土	sloping, steep; suddenly, abruptly	阜		두:N	
阨	U+9628	액	액	N	2015	170	N	4	6	12	radical-full	木	土	in distress; adverse; strategic; (Cant.) to swindle	阜		액:1N	막힐 액
阩	U+9629	승	승	N	2015	170	N	4	6	12	radical-full	木	土		阜		승:N	
阪	U+962A	판	판	N	2015	170	N	4	6	12	radical-full	木	土	hillside farmland; slope	阜		판:0N	산비탈 판, 언덕 판
阭	U+962D	윤	윤	N	2015	170	N	4	6	12	radical-full	木	土		阜		윤:N	
阮	U+962E	완,원	완,원	N	2015	170	N	4	6	12	radical-full	木	土	ancient musical instrument: surname	阜		완:0N 원:0N	성씨 완, 관이름 완 / 원나라 원, 성씨 원, 관이름 원
阯	U+962F	지	지	N	2015	170	N	4	6	12	radical-full	木	土	foundation; site; address	阜		지:1N	터 지
防	U+9632	방	방	Y		170	N	4	7	12	radical-full	木	土	defend; prevent; embankment	阜		방:0E	둑 방, 막을 방
阻	U+963B	조	조	N	2015	170	N	5	7	13	radical-full	火	土	impede, hinder, obstruct; oppose	阜		조:0N	험할 조, 막힐 조
阿	U+963F	아	아	N	2015	170	N	5	8	13	radical-full	火	土	prefix for people's names; used in transliteration	阜		아:0N	언덕 아, 아름다울 아, 알랑거릴 아
陀	U+9640	타	타	N	2015	170	N	5	7	13	radical-full	火	土	steep bank, rough terrain	阜		타:0N	비탈 타, 땅이름 타
陂	U+9642	피	피	N	2015	170	N	5	7	13	radical-full	火	土	dam, embankment; reservoir	阜		피:0N	기울어질 피, 치우칠 피
附	U+9644	부	부	Y		170	N	5	8	13	radical-full	火	土	adhere to, append; rely on near to	阜		부:0E	붙을 부, 의탁할 부
陋	U+964B	루	누,루	N	2015	170	N	6	9	14	radical-full	火	土	narrow; crude, coarse; ugly	阜	누	누:0 루:0N	줍을 루, 좁을 루 / 줍을 누, 좁을 누
陌	U+964C	맥	맥	N	2015	170	N	6	8	14	radical-full	火	土	foot path between rice fields	阜		맥:0N	두렁 맥, 밭둑길 맥
降	U+964D	강,항	강,항	Y	2015	170	N	6	9	14	radical-full	火	土	descend, fall, drop; lower, down	阜		강:0E 항:0N	내릴 강, 떨어질 강, 돌아갈 강 / 항복할 항, 떨어질 항
限	U+9650	한	한	Y		170	N	6	9	14	radical-full	火	土	boundary, limit, line	阜		한:0E	한정할 한
陔	U+9654	해	해	N	2018	170	N	6	8	14	radical-full	火	土	a step, a terrace, a grade a ledge	阜		해:N	
陖	U+9656	준	준	N	2015	170	N	7	9	15	radical-full	土	土		阜		준:N	
陘	U+9658	형	형	N	2015	170	N	7	9	15	radical-full	土	土	defile, mountain pass, gorge	阜		형:1N	지레목 형, 비탈 형
陛	U+965B	폐	폐	N	2015	170	N	7	9	15	radical-full	土	土	steps leading throne; throne	阜		폐:0N	대궐 섬돌 폐
陜	U+965C	합	합	N	2015	170	N	7	9	15	radical-full	土	土	narrow; mountain pass	阜		합:0N	고을이름 / 좁을 협
陝	U+965D	섬	섬	N	2015	170	N	7	9	15	radical-full	土	土	mountain pass; Shaanxi province	阜		섬:0N	고을이름 섬
陞	U+965E	승	승	N	2015	170	N	7	9	15	radical-full	土	土	promote, rise, ascend	阜		승:0N	오를 승, 올릴 승
陟	U+965F	척	척	N	2015	170	N	7	10	15	radical-full	土	土	climb, scale, ascend; proceed	阜		척:0N	오를 척, 나아갈 척
陡	U+9661	두	두	N	2015	170	N	7	9	15	radical-full	土	土	steep, sloping; abruptly, sudden	阜		두:1N	절벽 두
院	U+9662	원	원	Y		170	N	7	9	15	radical-full	土	土	courtyard, yard, court; school	阜		원:0E	원집 원, 공해 원, 절 원, 학교 원
陣	U+9663	진	진	Y		170	N	7	9	15	radical-full	土	土	column, row or file of troops	阜		진:0E	줄 진, 진칠 진
除	U+9664	제	제	Y		170	N	7	10	15	radical-full	土	土	eliminate, remove, except	阜		제:0E	섬돌 제, 덜 제
陪	U+966A	배	배	N	2015	170	N	8	10	16	radical-full	土	土	accompany, be with, keep company	阜		배:0N	쌓아올릴 배, 모실 배
陬	U+966C	추	추	N	2015	170	N	8	10	16	radical-full	土	土	corner, cranny, nook, niche	阜		추:1N	벼루 추, 정월 추, 부끄러울 추, 마을 추
陰	U+9670	음	음	Y		170	N	8	11	16	radical-full	土	土	the passive, female principle in Chinese philosophy (yin); dark; secret	阜		음:0E	음기 음, 부인에게 예 가르칠 음, 몰래 음, 세월 음, 그늘 음
陲	U+9672	수	수	N	2015	170	N	8	10	16	radical-full	土	土	frontier, border	阜		수:1N	변방 수, 위태할 수
陳	U+9673	진	진	Y		170	N	8	10	16	radical-full	土	土	exhibit, display; plead; surname	阜		진:0E	늘어놓을 진, 묵을 진
陴	U+9674	비	비	N	2015	170	N	8	10	16	radical-full	土	土	a parapet on a city wall	阜		비:1N	성가퀴 비
陵	U+9675	릉	능,릉	Y		170	N	8	10	16	radical-full	土	土	hill, mound; mausoleum	阜	능	능:0 릉:0E	큰 언덕 릉 / 능 능, 큰언덕 능
陶	U+9676	도	도	Y		170	N	8	11	16	radical-full	土	土	pottery, ceramics	阜		도:0E	질 그도 도, 질그릇 도 / 화락할 요, 순임금의 신하 요
陷	U+9677	함	함	Y		170	N	8	10	16	radical-full	土	土	submerge, sink, plunge; trap	阜		함:0E	빠질 함
陸	U+9678	륙	륙,육	Y		170	N	8	10	16	radical-full	土	土	land, continental; army	阜	육	륙:0E 육:0	뭍 륙 / 뭍 륙, 길 륙, 어긋날 륙, 뛸 륙, 두터울 륙
陹	U+9679	승	승	N	2015	170	N	8	10	16	radical-full	土	土		阜		승:N	
陼	U+967C	저	저	N	2015	170	N	9	10	17	radical-full|component-kangxi-diff	金	土	islet	阜		저:1N	모래섬 저, 둔덕 저, 언덕 저
陽	U+967D	양	양	Y		170	N	9	12	17	radical-full	金	土	the active, male principle in Chinese philosophy (yang); light; sun	阜		양:0E	볕 양, 드러낼 양, 시월 양, 거짓 양
隄	U+9684	제	제	N	2015	170	N	9	11	17	radical-full	金	土	dike, embankment	阜		제:1N	堤와 同字
隅	U+9685	우	우	N	2015	170	N	9	11	17	radical-full	金	土	corner, nook, remote place	阜		우:0N	모퉁이 우, 기슭 우
隆	U+9686	륭	륭,융	Y		170	N	9	12	17	radical-full	金	土	prosperous, plentiful, abundant	阜	융	륭:0E 융:0	클 륭, 높을 륭 / 성할 륭, 높을 륭, 가운데 우뚝할 륭, 괘 이름 륭
隊	U+968A	대	대	Y		170	N	9	12	17	radical-full	金	土	team, group; army unit	阜		대:0E	군대 대, 떼 대
隋	U+968B	수	수	N	2015	170	N	9	12	17	radical-full	金	土	Sui dynasty; surname	阜		수:0N	수나라 수
隍	U+968D	황	황	N	2015	170	N	9	11	17	radical-full	金	土	dry ditch, dry moat	阜		황:0N	해자 황, 산골짜기 황
階	U+968E	계	계	Y		170	N	9	11	17	radical-full	金	土	stairs, steps; rank, degree	阜		계:0E	섬돌 계
隑	U+9691	기	기	N	2015	170	N	10	12	18	radical-full	金	土		阜		기:1N	
隔	U+9694	격	격	Y		170	N	10	12	18	radical-full	金	土	separate, partition	阜		격:0E	막을 격, 멀 격
隕	U+9695	운	운	N	2015	170	N	10	12	18	radical-full	金	土	fall, slip; let fall; die	阜		운:0N	떨어질 운, 곤란할 운
隗	U+9697	외	외	N	2015	170	N	10	11	18	radical-full|component-kangxi-diff	金	土	high; lofty; surname	阜		외:1N	높을 외, 성씨 외
隘	U+9698	애	애	N	2015	170	N	10	12	18	radical-full	金	土	narrow, confined; a strategic pass	阜		애:0N	좁을 애
隙	U+9699	극	극	N	2015	170	N	10	12	18	radical-full	金	土	crack, split, fissure; grudge	阜		극:0N	틈 극
際	U+969B	제	제	Y		170	N	11	14	19	radical-full	水	土	border, boundary, juncture	阜		제:0E	사이 제, 모을 제
障	U+969C	장	장	Y		170	N	11	13	19	radical-full	水	土	separate; shield; barricade	阜		장:0E	막을 장, 막힐 장
隣	U+96A3	린	린,인	N	2015	170	N	12	14	20	radical-full	水	土	neighbor; neighboring; adjacent	阜	인	린:0N 인:0	鄰의 俗字, 이웃 린 / 鄰의 俗字, 이웃 인
隤	U+96A4	퇴	퇴	N	2015	170	N	12	15	20	radical-full	水	土	to fall in ruins; to collapse	阜		퇴:1N	무너질 퇴, 미끄러질 퇴, 부드러울 퇴, 땅이름 퇴
隧	U+96A7	수	수	N	2015	170	N	13	14	21	radical-full|component-kangxi-diff	木	土	tunnel, underground passageway, path to a tomb	阜		수:0N	무덤길 수, 구멍 수, 길 수
隨	U+96A8	수	수	Y		170	N	13	14	21	radical-full|component-kangxi-diff	木	土	follow, listen to, submit; to accompany; subsequently, then; hexagram ䷐	阜		수:0E	따를 수, 괘 이름 수, 나라이름 수, 맡길 수
隩	U+96A9	오	오	N	2015	170	N	13	14	21	radical-full|component-kangxi-diff	木	土	profound, subtle; warm	阜		오:1N	감출 오, 물가 언덕 오
險	U+96AA	험	험	Y		170	N	13	16	21	radical-full	木	土	narrow pass, strategic point, dangerous	阜		험:0E	험할 험, 험난할 험
隮	U+96AE	제	제	N	2018	170	N	14	16	22	radical-full	木	土	to rise up; a rainbow; to fall	阜		제:N	
隰	U+96B0	습	습	N	2015	170	N	14	16	22	radical-full	木	土	low, damp land, marsh, swamp	阜		습:1N	진펄 습
隱	U+96B1	은	은	Y		170	N	14	16	22	radical-full	木	土	hide, conceal; hidden, secret	阜		은:0E	숨을 은, 아낄 은, 속걱정할 은, 불쌍히 여길 은, 점칠 은, 의지할 은, 쌓을 은
隳	U+96B3	휴	휴	N	2015	170	N	15	17	23	radical-full	火	土	to destroy; to overthrow	阜		휴:1N	무너뜨릴 휴
隴	U+96B4	롱	롱	N	2015	170	N	16	18	24	radical-full	火	土	short name for Gansu Province; a mountain on the border of Gansu and Shaanxi (Mount Long)	阜	농	롱:1N	고개 이름 롱
隶	U+96B6	이	이	N	2015	171	N	0	8	8	unicode-total	金		subservient; servant; Kangxi radical 171	隶		이:1N	밑 이, 미치다 이
隷	U+96B7	례	례,예	Y		171	N	8	16	16	unicode-total	土		be subservient to; servant	隶	예	례:0E 예:0	隸와 同字, 붙을 례
隸	U+96B8	례	례	N	2015	171	N	9	17	17	unicode-total	金		be subservient to; servant	隶	예	례:1N	붙을 례 / 종 례, 노비 례, 검열할 례
隹	U+96B9	추	추	N	2015	172	N	0	8	8	unicode-total	金		short-tailed bird; Kangxi radical 172	隹		추:1N	새 추
隻	U+96BB	척	척	N	2015	172	N	2	10	10	unicode-total	水		single, one of pair, lone; measure word	隹		척:0N	새 한 마리 척, 짝 척
隼	U+96BC	준	준	N	2015	172	N	2	10	10	unicode-total	水		aquiline (nose); a falcon	隹		준:1N	새매 준
雀	U+96C0	작	작	N	2015	172	N	3	11	11	unicode-total	木		sparrow	隹		작:0N	참새 작
雁	U+96C1	안	안	Y		172	N	4	12	12	unicode-total	木		wild goose	隹		안:0E	鴈과 同字, 기러기 안
雄	U+96C4	웅	웅	Y		172	N	4	12	12	unicode-total	木		male of species; hero; manly	隹		웅:0E	수컷 웅, 영웅 웅, 웅장할 웅
雅	U+96C5	아	아	Y		172	N	4	12	12	unicode-total	木		elegant, graceful, refined	隹		아:0E	아담할 아
集	U+96C6	집	집	Y		172	N	4	12	12	unicode-total	木		assemble, collect together	隹		집:0E	모일 집, 모을 집
雇	U+96C7	고	고	N	2015	172	N	4	12	12	unicode-total	木		employ, to hire	隹		고:0N	새이름 고, 머슴 고
雉	U+96C9	치	치	N	2015	172	N	5	13	13	unicode-total	火		pheasant; crenellated wall	隹		치:0N	꿩 치, 폐백 치, 성 윗담 치, 목맬 치
雋	U+96CB	전,준	전,준	N	2015	172	N	5	13	13	unicode-total	火		superior, outstanding, talented	隹		전:N 준:0N	새살찔
雌	U+96CC	자	자	N	2015	172	N	5	14	14	total-gt-rs-check	火		female; feminine; gentle, soft	隹		자:0N	암컷 자
雍	U+96CD	옹	옹	N	2015	172	N	5	13	13	unicode-total	火		harmony, union; harmonious	隹		옹:0N	조화로울 옹, 학교 옹, 화할 옹
雎	U+96CE	저	저	N	2015	172	N	5	13	13	unicode-total	火		osprey, fishhawk; hold back	隹		저:0N	저구 저, 증경이 저, 원앙 저
雕	U+96D5	조	조	N	2015	172	N	8	16	16	unicode-total	土		engrave, inlay, carve; exhaust; (same as 鵰) an eagle, vulture	隹		조:0N	독수리 조
雖	U+96D6	수	수	Y		172	N	9	17	17	unicode-total	金		although, even if	隹		수:0E	비록 수, 벌레이름 수
雗	U+96D7	한	한	N	2018	172	N	10	18	18	unicode-total	金		a white pheasant	隹		한:N	
雙	U+96D9	쌍	쌍	Y		172	N	10	18	18	unicode-total	金		set of two, pair, couple; both	隹		쌍:0E	짝 쌍
雚	U+96DA	관	관	N	2015	172	N	10	18	18	unicode-total	金		a heron; small cup	隹		관:1N	황새 관
雛	U+96DB	추	추	N	2015	172	N	10	18	18	unicode-total	金		chick, fledging; infant, toddler	隹		추:0N	새 새끼 추, 병아리 추, 어린아이 추, 날짐승 새끼 추
雜	U+96DC	잡	잡	Y		172	N	10	18	18	unicode-total	金		mixed, blended; mix, mingle	隹		잡:0E	섞일 잡, 잡될 잡
雝	U+96DD	옹	옹	N	2015	172	N	10	18	18	unicode-total	金		marsh; pool; harmonious	隹		옹:1N	조화로울 옹, 학교 옹
雞	U+96DE	계	계	N	2015	172	N	10	18	18	unicode-total	金		chickens; domestic fowl	隹		계:1N	닭 계
離	U+96E2	리	리,이	Y		172	N	11	18	19	kangxi-sum	水		leave, depart; go away; separate; trigram ☲; hexagram ䷝	隹	이	리:0E 이:0	떼 놓을 리, 떠날 리 / 떠날 리, 베풀 리, 지날 리, 아름다울 리, 둘 리, 외손 리
難	U+96E3	난	난	Y		172	N	11	19	19	unicode-total	水		difficult, arduous, hard; unable	隹		난:0E	어려울 난
雨	U+96E8	우	우	Y		173	N	0	8	8	unicode-total	金	水	rain; rainy; Kangxi radical 173	雨		우:0E	비 우
雩	U+96E9	우	우	N	2015	173	N	3	11	11	unicode-total	木	水	offer sacrifice for rain	雨		우:0N	기우제 우, 무지개 우
雪	U+96EA	설	설	Y		173	N	3	11	11	unicode-total	木	水	snow; wipe away shame, avenge	雨		설:0E	눈 설
雯	U+96EF	문	문	N	2015	173	N	4	12	12	unicode-total	木	水	cloud patterns, coloring of cloud	雨		문:0N	구름 무늬 문
雰	U+96F0	분	분	N	2015	173	N	4	12	12	unicode-total	木	水	atmosphere; mist, fog	雨		분:0N	안개 분
雲	U+96F2	운	운	Y		173	N	4	12	12	unicode-total	木	水	clouds; Yunnan province	雨		운:0E	구름 운, 팔대손 운, 하늘 운
零	U+96F6	령	령,영	Y		173	N	5	13	13	unicode-total	火	水	zero; fragment, fraction	雨	영	령:0E 영:0	조용히 오는 비 령, 떨어질 령 / 부서질 령, 비뚝비뚝 떨어질 령, 셈 나머지 령
雷	U+96F7	뢰	뇌,뢰	Y		173	N	5	13	13	unicode-total	火	水	thunder	雨	뇌	뇌:0 뢰:0E	우뢰 뢰, 우리 뢰 / 우뢰 뇌, 우리 뇌
雹	U+96F9	박	박	N	2015	173	N	5	13	13	unicode-total	火	水	hail	雨		박:0N	누리 박, 우박 박
雺	U+96FA	몽	몽	N	2015	173	N	5	13	13	unicode-total	火	水		雨		몽:1N	안개 몽
電	U+96FB	전	전	Y		173	N	5	13	13	unicode-total	火	水	electricity, electric; lightning	雨		전:0E	번개 전, 전기 전
需	U+9700	수,유	수,유	Y	2015	173	N	6	14	14	unicode-total	火	水	need, require, must; hexagram ䷄	雨		수:0E 유:N	음식 수, 머뭇거릴 수, 기다릴 수, 찾을 수, 괘 이름 수
霄	U+9704	소	소	N	2015	173	N	7	15	15	unicode-total	土	水	sky; clouds, mist; night	雨		소:1N	하늘 소, 진눈깨비 소
霅	U+9705	삽	삽	N	2015	173	N	7	15	15	unicode-total	土	水	thunder	雨		삽:1N	비올 삽
霆	U+9706	정	정	N	2015	173	N	7	14	15	kangxi-sum	土	水	a sudden peal of thunder	雨		정:0N	벼락 정, 번개 정
震	U+9707	진	진	Y		173	N	7	15	15	unicode-total	土	水	shake, quake, tremor; excite; trigram ☳; hexagram ䷲	雨		진:0E	벼락 진, 진동할 진
霈	U+9708	패	패	N	2015	173	N	7	15	15	unicode-total	土	水	torrential rains, flow of water	雨		패:1N	비 쏟아질 패
霉	U+9709	매	매	N	2015	173	N	7	15	15	unicode-total	土	水	mildew, mold; moldy, mildewed	雨		매:1N	매우 매
霌	U+970C	주	주	N	2015	173	N	8	16	16	unicode-total	土	水		雨		주:1N	운우 모양 주
霍	U+970D	곽	곽	N	2015	173	N	8	16	16	unicode-total	土	水	quickly, suddenly; surname	雨		곽:1N	빠를 곽
霎	U+970E	삽	삽	N	2015	173	N	8	16	16	unicode-total	土	水	light rain, drizzle; an instant; passing	雨		삽:1N	가랑비 삽
霏	U+970F	비	비	N	2015	173	N	8	16	16	unicode-total	土	水	falling of snow and rain	雨		비:1N	눈 펄펄 내릴 비
霑	U+9711	점	점	N	2015	173	N	8	16	16	unicode-total	土	水	be moistened, soaked; moisten	雨		점:0N	젖을 점, 비 지정거릴 점
霓	U+9713	예	예	N	2015	173	N	8	16	16	unicode-total	土	水	rainbow; variegated, colored	雨		예:0N	암무지개 예
霔	U+9714	주	주	N	2015	173	N	8	16	16	unicode-total	土	水		雨		주:1N	장마 주
霖	U+9716	림	림	N	2015	173	N	8	16	16	unicode-total	土	水	long spell of rain, copious rain	雨	임	림:0N	장마 림
霙	U+9719	영	영	N	2015	173	N	9	16	17	kangxi-sum	金	水	sleet	雨		영:0N	눈꽃 영, 구름 피어오를 영
霜	U+971C	상	상	Y		173	N	9	17	17	unicode-total	金	水	frost; crystallized; candied	雨		상:0E	서리 상
霞	U+971E	하	하	N	2015	173	N	9	17	17	unicode-total	金	水	rosy clouds	雨		하:0N	놀 하, 노을 하
霣	U+9723	운	운	N	2015	173	N	10	18	18	unicode-total	金	水	fall	雨		운:1N	떨어질 운, 천둥에 비 몰아올 운
霦	U+9726	빈	빈	N	2015	173	N	11	19	19	unicode-total	水	水		雨		빈:1N	옥 광채 빈
霧	U+9727	무	무	Y		173	N	11	18	19	kangxi-sum	水	水	fog, mist, vapor, fine spray	雨		무:0E	안개 무, 어두울 무
霪	U+972A	음	음	N	2015	173	N	11	19	19	unicode-total	水	水	long and heavy rain	雨		음:1N	장마 음
霰	U+9730	산	산	N	2015	173	N	12	20	20	unicode-total	水	水	hail, sleet	雨		산:0N	싸라기눈 산, 싸락눈 산 / 싸락눈 선, 별 선
霱	U+9731	율,휼	율,휼	N	2018	173	N	12	20	20	unicode-total	水	水	cloud	雨		율:N 휼:N	
露	U+9732	로	노,로	Y		173	N	12	21	21	total-gt-rs-check	木	水	dew; bare, open, exposed	雨	노	노:0 로:0E	이슬 로 / 이슬 노
霸	U+9738	패	패	N	2015	173	N	13	21	21	unicode-total	木	水	rule by might rather than right	雨		패:1N	으뜸 패, 패왕 패
霹	U+9739	벽	벽	N	2015	173	N	13	21	21	unicode-total	木	水	thunder, crashing thunder	雨		벽:0N	벼락 벽
霽	U+973D	제	제	N	2015	173	N	14	22	22	unicode-total	木	水	to clear up after rain; to cease to be angry	雨		제:0N	갤 제, 비갤 제
靂	U+9742	력	력	N	2015	173	N	16	24	24	unicode-total	火	水	thunderclap, crashing thunder	雨	역	력:0N	벼락 력
靄	U+9744	애	애	N	2015	173	N	16	24	24	unicode-total	火	水	cloudy sky, haze; calm, peaceful	雨		애:0N	아지랭이 애, 아지랑이 애
靆	U+9746	체	체	N	2015	173	N	16	23	24	kangxi-sum	火	水	cloudy sky; not clear; dark	雨		체:1N	구름 낄 체
靈	U+9748	령	령,영	Y		173	N	16	24	24	unicode-total	火	水	spirit, soul; spiritual world	雨	영	령:0E 영:0	신령 령 / 신령 령, 혼백 령, 좋을 령
靉	U+9749	애	애	N	2015	173	N	17	25	25	unicode-total	土	水	cloudy sky; dark, obscure	雨		애:1N	구름낄 애
靌	U+974C	보	보	N	2015	173	N	19	27	27	unicode-total	金	水		雨		보:1N	
靑	U+9751	청	청	Y		174	N	0	8	8	unicode-total	金		blue, green; young; Kangxi radical 174	靑		청:0E	푸를 청
青	U+9752	청	청	N	2015	174	N	0	8	8	unicode-total	金		blue, green; young; Kangxi radical 174	靑		청:N	
靕	U+9755	진	진	N	2015	174	N	5	13	13	unicode-total	火			靑		진:N	
靖	U+9756	정	정	N	2015	174	N	5	13	13	unicode-total	火		pacify; appease; calm, peaceful	靑		정:0N	다스릴 정, 편안할 정, 생각할 정
靘	U+9758	정	정	N	2015	174	N	6	14	14	unicode-total	火			靑		정:N	
静	U+9759	정	정	N	2015	174	N	6	14	14	unicode-total	火		quiet, still, motionless; gentle	靑		정:N	
靚	U+975A	정	정	N	2015	174	N	7	15	15	unicode-total	土		make up face; ornament; quiet; (Cant.) pretty	靑		정:1N	단장할 정, 밝을 정
靛	U+975B	전	전	N	2015	174	N	8	16	16	unicode-total	土		indigo; any blue dye	靑		전:1N	푸른 대 전
靜	U+975C	정	정	Y		174	N	8	16	16	unicode-total	土		quiet, still, motionless; gentle	靑		정:0E	고요할 정, 조용할 정, 쉴 정, 편안할 정
靝	U+975D	천	천	N	2015	174	N	10	18	18	unicode-total	金		(in taoism) the heaven	靑		천:1N	하늘 천
非	U+975E	비	비	Y		175	N	0	8	8	unicode-total	金		not, negative, non-; oppose; Kangxi radical 175	非		비:0E	아닐 비
靠	U+9760	고	고	N	2015	175	N	7	15	15	unicode-total	土		lean on, trust, depend on; near	非		고:1N	기댈 고
靡	U+9761	미	미	N	2015	175	N	11	19	19	unicode-total	水		divide, disperse, scatter	非		미:0N	쓰러질 미, 쏠릴 미, 흐트러질 미
面	U+9762	면	면	Y		176	N	0	9	9	unicode-total	水		face; surface; plane; side, dimension; Kangxi radical 176	面		면:0E	낯 면
靦	U+9766	전	전	N	2015	176	N	7	16	16	unicode-total	土		timid, shy, bashful	面		전:1N	무안할 전, 물끄러미 볼 전
靨	U+9768	엽	엽	N	2015	176	N	14	23	23	unicode-total	火		dimples	面		엽:1N	웃는 볼 옴쏙 들어갈 엽, 얼굴의 검은 사마귀 엽
革	U+9769	혁	혁	Y		177	N	0	9	9	unicode-total	水		leather, animal hides; Kangxi radical 177; hexagram ䷰	革		혁:0E	가죽 혁, 고칠 혁, 갑주 혁
靭	U+976D	인	인	N	2015	177	N	3	12	12	unicode-total	木		strong and pliable, resilient	革		인:0N	韌과 同字, 질긴 고기 인
靳	U+9773	근	근	N	2015	177	N	4	13	13	unicode-total	火		strap on a horse's breast	革		근:1N	아낄 근
靴	U+9774	화	화	N	2015	177	N	4	13	13	unicode-total	火		boots	革		화:0N	신 화
靷	U+9777	인	인	N	2015	177	N	4	13	13	unicode-total	火		the leather belt that connects a horse with a cart	革		인:0N	가슴걸이 인
靺	U+977A	말	말	N	2015	177	N	5	14	14	unicode-total	火		stocking; the Tungusic tribe	革		말:0N	버선 말, 붉은 끈 말
靼	U+977C	달	달	N	2015	177	N	5	14	14	unicode-total	火		Tatars	革		달:1N	다룬가죽 달
鞀	U+9780	도	도	N	2015	177	N	5	14	14	unicode-total	火		drum	革		도:1N	소고 도
鞁	U+9781	피	피	N	2015	177	N	5	14	14	unicode-total	火		tack (of a horse)	革		피:1N	말 가슴걸이 피, 안갑 피
鞄	U+9784	포	포	N	2015	177	N	5	14	14	unicode-total	火		to work hides; leather bag	革		포:1N	가방 포, 가죽 다로는 장인 포
鞅	U+9785	앙	앙	N	2015	177	N	5	14	14	unicode-total	火		leather strap over horse's neck	革		앙:1N	가슴걸이 앙, 소고삐 앙
鞋	U+978B	혜	혜	N	2015	177	N	6	15	15	unicode-total	土		shoes, footwear in general	革		혜:0N	신 혜, 가죽신 혜
鞍	U+978D	안	안	N	2015	177	N	6	15	15	unicode-total	土		saddle; any saddle-shaped object	革		안:0N	안장 안
鞏	U+978F	공	공	N	2015	177	N	6	15	15	unicode-total	土		bind; firm, secure, strong	革		공:0N	묶을 공, 가죽테 공
鞘	U+9798	초	초	N	2015	177	N	7	16	16	unicode-total	土		scabbard, sheath	革		초:1N	칼집 초
鞠	U+97A0	국	국	N	2015	177	N	8	17	17	unicode-total	金		bow, bend; rear, raise, nourish	革		국:0N	기를 국
鞣	U+97A3	유	유	N	2015	177	N	9	18	18	unicode-total	金		tan; soften	革		유:1N	다룬 가죽 유, 마른 가죽 유
鞦	U+97A6	추	추	N	2015	177	N	9	18	18	unicode-total	金		leather strap; swing	革		추:1N	그네 추, 말고들개 추
鞨	U+97A8	갈	갈	N	2015	177	N	9	18	18	unicode-total	金		tribe	革		갈:0N	말갈나라 갈, 말갈보석 갈
鞫	U+97AB	국	국	N	2015	177	N	9	18	18	unicode-total	金		interrogate, question	革		국:0N	문초받을
鞬	U+97AC	건	건	N	2015	177	N	9	17	18	kangxi-sum	金		a quiver on a horse; a store	革		건:1N	칼집 건, 동개 건
鞭	U+97AD	편	편	N	2015	177	N	9	18	18	unicode-total	金		whip; whip; string of firecrackers	革		편:0N	채찍 편, 볼기채 편, 태장 편
鞱	U+97B1	도	도	N	2015	177	N	10	19	19	unicode-total	水			革		도:1N	너그러울 도
鞴	U+97B4	비	비	N	2015	177	N	10	19	19	unicode-total	水		saddle up horse; drive horse	革		비:1N	풀무 비
鞸	U+97B8	필	필	N	2015	177	N	11	19	20	kangxi-sum	水		leather arm guard	革		필:1N	슬갑 필
鞹	U+97B9	곽	곽	N	2015	177	N	11	19	20	kangxi-sum	水		skin	革		곽:1N	무두질한 가죽 곽
韁	U+97C1	강	강	N	2015	177	N	13	22	22	unicode-total	木		reins, halter; bridle	革		강:1N	고삐 강
韃	U+97C3	달	달	N	2015	177	N	13	21	22	kangxi-sum	木		the Tatars	革		달:1N	칠 달
韆	U+97C6	천	천	N	2015	177	N	15	24	24	unicode-total	火		swing	革		천:0N	그네 천
韋	U+97CB	위	위	N	2015	178	N	0	9	9	unicode-total	水		tanned leather; surname; Kangxi radical 178	韋		위:0N	다룬 가죽 위, 훌부들할 위, 군복 위, 성씨 위, 연할 위
韌	U+97CC	인	인	N	2015	178	N	3	12	12	unicode-total	木		strong and pliable, resilient; (Cant.) tough, elastic	韋		인:N	
韍	U+97CD	불	불	N	2015	178	N	5	14	14	unicode-total	火		a leather knee-pad worn during sacrifices	韋		불:1N	폐슬 불
韓	U+97D3	한	한	Y		178	N	8	17	17	unicode-total	金		fence; surname; Korea	韋		한:0E	나라 이름 한, 한나라 한
韙	U+97D9	위	위	N	2015	178	N	9	18	18	unicode-total	金		right; proper; propriety	韋		위:1N	옳을 위
韜	U+97DC	도	도	N	2015	178	N	10	19	19	unicode-total	水		sheath, scabbard, bow case	韋		도:0N	활집 도, 감출 도
韝	U+97DD	구	구	N	2015	178	N	10	19	19	unicode-total	水		leather arm band	韋		구:1N	깍지 구
韞	U+97DE	온	온	N	2015	178	N	10	18	19	kangxi-sum	水		an orange color; hide, conceal	韋		온:1N	감출 온, 붉은 빛 온
韠	U+97E0	필	필	N	2015	178	N	11	19	20	kangxi-sum	水		knee-pad	韋		필:1N	슬갑 필
韡	U+97E1	위	위	N	2015	178	N	12	19	21	kangxi-sum	木		gorgeous	韋		위:1N	꽃 환히 필 위
韭	U+97ED	구	구	N	2015	179	N	0	9	9	unicode-total	水	木	scallion, leek; Kangxi radical 179	韭		구:1N	부추 구
韱	U+97F1	섬	섬	N	2015	179	N	8	17	17	unicode-total	金	木	wild onions or leeks	韭		섬:1N	산부추 섬
韲	U+97F2	제	제	N	2015	179	N	10	19	19	unicode-total	水	木	break or smash into pieces, pulverize	韭		제:1N	양념할 제
音	U+97F3	음	음	Y		180	N	0	9	9	unicode-total	水		sound, tone, pitch, pronunciation; Kangxi radical 180	音		음:0E	소리 음, 편지 음, 음악 음
韵	U+97F5	운	운	N	2015	180	N	4	13	13	unicode-total	火		rhyme; vowel	音		운:1N	韻과 同字
韶	U+97F6	소	소	N	2015	180	N	5	14	14	unicode-total	火		music of the emperor Shun; beautiful	音		소:0N	아름다울 소, 이을 소, 순의 풍류 소, 봄 소
韺	U+97FA	영	영	N	2015	180	N	9	17	18	kangxi-sum	金		music	音		영:1N	풍류이름 영
韻	U+97FB	운	운	Y		180	N	10	19	19	unicode-total	水		rhyme; vowel	音		운:0E	울림 운, 소리 맞을 운, 운 운, 운치 운
韾	U+97FE	음	음	N	2015	180	N	11	20	20	unicode-total	水			音		음:N	
響	U+97FF	향	향	Y		180	N	13	20	22	kangxi-sum|kangxi-pos-residual:11>13	木		make sound, make noise; sound	音		향:0E	소리 울릴 향, 소리 마주칠 향, 악기 향
頀	U+9800	호	호	N	2015	180	N	14	22	23	kangxi-sum	火		music	音		호:0N	구할 호, 지킬 호, 풍류이름 호
頁	U+9801	혈	혈	N	2015	181	N	0	9	9	unicode-total	水		page, sheet, leaf; Kangxi radical 181	頁		혈:0N	머리 혈, 마리 혈, 페이지(page) 혈
頂	U+9802	정	정	Y		181	N	2	11	11	unicode-total	木		top, peak; carry on head; very	頁		정:0E	이마 정, 꼭대기 정, 관 꼭대기 치장하는 장식 정
頃	U+9803	경	경	Y		181	N	2	11	11	unicode-total	木		a moment; a measure of area equal to 100 mu or 6.7 hectares; to lean	頁		경:0E	밭 넓이 단위 경, 백이랑 경
項	U+9805	항	항	Y		181	N	3	12	12	unicode-total	木		neck, nape of neck; sum; funds	頁		항:0E	목덜미 항, 클 항, 항목 항, 목뒤 항
順	U+9806	순	순	Y		181	N	3	12	12	unicode-total	木		obey, submit to, go along with	頁		순:0E	좇을 순, 부드러울 순, 차례 순, 성씨 순, 순할 순
須	U+9808	수	수	Y		181	N	3	12	12	unicode-total	木		must, have to, necessary; moment; whiskers	頁		수:0E	수염 수, 기다릴 수, 모름지기 수
頊	U+980A	욱	욱	N	2015	181	N	4	13	13	unicode-total	火		grieved; anxious	頁		욱:0N	머리 굽실거릴 욱, 별이름 욱, 사람이름 욱
頌	U+980C	송	송	Y		181	N	4	13	13	unicode-total	火		laud, acclaim; hymn; ode	頁		송:0E	기릴 송, 칭송할 송, 찬양하는 노래 송
頍	U+980D	규	규	N	2015	181	N	4	13	13	unicode-total	火		to raise one's head	頁		규:1N	고깔비녀 규
頎	U+980E	기	기	N	2015	181	N	4	13	13	unicode-total	火		tall and slim	頁		기:1N	헌걸찰 기
頏	U+980F	항	항	N	2015	181	N	4	13	13	unicode-total	火		fly down or downward	頁		항:1N	목 항, 오르락 내리락할 항
預	U+9810	예	예	N	2015	181	N	4	13	13	unicode-total	火		prepare, arrange; in advance	頁		예:0N	미리 예, 참여할 예
頑	U+9811	완	완	N	2015	181	N	4	13	13	unicode-total	火		obstinate, stubborn; recalcitrant	頁		완:0N	완고할 완, 완악할 완
頒	U+9812	반	반	N	2015	181	N	4	13	13	unicode-total	火		confer, bestow; publish, promulgate	頁		반:0N	나눌 반, 반포할 반 / 큰 머리 분
頓	U+9813	돈	돈	N	2015	181	N	4	13	13	unicode-total	火		pause, stop; bow, kowtow; arrange	頁		돈:0N	조아릴 돈
頖	U+9816	반	반	N	2015	181	N	5	14	14	unicode-total	火		Zhou dynasty school; disperse; fall apart	頁		반:1N	풀릴 반
頗	U+9817	파	파	Y		181	N	5	14	14	unicode-total	火		lean one side; very, rather	頁		파:0E	비뚤어질 파, 자못 파
領	U+9818	령	령,영	Y		181	N	5	14	14	unicode-total	火		neck; collar; lead, guide	頁	영	령:0E 영:0	옷깃 령, 거느릴 령 / 옷깃 령, 고개 령, 거느릴 령, 받을 령
頞	U+981E	알	알	N	2015	181	N	6	15	15	unicode-total	土		(nose) bridge	頁		알:1N	콧마루 알
頡	U+9821	힐	힐	N	2015	181	N	6	15	15	unicode-total	土		fly upward, soar; contest; to rob	頁		힐:1N	곧은목 힐
頣	U+9823	신	신	N	2015	181	N	6	15	15	unicode-total	土		to view others with raised eyes	頁		신:1N	눈들고 볼 신
頤	U+9824	이	이	N	2015	181	N	7	16	16	unicode-total|kangxi-pos:181.6	土		cheeks; jaw; chin; rear; to nourish; hexagram ䷚	頁		이:N	
頦	U+9826	해	해	N	2015	181	N	6	15	15	unicode-total	土		chin	頁		해:1N	턱 해
頫	U+982B	부	부	N	2015	181	N	6	15	15	unicode-total	土		bow; nod; condescend	頁		부:1N	머리 숙일 부
頭	U+982D	두	두	Y		181	N	7	16	16	unicode-total	土		head; top; chief, first; boss	頁		두:0E	머리 두
頮	U+982E	회	회	N	2015	181	N	7	16	16	unicode-total	土		wash	頁		회:1N	세수할 회
頰	U+9830	협	협	N	2015	181	N	7	16	16	unicode-total	土		cheeks, jaw	頁		협:0N	뺨 협, 천천히 말할 협
頲	U+9832	정	정	N	2015	181	N	7	15	16	kangxi-sum	土		straight	頁		정:N	
頷	U+9837	암	암	N	2015	181	N	7	16	16	unicode-total	土		chin, jowl; give nod	頁		암:1N	
頸	U+9838	경	경	N	2015	181	N	7	16	16	unicode-total	土		neck, throat	頁		경:0N	목 경
頹	U+9839	퇴	퇴	N	2015	181	N	7	16	16	unicode-total	土		ruined, decayed; disintegrate	頁		퇴:0N	기울어질 퇴, 사나운 바람 퇴, 쇠할 퇴, 무너질 퇴, 대머리 퇴
頻	U+983B	빈	빈	Y		181	N	7	16	16	unicode-total	土		frequently, again and again	頁		빈:0E	자주 빈
頼	U+983C	뢰	뢰	N	2015	181	N	7	16	16	unicode-total	土		rely, depend on; accuse falsely	頁	뇌	뢰:N	
頿	U+983F	자	자	N	2015	181	N	8	18	18	total-gt-rs-check	金			頁		자:1N	코밑수염 자
顆	U+9846	과	과	N	2015	181	N	8	17	17	unicode-total	金		grain, kernel	頁		과:0N	낟알 과, 알갱이 과
顇	U+9847	췌	췌	N	2015	181	N	8	17	17	unicode-total	金		be worn out, be haggard	頁		췌:1N	
顈	U+9848	경	경	N	2015	181	N	8	17	17	unicode-total	金			頁		경:1N	홑옷 경
顋	U+984B	시	시	N	2015	181	N	9	18	18	unicode-total	金		lower part of face; jaw; gills of a fish	頁		시:1N	뺨 시, 볼 시
題	U+984C	제	제	Y		181	N	9	18	18	unicode-total	金		forehead; title, headline; theme	頁		제:0E	이마 제, 제목 제
額	U+984D	액	액	Y		181	N	9	18	18	unicode-total	金		forehead; tablet, plaque; fixed	頁		액:0E	이마 액, 수량 액
顎	U+984E	악	악	N	2015	181	N	9	18	18	unicode-total	金		jaw	頁		악:0N	턱 악, 턱뼈 악
顒	U+9852	옹	옹	N	2015	181	N	9	18	18	unicode-total	金		solemn, large, grand, majestic	頁		옹:1N	우러를 옹
顓	U+9853	전	전	N	2015	181	N	9	18	18	unicode-total	金		good, honest; simple; respectful	頁		전:1N	어리석을 전, 오로지 전
顔	U+9854	안	안	Y		181	N	9	18	18	unicode-total	金		face, facial appearance	頁		안:0E	顏과 同字, 얼굴 안
顕	U+9855	현	현	N	2015	181	N	9	18	18	unicode-total	金		manifest, display; evident, clear	頁		현:N	
願	U+9858	원	원	Y		181	N	10	19	19	unicode-total	水		desire, want; wish; ambition	頁		원:0E	하고자할 원, 바랄 원, 생각할 원, 원할 원
顙	U+9859	상	상	N	2015	181	N	10	19	19	unicode-total	水		the forehead; to kowtow	頁		상:1N	이마 상
顚	U+985A	전	전	N	2015	181	N	10	19	19	unicode-total	水		top, peak, summit; upset	頁		전:0N	이마 전, 엎드러질 전
顜	U+985C	강	강	N	2015	181	N	10	19	19	unicode-total	水			頁		강:N	
類	U+985E	류	류,유	Y		181	N	10	19	19	unicode-total	水		class, group, kind, category	頁	유	류:0E 유:0	무리 류 / 같을 류, 나눌 류, 착할 류, 무리 류
顥	U+9865	호	호	N	2015	181	N	12	21	21	unicode-total	木		luminous; white, hoary	頁		호:0N	클 호, 빛나는 모양 호
顦	U+9866	초	초	N	2015	181	N	12	21	21	unicode-total	木		be worn-out, emaciated, haggard	頁		초:1N	야윌 초
顧	U+9867	고	고	Y		181	N	12	21	21	unicode-total	木		look back; look at; look after	頁		고:0E	돌아볼 고
顫	U+986B	전	전	N	2015	181	N	13	22	22	unicode-total	木		shiver, tremble; trembling	頁		전:0N	사지 떨릴 전, 머리 비뚤이 전
顯	U+986F	현	현	Y		181	N	14	23	23	unicode-total	火		manifest, display; evident, clear	頁		현:0E	나타날 현, 밝을 현, 통달할 현, 높을 현
顰	U+9870	빈	빈	N	2015	181	N	15	24	24	unicode-total	火		frown, knit brows	頁		빈:1N	찡그릴 빈
顱	U+9871	로	로	N	2015	181	N	16	25	25	unicode-total	土		skull	頁	노	로:1N	머리뼈 로
顳	U+9873	섭	섭	N	2015	181	N	18	27	27	unicode-total	金		the temporal bone	頁		섭:1N	귀밑 뼈 섭
顴	U+9874	관	관	N	2015	181	N	18	26	27	kangxi-sum	金		cheek bones	頁		관:1N	광대뼈 관
風	U+98A8	풍	풍	Y		182	N	0	9	9	unicode-total	水		wind; air; manners, atmosphere; Kangxi radical 182	風		풍:0E	바람 풍, 흘레할 풍, 울릴 풍, 풍속 풍, 경치 풍, 위엄 풍, 병풍 풍, 모양 풍
颭	U+98AD	점	점	N	2015	182	N	5	14	14	unicode-total	火		sway in wind	風		점:1N	펄렁거릴 점
颯	U+98AF	삽	삽	N	2015	182	N	5	14	14	unicode-total	火		the sound of the wind; bleak; melancholy	風		삽:0N	바람소리 삽
颱	U+98B1	태	태	N	2015	182	N	5	14	14	unicode-total	火		typhoon	風		태:0N	몹시 부는 바람 태, 태풍 태
颲	U+98B2	렬	렬	N	2015	182	N	6	15	15	unicode-total	土			風	열	렬:1N	사나운 바람 렬
颶	U+98B6	구	구	N	2015	182	N	8	17	17	unicode-total	金		cyclone, typhoon, gale	風		구:1N	사방풍 구
颺	U+98BA	양	양	N	2015	182	N	9	18	18	unicode-total	金		soar, fly, float; scatter	風		양:1N	날릴 양, 높일 양
颼	U+98BC	수	수	N	2015	182	N	10	18	19	kangxi-sum	水		sound of wind; blow chilly	風		수:1N	바람소리 수
颿	U+98BF	범	범	N	2015	182	N	10	19	19	unicode-total	水		sail	風		범:1N	돛 범
飂	U+98C2	료	료	N	2015	182	N	11	20	20	unicode-total	水		wind in high places	風	요	료:1N	높이 부는 바람 료
飄	U+98C4	표	표	N	2015	182	N	11	20	20	unicode-total	水		whirlwind, cyclone; floating	風		표:0N	회오리바람 표, 나부낄 표, 떨어질 표, 회리바람 표
飆	U+98C6	표	표	N	2015	182	N	12	21	21	unicode-total	木		whirlwind, stormy gale	風		표:N	
飇	U+98C7	표	표	N	2015	182	N	12	21	21	unicode-total	木		whirlwind, stormy gale	風		표:0N	회오리바람 표
飉	U+98C9	료	료	N	2015	182	N	12	21	21	unicode-total	木			風	요	료:1N	바람 료
飛	U+98DB	비	비	Y		183	N	0	9	9	unicode-total	水		fly; go quickly; dart; high; Kangxi radical 183	飛		비:0E	날 비
飜	U+98DC	번	번	Y		183	N	12	21	21	unicode-total	木		flip over, upset, capsize	飛		번:0E	뒤칠 번, 날 번
食	U+98DF	식	식	Y		184	N	0	9	9	unicode-total	水		eat; meal; food; Kangxi radical 184	食		식:0E	밥 식, 먹을 식, 씹을 식, 제 식, 헛말할 식 / 밥 먹일 사
飡	U+98E1	손	손	N	2015	184	N	2	11	11	unicode-total	木		meal; eat	食		손:0N	飱과 同字, 삼킬 손
飢	U+98E2	기	기	Y		184	N	2	10	11	kangxi-sum	木		hunger, starving; hungry; a famine	食		기:0E	주릴 기
飦	U+98E6	전	전	N	2015	184	N	3	11	12	kangxi-sum	木		well-boiled congee or gruel; thick, rich	食		전:1N	범벅 전, 된죽 전
飧	U+98E7	손	손	N	2015	184	N	3	12	12	unicode-total	木		evening meal, supper; cooked food	食		손:1N	저녁밥 손, 물에 만 밥 손
飪	U+98EA	임	임	N	2015	184	N	4	12	13	kangxi-sum	火		cooked food; cook until well done	食		임:1N	익힐 임
飫	U+98EB	어	어	N	2015	184	N	4	12	13	kangxi-sum	火		surfeited, satiated; confer	食		어:1N	먹기 싫을 어, 배부를 어
飭	U+98ED	칙	칙	N	2015	184	N	4	12	13	kangxi-sum	火		order; command; give command	食		칙:0N	갖출 칙, 닦을 칙, 부지런할 칙
飮	U+98EE	음	음	Y		184	N	4	13	13	unicode-total	火		drink; swallow; kind of drink	食		음:0E	마실 음
飯	U+98EF	반	반	Y		184	N	4	13	13	unicode-total	火		cooked rice; food; meal	食		반:0E	밥 반
飴	U+98F4	이	이	N	2015	184	N	5	13	14	kangxi-sum	火		sweet-meats; sweet-cakes; syrup	食		이:0N	엿 이, 맛 이
飻	U+98FB	철	철	N	2015	184	N	5	13	14	kangxi-sum	火			食		철:1N	탐할 철
飼	U+98FC	사	사	N	2015	184	N	5	13	14	kangxi-sum	火		raise animals; feed; nourish	食		사:0N	먹일 사
飽	U+98FD	포	포	Y		184	N	5	13	14	kangxi-sum	火		eat heartily; eat one's fill	食		포:0E	배부를 포, 물릴 포, 먹기 싫을 포, 흡족할 포
飾	U+98FE	식	식	Y		184	N	5	13	14	kangxi-sum	火		decorate, ornament, adorn; to deceive	食		식:0E	꾸밀 식, 문채날 식, 분 바를 식
餃	U+9903	교	교	N	2015	184	N	6	14	15	kangxi-sum	土		stuffed dumplings	食		교:0N	경단 교
餉	U+9909	향	향	N	2015	184	N	6	14	15	kangxi-sum	土		rations and pay for soldiers	食		향:0N	먹일 향, 군량 향, 점심 향
養	U+990A	양	양	Y		184	N	6	15	15	unicode-total	土		raise, rear, bring up; support	食		양:0E	기를 양, 다스릴 양, 봉양할 양
餐	U+9910	찬	찬	N	2015	184	N	7	16	16	unicode-total	土		eat, dine; meal; food	食		찬:0N	먹을 찬, 삼킬 찬
餒	U+9912	뇌	뇌	N	2015	184	N	7	15	16	kangxi-sum	土		hungry, starving, famished	食		뇌:1N	굶길 뇌
餓	U+9913	아	아	Y		184	N	7	15	16	kangxi-sum	土		hungry; greedy for; hunger	食		아:0E	주릴 아, 굶을 아
餔	U+9914	포	포	N	2015	184	N	7	15	16	kangxi-sum	土		eat; dinner time; sunset	食		포:1N	저녁 곁두리 포, 먹을 포
餕	U+9915	준	준	N	2015	184	N	7	15	16	kangxi-sum	土		leftovers	食		준:1N	대궁 준
餘	U+9918	여	여	Y		184	N	7	15	16	kangxi-sum	土		surplus, excess, remainder	食		여:0E	남을 여, 나라이름 여
餚	U+991A	효	효	N	2015	184	N	8	16	17	kangxi-sum	金		prepared meat; food	食		효:1N	반찬 효
餞	U+991E	전	전	N	2015	184	N	8	16	17	kangxi-sum	金		farewell party; see off, send off	食		전:0N	전별잔치 전, 보낼 전
餠	U+9920	병	병	N	2015	184	N	8	16	17	kangxi-sum	金		rice-cakes, biscuits	食		병:0N	떡 병, 밀가루떡 병
餦	U+9926	장	장	N	2015	184	N	8	16	17	kangxi-sum	金		candy, pastry	食		장:1N	산자 장
餧	U+9927	위	위	N	2015	184	N	8	16	17	kangxi-sum	金		steamed bread; to feed	食		위:1N	먹일 위
館	U+9928	관	관	Y		184	N	8	16	17	kangxi-sum	金		public building	食		관:0E	객사 관
餪	U+992A	난	난	N	2015	184	N	9	17	18	kangxi-sum	金		feast	食		난:1N	풀보기 잔치 난
餬	U+992C	호	호	N	2015	184	N	9	17	18	kangxi-sum	金		porridge, gruel, congee; paste	食		호:1N	기식할 호
餮	U+992E	철	철	N	2015	184	N	9	18	18	unicode-total	金		a legendary animal; a greedy person	食		철:1N	탐할 철
餰	U+9930	전	전	N	2015	184	N	9	17	18	kangxi-sum	金			食		전:1N	된죽 전
餱	U+9931	후	후	N	2015	184	N	9	17	18	kangxi-sum	金		dry goods, dry provisions	食		후:1N	건량 후
餳	U+9933	당	당	N	2015	184	N	9	17	18	kangxi-sum	金		sugar, syrup; malt sugar; sticky	食		당:1N	엿 당
餹	U+9939	당	당	N	2015	184	N	10	18	19	kangxi-sum	水		sugar; sugared; candy; crystallized sweetmeats	食		당:1N	엿 당
餼	U+993C	희	희	N	2015	184	N	10	18	19	kangxi-sum	水		sacrificial victim; gift; grain	食		희:1N	꾸밀 희
餽	U+993D	궤	궤	N	2015	184	N	10	17	19	kangxi-sum	水		make present of food; gift	食		궤:1N	饋와 同字
饅	U+9945	만	만	N	2015	184	N	11	19	20	kangxi-sum	水		steamed bread; steamed dumplings	食		만:0N	만두 만
饈	U+9948	수	수	N	2015	184	N	11	18	20	kangxi-sum	水		food, meal; eat; offer	食		수:1N	드릴 수, 반찬 수
饉	U+9949	근	근	N	2015	184	N	11	19	20	kangxi-sum	水		time of famine or crop failure	食		근:0N	주릴 근, 푸성귀흉년드는 근
饋	U+994B	궤	궤	N	2015	184	N	12	20	21	kangxi-sum	木		offer food superior; send gift	食		궤:0N	먹일 궤
饌	U+994C	찬	찬	N	2015	184	N	12	20	21	kangxi-sum	木		feed, support, provide for; food; fine meats, delicacies	食		찬:0N	반찬 찬
饍	U+994D	선	선	N	2015	184	N	12	20	21	kangxi-sum	木		meals, provisions, board	食		선:0N	膳과 同字, 반찬 선
饐	U+9950	의	의	N	2015	184	N	12	20	21	kangxi-sum	木		spoiled, rotten, sour	食		의:1N	밥 쉴 의
饑	U+9951	기	기	N	2015	184	N	12	20	21	kangxi-sum	木		starve, be hungry; famine	食		기:0N	주릴 기, 흉년들 기
饒	U+9952	요	요	N	2015	184	N	12	20	21	kangxi-sum	木		bountiful, abundant, plentiful	食		요:0N	용서할 요, 배부를 요
饔	U+9954	옹	옹	N	2015	184	N	13	22	22	unicode-total	木		breakfast; eat prepared food	食		옹:0N	아침밥 옹
饕	U+9955	도	도	N	2015	184	N	13	22	22	unicode-total	木		gluttonous, greedy, covetous	食		도:1N	탐할 도
饗	U+9957	향	향	N	2015	184	N	13	20	22	kangxi-sum	木		host banquet; banquet	食		향:0N	잔치할 향, 흠향할 향
饜	U+995C	염	염	N	2015	184	N	14	23	23	unicode-total	火		be satiated, eat one's full	食		염:1N	싫을 염, 물릴 염
饞	U+995E	참	참	N	2015	184	N	17	25	26	kangxi-sum	土		gluttonous, greedy; lewd, lecherous	食		참:1N	탐할 참
首	U+9996	수	수	Y		185	N	0	9	9	unicode-total	水		head; first; leader, chief; a poem; Kangxi radical 185	首		수:0E	머리 수, 먼저 수, 비롯할 수, 임금 수, 향할 수, 자백할 수
馗	U+9997	규	규	N	2015	185	N	2	11	11	unicode-total	木		cheekbone; path, road; intersection	首		규:1N	아홉거리 규
馘	U+9998	괵	괵	N	2015	185	N	8	17	17	unicode-total	金		cut off left ear; tally dead enemy	首		괵:1N	벨 괵
香	U+9999	향	향	Y		186	N	0	9	9	unicode-total	水		fragrant, sweet-smelling; incense; Kangxi radical 186	香		향:0E	향내 향, 약이름 향, 향기 향
馜	U+999C	니	니	N	2015	186	N	5	14	14	unicode-total	火			香	이	니:N	
馝	U+999D	필	필	N	2015	186	N	5	14	14	unicode-total	火		fragrance	香		필:0N	향내날 필
馟	U+999F	도	도	N	2015	186	N	7	16	16	unicode-total	土		fragrant	香		도:N	
馡	U+99A1	비	비	N	2015	186	N	8	17	17	unicode-total	金		scent	香		비:N	
馣	U+99A3	암	암	N	2015	186	N	8	17	17	unicode-total	金			香		암:1N	향기로울 암
馥	U+99A5	복	복	N	2015	186	N	9	18	18	unicode-total	金		fragrance, scent, aroma	香		복:0N	향기 복
馧	U+99A7	온	온	N	2015	186	N	10	18	19	kangxi-sum	水			香		온:N	
馨	U+99A8	형	형	N	2015	186	N	11	20	20	unicode-total	水		fragrant, aromatic; distant fragrance	香		형:0N	향기 형, 향기로울 형
馪	U+99AA	빈	빈	N	2015	186	N	14	23	23	unicode-total	火			香		빈:N	
馬	U+99AC	마	마	Y		187	N	0	10	10	unicode-total	水		horse; surname; Kangxi radical 187	馬		마:0E	말 마
馭	U+99AD	어	어	N	2015	187	N	2	12	12	unicode-total	木		drive, ride; manage, control	馬		어:0N	말 부릴 어
馮	U+99AE	풍	풍	N	2015	187	N	2	12	12	unicode-total	木		surname; gallop; by dint of	馬		풍:0N	벼슬이름 풍, 성씨 풍, 물귀신이름 풍, 고을이름 풍
馰	U+99B0	적	적	N	2015	187	N	3	13	13	unicode-total	火			馬		적:1N	별배기 적, 소태성 적
馱	U+99B1	타	타	N	2015	187	N	3	13	13	unicode-total	火		carry on back	馬		타:0N	탈 타, 짐 실을 타
馳	U+99B3	치	치	N	2015	187	N	3	13	13	unicode-total	火		go quickly or swiftly; hurry	馬		치:0N	달릴 치, 거동길 치, 전할 치
馴	U+99B4	순	순	N	2015	187	N	3	13	13	unicode-total	火		tame, docile, obedient	馬		순:0N	길들일 순, 착할 순, 길드릴 순
馶	U+99B6	지	지	N	2015	187	N	4	14	14	unicode-total	火			馬		지:N	
馹	U+99B9	일	일	N	2015	187	N	4	14	14	unicode-total	火		post horse, relay horse	馬		일:0N	역말 일, 역마 일
駁	U+99C1	박	박	N	2015	187	N	4	14	14	unicode-total	火		varicolored, variegated; mixed; contradict, argue; suddenly	馬		박:0N	얼룩말 박
駉	U+99C9	경	경	N	2015	187	N	5	15	15	unicode-total	土		big	馬		경:1N	목장 경
駏	U+99CF	거	거	N	2015	187	N	5	14	15	kangxi-sum	土		offspring of a stallion and a she-mule	馬		거:1N	튀기 거, 거공벌레 거
駐	U+99D0	주	주	N	2015	187	N	5	15	15	unicode-total	土		to be stationed at, reside at; to stop	馬		주:0N	머무를 주, 말머무를 주
駑	U+99D1	노	노	N	2015	187	N	5	15	15	unicode-total	土		tired, old horse; old, weak	馬		노:0N	둔할 노, 노둔한 말 노
駒	U+99D2	구	구	N	2015	187	N	5	15	15	unicode-total	土		colt; fleet, swift; sun; surname	馬		구:0N	망아지 구
駕	U+99D5	가	가	N	2015	187	N	5	15	15	unicode-total	土		to drive, sail, fly; a cart, carriage	馬		가:0N	멍에 가
駘	U+99D8	태	태	N	2015	187	N	5	15	15	unicode-total	土		an old, tired horse, a jade; tired, exhausted	馬		태:1N	
駙	U+99D9	부	부	N	2015	187	N	5	15	15	unicode-total	土		extra horse; imperial son-in-law	馬		부:0N	곁마 부, 가까울 부
駛	U+99DB	사	사	N	2015	187	N	5	15	15	unicode-total	土		sail, drive, pilot; fast, quick	馬		사:1N	달릴 사
駜	U+99DC	필	필	N	2015	187	N	5	15	15	unicode-total	土		strong horse	馬		필:1N	살찐 말 필
駝	U+99DD	타	타	N	2015	187	N	5	15	15	unicode-total	土		a camel; humpbacked; to carry on the back	馬		타:0N	약대 타, 곱사등이 타
駞	U+99DE	타	타	N	2015	187	N	5	15	15	unicode-total	土		camel	馬		타:1N	駞와 同字
駟	U+99DF	사	사	N	2015	187	N	5	15	15	unicode-total	土		team of four horses	馬		사:0N	사마 사
駢	U+99E2	변	변	N	2015	187	N	6	16	16	unicode-total	土		team of horses; associate, join	馬		변:1N	騈의 俗字
駨	U+99E8	순	순	N	2015	187	N	6	16	16	unicode-total	土			馬		순:1N	
駪	U+99EA	신	신	N	2015	187	N	6	16	16	unicode-total	土		crowd	馬		신:1N	말 우물거릴 신, 빨리 걸을 신
駭	U+99ED	해	해	N	2015	187	N	6	16	16	unicode-total	土		terrify, frighten, scare; shock	馬		해:0N	놀랄 해, 북 울릴 해
駮	U+99EE	박	박	N	2015	187	N	6	16	16	unicode-total	土		a kind of fierce animal; join; argue; transfer; piebald horse, variegated	馬		박:1N	짐승이름 박
駱	U+99F1	락	낙,락	N	2015	187	N	6	16	16	unicode-total	土		a white horse with black mane; a camel	馬	낙	낙:0 락:0N	낙타 락 / 낙타 낙
駸	U+99F8	침	침	N	2015	187	N	7	17	17	unicode-total	金		galloping; speeding	馬		침:1N	말 몰아 달릴 침
駺	U+99FA	랑,량	랑,량	N	2015	187	N	7	17	17	unicode-total	金			馬	낭,양	랑:N 량:N	
駻	U+99FB	한	한	N	2015	187	N	7	17	17	unicode-total	金		a fierce horse; to rage, run wild	馬		한:1N	사나운 말 한
駽	U+99FD	현	현	N	2015	187	N	7	17	17	unicode-total	金		grey	馬		현:1N	돗총이 현, 철총이 현
駿	U+99FF	준	준	N	2015	187	N	7	17	17	unicode-total	金		excellent horse, noble steed	馬		준:0N	준마 준
騁	U+9A01	빙	빙	N	2015	187	N	7	17	17	unicode-total	金		gallop; hasten, hurry	馬		빙:0N	달리다 빙, 달릴 빙
騂	U+9A02	성	성	N	2015	187	N	7	17	17	unicode-total	金		red, brown, bay; neat, harmonious	馬		성:1N	붉은 소 성, 누른말 성, 활 물쩡물쩡할 성
騃	U+9A03	애	애	N	2015	187	N	7	17	17	unicode-total	金		stupid; foolish	馬		애:1N	어리석을 애, 말달릴 애
騅	U+9A05	추	추	N	2015	187	N	8	18	18	unicode-total	金		piebald horse	馬		추:1N	청부루말 추
騈	U+9A08	병	병	N	2015	187	N	8	18	18	unicode-total	金		team of horses; associate	馬		병:0N	나란히 할 병, 두말이 한멍에 멘 병 / 나란히 할 변
騋	U+9A0B	래	래	N	2015	187	N	8	18	18	unicode-total	金		tall (7 chi) horse	馬	내	래:1N	큰 말 래
騍	U+9A0D	과	과	N	2015	187	N	8	18	18	unicode-total	金		mare	馬		과:1N	암말 과
騎	U+9A0E	기	기	Y		187	N	8	18	18	unicode-total	金		ride horseback; mount; cavalry	馬		기:0E	말탈 기
騏	U+9A0F	기	기	N	2015	187	N	8	18	18	unicode-total	金		piebald horse; excellent horse	馬		기:0N	털총이 기, 천리마 기
騑	U+9A11	비	비	N	2015	187	N	8	18	18	unicode-total	金		horse; run	馬		비:1N	곁마 비
騖	U+9A16	무	무	N	2015	187	N	9	19	19	unicode-total	水		gallop; rush about; pursue, run	馬		무:1N	달릴 무, 질주할 무
騙	U+9A19	편	편	N	2015	187	N	9	19	19	unicode-total	水		swindle, cheat out of, defraud	馬		편:0N	속일 편, 말에 뛰어 오를 편
騛	U+9A1B	비	비	N	2015	187	N	9	19	19	unicode-total	水			馬		비:1N	빠른 말 비
騤	U+9A24	규	규	N	2018	187	N	9	19	19	unicode-total	水		(of a horse) lively; vigorous	馬		규:N	
騫	U+9A2B	건	건	N	2015	187	N	10	20	20	unicode-total	水		raise, hold high; fly, soar	馬		건:0N	말 배 앓을 건, 이지러질 건, 휙 뛰어 나아갈 건, 이지러지는 건
騭	U+9A2D	즐	즐	N	2015	187	N	10	19	20	kangxi-sum	水		stallion; promote	馬		즐:1N	수말 즐
騰	U+9A30	등	등	Y		187	N	10	20	20	unicode-total	水		fly; gallop; run; prance; rise	馬		등:0E	오를 등
騵	U+9A35	원	원	N	2015	187	N	10	20	20	unicode-total	水		bay	馬		원:1N	배 희고 갈기 검은 말 원
騶	U+9A36	추	추	N	2015	187	N	10	20	20	unicode-total	水		mounted escort; groom	馬		추:0N	거덜 추, 마부 추, 짐승이름 추
騷	U+9A37	소	소	Y		187	N	10	19	20	kangxi-sum	水		harass, bother, annoy, disturb, agitate; sad, grieved	馬		소:0E	근심스러울 소, 흔들릴 소, 급할 소, 처량할 소, 소동할 소
騸	U+9A38	선	선	N	2015	187	N	10	20	20	unicode-total	水		geld, castrate	馬		선:1N	불깔 선
騾	U+9A3E	라	라	N	2015	187	N	11	21	21	unicode-total	木		mule	馬	나	라:1N	노새 라
驀	U+9A40	맥	맥	N	2015	187	N	11	20	21	kangxi-sum	木		suddenly, quickly, abruptly	馬		맥:0N	말탈 맥
驁	U+9A41	오	오	N	2015	187	N	11	20	21	kangxi-sum	木		wild horse, mustang; wild	馬		오:1N	준마 오, 깔볼 오
驂	U+9A42	참	참	N	2015	187	N	11	21	21	unicode-total	木		two outside ones in three horse	馬		참:1N	곁마 참
驃	U+9A43	표	표	N	2015	187	N	11	21	21	unicode-total	木		charger, steed; swift, valiant	馬		표:0N	날쌜 표, 누런 말 표
驄	U+9A44	총	총	N	2015	187	N	11	21	21	unicode-total	木		horse with a bluish white color	馬		총:1N	총이말 총
驅	U+9A45	구	구	Y		187	N	11	21	21	unicode-total	木		spur a horse on; expel, drive away	馬		구:0E	몰 구
驊	U+9A4A	화	화	N	2015	187	N	12	20	22	kangxi-sum	木		an excellent horse	馬		화:1N	준마 화
驌	U+9A4C	숙	숙	N	2015	187	N	12	23	23	total-gt-rs-check	火		name of a famous horse	馬		숙:1N	좋은말 숙, 숙상말 숙
驍	U+9A4D	효	효	N	2015	187	N	12	22	22	unicode-total	木		excellent horse; brave, valiant	馬		효:0N	날랠 효
驎	U+9A4E	린	린	N	2015	187	N	12	22	22	unicode-total	木			馬	인	린:1N	워라말 린
驏	U+9A4F	잔	잔	N	2015	187	N	12	22	22	unicode-total	木		unsaddled horse	馬		잔:1N	안장 얹지 않은 말 잔
驒	U+9A52	탄	탄	N	2015	187	N	12	22	22	unicode-total	木		dappled	馬		탄:1N	돈짝무늬총이말 탄
驕	U+9A55	교	교	N	2015	187	N	12	22	22	unicode-total	木		spirited horse; haughty	馬		교:0N	교만할 교
驗	U+9A57	험	험	Y		187	N	13	23	23	unicode-total	火		test, examine, inspect; verify	馬		험:0E	시험할 험, 중험할 험, 보람 험
驘	U+9A58	라	라	N	2015	187	N	13	23	23	unicode-total	火		mule	馬	나	라:1N	옹 솥 라
驚	U+9A5A	경	경	Y		187	N	13	23	23	unicode-total	火		frighten, surprise, startle	馬		경:0E	놀랄 경
驛	U+9A5B	역	역	Y		187	N	13	23	23	unicode-total	火		relay station	馬		역:0E	잇닿을 역, 쌀 뾰족뾰족할 역, 역말집 역
驟	U+9A5F	취	취	N	2015	187	N	14	24	24	unicode-total	火		procedure; gallop; sudden(ly)	馬		취:0N	몰아갈 취, 달릴 취, 별안간 취, 말몰 취
驢	U+9A62	려	려	N	2015	187	N	16	26	26	unicode-total	土		donkey, ass	馬	여	려:0N	나귀 려
驤	U+9A64	양	양	N	2015	187	N	17	27	27	unicode-total	金		gallop about with head uplifted	馬		양:1N	날뛰는 말 양
驥	U+9A65	기	기	N	2015	187	N	17	26	27	kangxi-sum	金		thoroughbred horse; refined	馬		기:0N	천리마 기
驩	U+9A69	환	환	N	2015	187	N	18	27	28	kangxi-sum	金		happy, pleased, glad; joy; to enjoy	馬		환:0N	기뻐할 환, 환말 환
驪	U+9A6A	려	려,여	N	2015	187	N	19	29	29	unicode-total	水		a pure black horse; a pair of horses	馬	여	려:0N 여:0	가라말 려, 검은 말 려 / 가라말 려, 나라이름 려, 산이름 려, 검은 말 여
骨	U+9AA8	골	골	Y		188	N	0	10	10	unicode-total	水		bone; skeleton; frame, framework; Kangxi radical 188	骨		골:0E	뼈 골
骪	U+9AAA	위	위	N	2015	188	N	3	12	13	kangxi-sum	火		crooked bones	骨		위:1N	
骰	U+9AB0	투	투	N	2015	188	N	4	13	14	kangxi-sum	火		die, dice	骨		투:1N	주사위 투
骸	U+9AB8	해	해	N	2015	188	N	6	15	16	kangxi-sum	土		skeleton, body; leg bone	骨		해:0N	뼈 해
骹	U+9AB9	교	교	N	2015	188	N	6	15	16	kangxi-sum	土		(Cant.) a joint	骨		교:1N	
骼	U+9ABC	격	격	N	2015	188	N	6	15	16	kangxi-sum	土		bone; skeleton; corpse	骨		격:1N	마른 뼈 격, 드러난 뼈 격, 짐승의 뼈 격
骿	U+9ABF	변	변	N	2015	188	N	8	15	18	kangxi-sum	金			骨		변:1N	통갈비 변
髀	U+9AC0	비	비	N	2015	188	N	8	17	18	kangxi-sum	金		buttocks; thigh, thigh bone	骨		비:1N	넓적다리 비
髆	U+9AC6	박	박	N	2015	188	N	10	19	20	kangxi-sum	水		shoulder blade	骨		박:1N	어깨쭉지 박
髏	U+9ACF	루	루	N	2015	188	N	11	20	21	kangxi-sum	木		skull; skeleton	骨	누	루:1N	해굴 루
髑	U+9AD1	촉	촉	N	2015	188	N	13	22	23	kangxi-sum	火		skull	骨		촉:1N	해골 촉
髓	U+9AD3	수	수	N	2015	188	N	13	21	23	kangxi-sum	火		bone marrow; essences, substances	骨		수:0N	뼛속 기름 수, 마음속 수, 뼈골 수
體	U+9AD4	체	체	Y		188	N	13	22	23	kangxi-sum	火		body; group, class, body, unit	骨		체:0E	몸 체
髖	U+9AD6	관	관	N	2015	188	N	15	23	25	kangxi-sum	土		hipbone; hip	骨		관:1N	허리뼈 관
髗	U+9AD7	로	로	N	2015	188	N	16	25	26	kangxi-sum	土		the skull; the forehead	骨	노	로:1N	해골 로
高	U+9AD8	고	고	Y		189	N	0	10	10	unicode-total	水		high, tall; lofty, elevated; Kangxi radical 189	高		고:0E	높을 고
髟	U+9ADF	표	표	N	2015	190	N	0	10	10	unicode-total	水		hair; Kangxi radical 190	髟		표:1N	머리털 희뜩희뜩할 표, 깃발 날릴 표, 머리 늘일 표, 머리털이길게드리워진모양 표
髡	U+9AE1	곤	곤	N	2015	190	N	3	13	13	unicode-total	火		to shave the head as a punishment; to prune	髟		곤:1N	머리 깍을 곤
髣	U+9AE3	방	방	N	2015	190	N	4	14	14	unicode-total	火		similar to, like	髟		방:1N	비슷할 방
髥	U+9AE5	염	염	N	2015	190	N	4	14	14	unicode-total	火		beard; mustache	髟		염:0N	구레나룻 염
髦	U+9AE6	모	모	N	2015	190	N	4	14	14	unicode-total	火		flowing hair of young child	髟		모:1N	다팔머리 모
髫	U+9AEB	초	초	N	2015	190	N	5	15	15	unicode-total	土		children's hair style; a youngster	髟		초:1N	다박머리 초
髭	U+9AED	자	자	N	2015	190	N	5	16	16	total-gt-rs-check	土		mustache	髟		자:1N	코밑수염 자
髮	U+9AEE	발	발	Y		190	N	5	15	15	unicode-total	土		hair	髟		발:0E	터럭 발
髰	U+9AF0	체	체	N	2015	190	N	5	15	15	unicode-total	土			髟		체:1N	
髲	U+9AF2	피	피	N	2015	190	N	5	15	15	unicode-total	土		a wig	髟		피:1N	머리쓰개 피, 첩지 피
髴	U+9AF4	불	불	N	2015	190	N	5	15	15	unicode-total	土		disheveled hair; similar to	髟		불:1N	비슷할 불
髹	U+9AF9	휴	휴	N	2015	190	N	6	16	16	unicode-total	土		red lacquer; to lacquer	髟		휴:1N	옻칠할 휴
髺	U+9AFA	괄	괄	N	2015	190	N	6	16	16	unicode-total	土		the hair dishevelled, as in mourning	髟		괄:1N	머리 묶을 괄
髻	U+9AFB	계	계	N	2015	190	N	6	16	16	unicode-total	土		hair rolled up in a bun, topknot	髟		계:1N	상투 계
髽	U+9AFD	좌	좌	N	2015	190	N	7	17	17	unicode-total	金		to dress the hair	髟		좌:1N	북상투 좌
鬅	U+9B05	붕	붕	N	2015	190	N	8	18	18	unicode-total	金		unkempt hair; loose; flowing hair; (Cant.) 鬅鬠, to be slovenly dressed	髟		붕:1N	
鬆	U+9B06	송	송	N	2015	190	N	8	18	18	unicode-total	金		lax, loose; loosen, relax	髟		송:1N	터럭 더부룩할 송
鬊	U+9B0A	순	순	N	2015	190	N	9	19	19	unicode-total	水			髟		순:1N	머리 풀어헤칠 순
鬋	U+9B0B	전	전	N	2015	190	N	9	19	19	unicode-total	水		forelock, bangs	髟		전:1N	수염 깎을 전, 귀밑 털 드릴 전
鬍	U+9B0D	호	호	N	2015	190	N	9	19	19	unicode-total	水		beard; mustache; whiskers	髟		호:1N	수염 호
鬐	U+9B10	기	기	N	2015	190	N	10	20	20	unicode-total	水		horse's mane; fins	髟		기:1N	갈기 기
鬒	U+9B12	진	진	N	2015	190	N	10	20	20	unicode-total	水		black, glossy hair	髟		진:1N	숱 많을 진
鬖	U+9B16	삼	삼	N	2015	190	N	11	21	21	unicode-total	木		wild hair	髟		삼:1N	헝클어질 삼
鬘	U+9B18	만	만	N	2015	190	N	11	21	21	unicode-total	木		beautiful hair	髟		만:1N	머리장식 만
鬙	U+9B19	승	승	N	2015	190	N	12	22	22	unicode-total	木		matted hair	髟		승:1N	터럭 더부룩할 승
鬚	U+9B1A	수	수	N	2015	190	N	12	22	22	unicode-total	木		beard, whiskers; whisker-like	髟		수:0N	턱수염 수, 아랫수염 수
鬟	U+9B1F	환	환	N	2015	190	N	13	23	23	unicode-total	火		dress hair in coiled knot; maid	髟		환:1N	쪽찐 머리 환
鬢	U+9B22	빈	빈	N	2015	190	N	14	24	24	unicode-total	火		hair on the temples	髟		빈:1N	살쩍 빈
鬣	U+9B23	렵	렵	N	2015	190	N	15	25	25	unicode-total	土		horse's mane; fin; human whiskers	髟	엽	렵:1N	갈기 렵
鬧	U+9B27	뇨	뇨,료	N	2015	191	N	5	15	15	unicode-total	土		quarrel; dispute hotly	鬥	요	뇨:N 료:0	시끄러울 뇨 / 시끄러울
鬨	U+9B28	홍	홍	N	2015	191	N	6	16	16	unicode-total	土		boisterous; clamor, noise	鬥		홍:1N	싸울 홍
鬩	U+9B29	혁	혁	N	2015	191	N	8	18	18	unicode-total	金		feud, fight, quarrel	鬥		혁:1N	송사할 혁, 싸울 혁
鬪	U+9B2A	투	투	Y		191	N	10	20	20	unicode-total	水		struggle, fight, compete, contend	鬥		투:0E	싸움 투
鬮	U+9B2E	구	구	N	2015	191	N	17	27	27	unicode-total	金		lots (to be drawn); draw lots	鬥		구:1N	제비뽑을 구
鬯	U+9B2F	창	창	N	2015	192	N	0	10	10	unicode-total	水		sacrificial wine; unhindered; Kangxi radical 192	鬯		창:1N	술
鬱	U+9B31	울	울	N	2015	192	N	19	29	29	unicode-total	水		luxuriant; dense, thick; moody	鬯		울:0N	향기로운 풀 울, 무성할 울
鬲	U+9B32	격	격	N	2015	193	N	0	10	10	unicode-total	水		type of caldron with three hollow legs; name of a state; Kangxi radical 193	鬲		격:1N	오지병 격, 땅이름 격, 다리굽은솥 격
鬺	U+9B3A	상	상	N	2015	193	N	11	21	21	unicode-total	木			鬲		상:1N	삶을 상
鬼	U+9B3C	귀	귀	Y		194	N	0	10	10	unicode-total	水		ghost; spirit of dead; devil; Kangxi radical 194; 23rd lunar mansion, determinative star θ Cancri	鬼		귀:0E	귀신 귀
魁	U+9B41	괴	괴	N	2015	194	N	4	13	14	kangxi-sum	火		chief; leader; best; monstrous	鬼		괴:0N	으뜸 괴, 괴수 괴
魂	U+9B42	혼	혼	Y		194	N	4	14	14	unicode-total	火		soul, spirit	鬼		혼:0E	넋 혼
魃	U+9B43	발	발	N	2015	194	N	5	14	15	kangxi-sum	土		drought demon	鬼		발:0N	가물 귀신 발
魄	U+9B44	백	백	N	2015	194	N	5	15	15	unicode-total	土		vigor; body; dark part of moon	鬼		백:0N	넋 백
魅	U+9B45	매	매	N	2015	194	N	5	14	15	kangxi-sum	土		kind of forest demon, elf	鬼		매:0N	도깨비 매
魈	U+9B48	소	소	N	2015	194	N	7	16	17	kangxi-sum	金		mischievous, one footed spirit that dwells in the mountains	鬼		소:1N	산도깨비 소
魋	U+9B4B	추	추	N	2015	194	N	8	17	18	kangxi-sum	金		bear	鬼		추:1N	북상투 추
魍	U+9B4D	망	망	N	2015	194	N	8	17	18	kangxi-sum	金		demons, mountain spirits	鬼		망:1N	도깨비 망
魎	U+9B4E	량	량	N	2015	194	N	8	17	18	kangxi-sum	金		a kind of monster	鬼	양	량:1N	도깨비 량
魏	U+9B4F	위	위	N	2015	194	N	8	18	18	unicode-total	金		kingdom of Wei; surname	鬼		위:0N	위나라 위, 대궐 위, 우뚝할 위
魑	U+9B51	리	리	N	2015	194	N	11	19	21	kangxi-sum	木		a mountain demon resembling a tiger	鬼	이	리:1N	도깨비 리
魔	U+9B54	마	마	N	2015	194	N	11	20	21	kangxi-sum	木		demon, evil spirits; magic power	鬼		마:0N	마귀 마
魘	U+9B58	염	염	N	2015	194	N	14	23	24	kangxi-sum	火		nightmare, bad dreams	鬼		염:1N	잠꼬대할 염
魚	U+9B5A	어	어	Y		195	N	0	11	11	unicode-total	木	水	fish; surname; Kangxi radical 195	魚		어:0E	물고기 어
魦	U+9B66	사	사	N	2015	195	N	4	15	15	unicode-total	土	水	shark family, including some rays and skates	魚		사:1N	鯊와 同字
魯	U+9B6F	로	노,로	N	2015	195	N	4	15	15	unicode-total	土	水	foolish, stupid, rash; vulgar	魚	노	노:0 로:0N	노둔할 로 / 미련할 노, 노둔할 노
魴	U+9B74	방	방	N	2015	195	N	4	15	15	unicode-total	土	水	bream	魚		방:1N	방어 방
鮀	U+9B80	타	타	N	2015	195	N	5	16	16	unicode-total	土	水	snakefish	魚		타:1N	모래무지 타
鮃	U+9B83	평	평	N	2015	195	N	5	16	16	unicode-total	土	水	a flatfish, flounder	魚		평:1N	가자미 평
鮎	U+9B8E	점	점	N	2015	195	N	5	16	16	unicode-total	土	水	sheatfish, Parasilurus asotus	魚		점:0N	메기 점
鮐	U+9B90	태	태	N	2015	195	N	5	16	16	unicode-total	土	水	blowfish, globefish, tetraodon	魚		태:N	
鮑	U+9B91	포	포	N	2015	195	N	5	16	16	unicode-total	土	水	abalone; dried fish; surname	魚		포:0N	절인 생선 포, 성씨 포
鮒	U+9B92	부	부	N	2015	195	N	5	16	16	unicode-total	土	水	carp, Carassius auratus	魚		부:1N	붕어 부
鮓	U+9B93	자	자	N	2015	195	N	5	16	16	unicode-total	土	水	minced and salted fish; to preserve	魚		자:1N	젓 자
鮟	U+9B9F	안	안	N	2015	195	N	6	17	17	unicode-total	金	水	anglerfish	魚		안:0N	아귀 안, 천징어 안
鮧	U+9BA7	제	제	N	2015	195	N	6	17	17	unicode-total	金	水	the sheatfish	魚		제:1N	복 제 / 창자젓 이
鮨	U+9BA8	지	지	N	2015	195	N	6	17	17	unicode-total	金	水	seasoned rice mixed with fish or vegetables	魚		지:1N	젓갈 지
鮪	U+9BAA	유	유	N	2015	195	N	6	17	17	unicode-total	金	水	kind of sturgeon, tuna	魚		유:1N	상어 유
鮫	U+9BAB	교	교	N	2015	195	N	6	17	17	unicode-total	金	水	shark	魚		교:0N	상어 교
鮭	U+9BAD	해	해	N	2015	195	N	6	17	17	unicode-total	金	水	salmon; Spheroides vermicularis	魚		해:1N	어채 해, 복 해
鮮	U+9BAE	선	선	Y		195	N	6	17	17	unicode-total	金	水	fresh, new, delicious; rare, few	魚		선:0E	고울 선
鮹	U+9BB9	소	소	N	2015	195	N	7	18	18	unicode-total	金	水	an octopus, devilfish	魚		소:1N	문어 소, 낙지 소
鯁	U+9BC1	경	경	N	2015	195	N	7	18	18	unicode-total	金	水	fish bones; honest, upright	魚		경:1N	생선뼈 경
鯆	U+9BC6	포	포	N	2015	195	N	7	18	18	unicode-total	金	水	the skate or ray	魚		포:1N	매가리 포, 물아지 포
鯉	U+9BC9	리	리	N	2015	195	N	7	18	18	unicode-total	金	水	carp	魚	이	리:0N	잉어 리
鯊	U+9BCA	사	사	N	2015	195	N	7	18	18	unicode-total	金	水	shark	魚		사:1N	문절망둑 사
鯔	U+9BD4	치	치	N	2015	195	N	8	19	19	unicode-total	水	水	mullet	魚		치:1N	숭어 치
鯖	U+9BD6	청	청	N	2015	195	N	8	19	19	unicode-total	水	水	mackerel	魚		청:0N	청어 청
鯛	U+9BDB	조	조	N	2015	195	N	8	19	19	unicode-total	水	水	Pagrosomus major, porgy	魚		조:1N	도미 조
鯢	U+9BE2	예	예	N	2015	195	N	8	19	19	unicode-total	水	水	Cryptobranchus japonicus; a salamander	魚		예:1N	암고래 예
鯤	U+9BE4	곤	곤	N	2015	195	N	8	19	19	unicode-total	水	水	spawn; roe; fry	魚		곤:0N	준마 이름 곤, 물고기 알 곤
鯨	U+9BE8	경	경	N	2015	195	N	8	19	19	unicode-total	水	水	whale	魚		경:0N	고래 경
鯷	U+9BF7	제	제	N	2015	195	N	9	20	20	unicode-total	水	水	anchovy	魚		제:1N	메기 제
鰈	U+9C08	접	접	N	2015	195	N	9	20	20	unicode-total	水	水	flatfish; flounder; sole	魚		접:1N	가자미 접, 넙치 접
鰊	U+9C0A	련	련	N	2015	195	N	9	20	20	unicode-total	水	水	a herring	魚	연	련:1N	고기 이름 련
鰌	U+9C0C	추	추	N	2015	195	N	9	20	20	unicode-total	水	水	loach; squid; lizard; eel	魚		추:1N	미꾸라지 추, 빙자할 추, 해추 추
鰍	U+9C0D	추	추	N	2015	195	N	9	20	20	unicode-total	水	水	loach	魚		추:0N	미꾸라지 추
鰐	U+9C10	악	악	N	2015	195	N	9	20	20	unicode-total	水	水	alligator	魚		악:0N	악어 악
鰒	U+9C12	복	복	N	2015	195	N	9	20	20	unicode-total	水	水	abalone	魚		복:0N	전복 복
鰓	U+9C13	새	새	N	2015	195	N	9	20	20	unicode-total	水	水	fish gills	魚		새:1N	뿔심 새
鰕	U+9C15	하	하	N	2015	195	N	9	20	20	unicode-total	水	水	shrimp, prawn	魚		하:0N	새우 하, 암고래 하
鰤	U+9C24	사	사	N	2015	195	N	10	21	21	unicode-total	木	水	a yellowtail (fish)	魚		사:1N	새우 사
鰥	U+9C25	환	환	N	2015	195	N	10	21	21	unicode-total	木	水	huge fish; widower; bachelor	魚		환:0N	환어 환, 홀아비 환
鰭	U+9C2D	기	기	N	2015	195	N	10	21	21	unicode-total	木	水	fin	魚		기:1N	지느러미 기
鰱	U+9C31	련	련	N	2015	195	N	11	21	22	kangxi-sum	木	水	silver carp, Hypophthalmichthys	魚	연	련:1N	연어 련
鰲	U+9C32	오	오	N	2015	195	N	11	21	22	kangxi-sum	木	水	huge sea turtle	魚		오:0N	큰 자라 오
鰵	U+9C35	민	민	N	2015	195	N	11	22	22	unicode-total	木	水	codfish	魚		민:1N	대구 민
鰹	U+9C39	견	견	N	2015	195	N	11	22	22	unicode-total	木	水	skipjack, bonito	魚		견:1N	큰 가물치 견, 물치 견, 강고도리 견
鰻	U+9C3B	만	만	N	2015	195	N	11	22	22	unicode-total	木	水	eel	魚		만:0N	뱀장어 만
鰾	U+9C3E	표	표	N	2015	195	N	11	22	22	unicode-total	木	水	swimming bladder of fish	魚		표:1N	부레 표
鱇	U+9C47	강	강	N	2015	195	N	11	22	22	unicode-total	木	水	anglerfish	魚		강:0N	천징어 강
鱉	U+9C49	별	별	N	2015	195	N	12	22	23	kangxi-sum	火	水	turtle	魚		별:0N	鼈과 同字, 자라 별
鱏	U+9C4F	심	심	N	2015	195	N	12	23	23	unicode-total	火	水	a ray, skate	魚		심:1N	칼철갑상어 심
鱒	U+9C52	준	준	N	2015	195	N	12	23	23	unicode-total	火	水	barbel	魚		준:1N	송어 준
鱓	U+9C53	선	선	N	2015	195	N	12	23	23	unicode-total	火	水	eel	魚		선:1N	두렁허리 선
鱗	U+9C57	린	린,인	N	2015	195	N	12	23	23	unicode-total	火	水	fish scales	魚	인	린:0N 인:0	비늘 린 / 비늘 인
鱠	U+9C60	회	회	N	2015	195	N	13	24	24	unicode-total	火	水	minced fish; hash	魚		회:1N	회 회
鱣	U+9C63	전	전	N	2015	195	N	13	24	24	unicode-total	火	水	sturgeon	魚		전:1N	전어 전
鱧	U+9C67	례	례	N	2015	195	N	13	24	24	unicode-total	火	水	snakehead	魚	예	례:1N	가물치 례
鱸	U+9C78	로	로	N	2015	195	N	16	27	27	unicode-total	金	水	sea perch, sea bass	魚	노	로:1N	농어 로
鱻	U+9C7B	선	선	N	2015	195	N	22	33	33	unicode-total	火	水	fresh, new, delicious; rare, few	魚		선:1N	생선 선
鳥	U+9CE5	조	조	Y		196	N	0	11	11	unicode-total	木		bird; Kangxi radical 196	鳥		조:0E	새 조
鳦	U+9CE6	을	을	N	2015	196	N	1	12	12	unicode-total	木		swallow	鳥		을:1N	제비 을
鳧	U+9CE7	부	부	N	2015	196	N	2	13	13	unicode-total	火		wild duck, teal; swim	鳥		부:0N	오리 부, 물오리 부
鳩	U+9CE9	구	구	N	2015	196	N	2	13	13	unicode-total	火		pigeon, dove; collect, assemble	鳥		구:0N	비둘기 구
鳳	U+9CF3	봉	봉	Y		196	N	3	14	14	unicode-total	火		male phoenix; symbol of joy	鳥		봉:0E	봉새 봉
鳴	U+9CF4	명	명	Y		196	N	3	14	14	unicode-total	火		cry of bird or animal; make sound	鳥		명:0E	울 명, 새소리 명
鳶	U+9CF6	연	연	N	2015	196	N	3	14	14	unicode-total	火		kite; Milvus species (various)	鳥		연:0N	솔개 연
鴃	U+9D03	격	격	N	2015	196	N	4	15	15	unicode-total	土		shrike; butcherbird	鳥		격:1N	왜가리 격, 때까치 격
鴆	U+9D06	짐	짐	N	2015	196	N	4	15	15	unicode-total	土		a bird resembling the secretary falcon	鳥		짐:1N	짐새 짐
鴇	U+9D07	보	보	N	2015	196	N	4	15	15	unicode-total	土		bustard; procuress; Otis species (various)	鳥		보:1N	능에 보
鴈	U+9D08	안	안	N	2015	196	N	4	15	15	unicode-total	土		wild goose	鳥		안:1N	기러기 안
鴉	U+9D09	아	아	N	2015	196	N	4	15	15	unicode-total	土		crow, raven; Corvus species (various)	鳥		아:0N	갈가마귀 아, 검을 아
鴌	U+9D0C	봉	봉	N	2015	196	N	4	15	15	unicode-total	土			鳥		봉:1N	鳳의 古字
鴒	U+9D12	령	령	N	2015	196	N	5	16	16	unicode-total	土		species of lark; wagtail; Motacilla species (various)	鳥	영	령:1N	할미새 령
鴕	U+9D15	타	타	N	2015	196	N	5	16	16	unicode-total	土		ostrich; Struthio camelus	鳥		타:1N	타조 타
鴘	U+9D18	변	변	N	2015	196	N	5	16	16	unicode-total	土			鳥		변:1N	매 변
鴙	U+9D19	치	치	N	2015	196	N	5	16	16	unicode-total	土			鳥		치:1N	雉와 同字
鴛	U+9D1B	원	원	N	2015	196	N	5	16	16	unicode-total	土		male mandarin duck (Aix galericulata)	鳥		원:0N	숫원앙새 원, 수원앙새 원
鴟	U+9D1F	치	치	N	2015	196	N	5	16	16	unicode-total	土		kite, horned owl; wine cups	鳥		치:1N	솔개 치, 수알치 치, 부엉이 치, 말똥구리 치, 토란 치, 마음대로 날릴 치, 올빼미 치
鴣	U+9D23	고	고	N	2015	196	N	5	16	16	unicode-total	土		Arborophila species (various)	鳥		고:1N	자고 고
鴥	U+9D25	율	율	N	2015	196	N	5	16	16	unicode-total	土		swoop	鳥		율:N	
鴦	U+9D26	앙	앙	N	2015	196	N	5	16	16	unicode-total	土		female mandarin duck (Aix galericulata)	鳥		앙:0N	암원앙새 앙
鴨	U+9D28	압	압	N	2015	196	N	5	16	16	unicode-total	土		duck; Anas species (various)	鳥		압:0N	오리 압, 집오리 압
鴯	U+9D2F	이	이	N	2015	196	N	6	17	17	unicode-total	金		swallow	鳥		이:N	
鴰	U+9D30	괄	괄	N	2015	196	N	6	17	17	unicode-total	金		the crow	鳥		괄:1N	재두루미 괄
鴶	U+9D36	알	알	N	2015	196	N	6	17	17	unicode-total	金			鳥		알:1N	뻐꾸기 알
鴻	U+9D3B	홍	홍	Y		196	N	6	17	17	unicode-total	金		species of wild swan; vast	鳥		홍:0E	큰 기러기 홍
鵁	U+9D41	교	교	N	2015	196	N	6	17	17	unicode-total	金		the fishing cormorant	鳥		교:1N	
鵂	U+9D42	휴	휴	N	2015	196	N	6	17	17	unicode-total	金		owl; bird of ill omen	鳥		휴:1N	수리부엉이 휴
鵄	U+9D44	치	치	N	2015	196	N	6	17	17	unicode-total	金		(variant of 鴟) kite, horned owl; wine cups	鳥		치:1N	솔개 치
鵑	U+9D51	견	견	N	2015	196	N	7	18	18	unicode-total	金		cuckoo	鳥		견:0N	접동새 견, 두견새 견, 뻐꾹새 견
鵓	U+9D53	발	발	N	2015	196	N	7	18	18	unicode-total	金		wood pigeon	鳥		발:1N	집비둘기 발
鵔	U+9D54	준	준	N	2015	196	N	7	18	18	unicode-total	金			鳥		준:1N	금계 준
鵝	U+9D5D	아	아	N	2015	196	N	7	18	18	unicode-total	金		goose	鳥		아:0N	거위 아
鵞	U+9D5E	아	아	N	2015	196	N	7	18	18	unicode-total	金		goose	鳥		아:1N	鵝와 同字
鵠	U+9D60	곡	곡	N	2015	196	N	7	18	18	unicode-total	金		target	鳥		곡:0N	고니 곡, 과녁 곡 / 고니 혹
鵡	U+9D61	무	무	N	2015	196	N	7	19	19	total-gt-rs-check	水		species of parrot	鳥		무:0N	앵무새 무
鵦	U+9D66	록	록	N	2015	196	N	8	19	19	unicode-total	水			鳥	녹	록:N	
鵩	U+9D69	복	복	N	2015	196	N	8	19	19	unicode-total	水		owl-like bird; buzzard; Otus scops	鳥		복:1N	새 이름 복
鵬	U+9D6C	붕	붕	N	2015	196	N	8	19	19	unicode-total	水		fabulous bird of enormous size	鳥		붕:0N	대붕새 붕
鵯	U+9D6F	필	필	N	2015	196	N	8	19	19	unicode-total	水		Pycnonotus species (various)	鳥		필:1N	갈가마귀 필
鵰	U+9D70	조	조	N	2015	196	N	8	19	19	unicode-total	水		eagle, vulture; Aquila species (various)	鳥		조:1N	수리 조
鵲	U+9D72	작	작	N	2015	196	N	8	19	19	unicode-total	水		magpie; Pica species (various)	鳥		작:0N	까치 작
鵷	U+9D77	원	원	N	2015	196	N	8	19	19	unicode-total	水		a legendary bird similar to the phoenix, firebird	鳥		원:1N	원추새 원
鵻	U+9D7B	추	추	N	2015	196	N	8	19	19	unicode-total	水		pigeon; turtle-dove; a hawk	鳥		추:1N	아롱비둘기 추
鵾	U+9D7E	곤	곤	N	2015	196	N	8	19	19	unicode-total	水		a bird resembling the crane	鳥		곤:1N	댓닭 곤
鶄	U+9D84	청	청	N	2015	196	N	8	19	19	unicode-total	水		a kind of water bird	鳥		청:1N	교청새 청
鶉	U+9D89	순	순	N	2015	196	N	8	19	19	unicode-total	水		quail; Turnix species (various)	鳥		순:1N	메추라기 순, 옷 해질 순
鶊	U+9D8A	경	경	N	2015	196	N	8	19	19	unicode-total	水		oriole	鳥		경:N	
鶖	U+9D96	추	추	N	2015	196	N	9	20	20	unicode-total	水		large waterfowl with naked head; Garrulus glandarius	鳥		추:1N	두루미 추
鶚	U+9D9A	악	악	N	2015	196	N	9	20	20	unicode-total	水		osprey, fishhawk; Pandion haliaetus	鳥		악:1N	물수리 악
鶠	U+9DA0	언	언	N	2018	196	N	9	20	20	unicode-total	水			鳥		언:N	
鶤	U+9DA4	곤	곤	N	2015	196	N	9	20	20	unicode-total	水			鳥		곤:1N	댓닭 곤
鶩	U+9DA9	목	목	N	2015	196	N	9	20	20	unicode-total	水		duck	鳥		목:0N	집오리 목
鶬	U+9DAC	창	창	N	2015	196	N	10	21	21	unicode-total	木		oriole	鳥		창:1N	
鶯	U+9DAF	앵	앵	N	2015	196	N	10	21	21	unicode-total	木		oriole, green finch; Sylvia species (various)	鳥		앵:0N	꾀꼬리 앵
鶴	U+9DB4	학	학	Y		196	N	10	21	21	unicode-total	木		crane; Grus species (various)	鳥		학:0E	두루미 학
鶵	U+9DB5	추	추	N	2015	196	N	10	21	21	unicode-total	木		chick, fledging; infant, toddler	鳥		추:1N	
鶸	U+9DB8	약	약	N	2015	196	N	10	21	21	unicode-total	木		light yellowish-green	鳥		약:1N	댓닭 약, 투계 약
鶹	U+9DB9	류	류	N	2015	196	N	10	21	21	unicode-total	木		the owl	鳥	유	류:1N	올빼미 류
鶻	U+9DBB	골	골	N	2015	196	N	10	20	21	kangxi-sum	木		a kind of pigeon; falcon	鳥		골:1N	송골매 골
鶿	U+9DBF	자	자	N	2015	196	N	10	20	21	kangxi-sum	木		cormorant	鳥		자:1N	가마우지 자
鷁	U+9DC1	익	익	N	2015	196	N	10	21	21	unicode-total	木		fishhawk; bow or prow	鳥		익:1N	익새 익, 돛대 끝 바람개비 익
鷂	U+9DC2	요	요	N	2015	196	N	10	21	21	unicode-total	木		sparrow hawk; Circus species (various)	鳥		요:1N	장끼 요, 새매 요
鷄	U+9DC4	계	계	Y		196	N	10	21	21	unicode-total	木		chicken	鳥		계:0E	닭 계
鷇	U+9DC7	구	구	N	2015	196	N	10	21	21	unicode-total	木		chicks, fledglings	鳥		구:1N	새 새끼 구
鷓	U+9DD3	자	자	N	2015	196	N	11	22	22	unicode-total	木		partridge	鳥		자:1N	자고 자
鷖	U+9DD6	예	예	N	2015	196	N	11	22	22	unicode-total	木		seagull	鳥		예:1N	갈매기 예, 봉황 예
鷗	U+9DD7	구	구	N	2015	196	N	11	22	22	unicode-total	木		seagull, tern; Larus species (various)	鳥		구:0N	갈매기 구
鷙	U+9DD9	지	지	N	2015	196	N	11	22	22	unicode-total	木		hawk, vulture	鳥		지:1N	맹금 지
鷦	U+9DE6	초	초	N	2015	196	N	12	23	23	unicode-total	火		wren	鳥		초:1N	뱁새 초
鷩	U+9DE9	별	별	N	2015	196	N	12	22	23	kangxi-sum	火		pheasant	鳥		별:1N	금계 별
鷫	U+9DEB	숙	숙	N	2015	196	N	12	24	24	total-gt-rs-check	火		turquoise kingfisher	鳥		숙:1N	숙상새 숙
鷱	U+9DF1	고	고	N	2015	196	N	12	23	23	unicode-total	火			鳥		고:1N	새이름 고
鷲	U+9DF2	취	취	N	2015	196	N	12	23	23	unicode-total	火		condor, vulture	鳥		취:0N	독수리 취
鷳	U+9DF3	한	한	N	2015	196	N	12	23	23	unicode-total	火		the silver pheasant, Lophura nycthemera	鳥		한:1N	소리개 한
鷸	U+9DF8	휼	휼	N	2015	196	N	12	23	23	unicode-total	火		snipe, kingfisher; Tringa species (various)	鳥		휼:0N	황새
鷹	U+9DF9	응	응	N	2015	196	N	13	24	24	unicode-total|kangxi-pos:196.12	火		eagle, falcon; Accipiter species (various)	鳥		응:0N	매 응
鷺	U+9DFA	로	노,로	N	2015	196	N	12	24	24	total-gt-rs-check	火		heron, egret; Ardea species (various)	鳥	노	노:0 로:0N	해오라기 로 / 해오라기 노
鷽	U+9DFD	학	학	N	2015	196	N	13	24	24	unicode-total	火		oriental bullfinch, weaver bird; Pyrrhula species (various)	鳥		학:1N	메까치 학
鷿	U+9DFF	벽	벽	N	2015	196	N	13	24	24	unicode-total	火		little grebe, dabchick (Tachybaptus ruficollis)	鳥		벽:1N	농병아리 벽
鸇	U+9E07	전	전	N	2015	196	N	13	24	24	unicode-total	火		hawk; Butastur indicus	鳥		전:1N	구진매 전
鸏	U+9E0F	몽	몽	N	2015	196	N	14	24	25	kangxi-sum	土			鳥		몽:1N	비둘기 몽
鸕	U+9E15	로	로	N	2015	196	N	16	27	27	unicode-total	金		cormorant	鳥	노	로:1N	가마우지 로
鸚	U+9E1A	앵	앵	N	2015	196	N	17	28	28	unicode-total	金		parrot	鳥		앵:0N	앵무새 앵
鸛	U+9E1B	관	관	N	2015	196	N	18	28	29	kangxi-sum	水		crane, Grus japonensis; stork; Ciconia species (various)	鳥		관:1N	황새 관
鸜	U+9E1C	구	구	N	2015	196	N	18	29	29	unicode-total	水		a species of mynah	鳥		구:1N	구관조 구
鸞	U+9E1E	란	난,란	N	2015	196	N	19	30	30	unicode-total	水		mythical bird related to the phoenix	鳥	난	난:0 란:0N	난새 란 / 난새 난
鹵	U+9E75	로	로	N	2015	197	N	0	11	11	unicode-total	木		saline soil; natural salt, rock salt; Kangxi radical 197	鹵	노	로:0N	소금 로, 개펄 로
鹷	U+9E77	령	령	N	2015	197	N	5	16	16	unicode-total	土			鹵	영	령:1N	나이 령
鹹	U+9E79	함	함	N	2015	197	N	9	20	20	unicode-total	水		salty, briny; salted; pickled	鹵		함:0N	짤 함
鹺	U+9E7A	차	차	N	2015	197	N	10	20	21	kangxi-sum	木		salty; salt	鹵		차:N	
鹻	U+9E7B	감	감	N	2015	197	N	10	21	21	unicode-total	木		impure sodium carbonate	鹵		감:1N	
鹽	U+9E7D	염	염	Y		197	N	13	24	24	unicode-total	火		salt	鹵		염:0E	소금 염, 절일 염, 후렴 염
鹿	U+9E7F	록	녹,록	Y		198	N	0	11	11	unicode-total	木		deer; surname; Kangxi radical 198	鹿	녹	녹:0 록:0E	사슴 록 / 사슴 녹
麀	U+9E80	우	우	N	2015	198	N	2	13	13	unicode-total	火		female deer, doe	鹿		우:1N	암사슴 우
麂	U+9E82	궤	궤	N	2015	198	N	2	13	13	unicode-total	火		muntjac, barking deer; Muntiacus species (various)	鹿		궤:1N	큰고라니 궤
麋	U+9E8B	미	미	N	2015	198	N	6	17	17	unicode-total	金		Père David's deer, milu, elaphure (Elaphurus davidianus); surname	鹿		미:1N	큰사슴 미, 부서질 미
麌	U+9E8C	우	우	N	2015	198	N	7	18	18	unicode-total	金		stag; herd	鹿		우:1N	숫사슴 우
麏	U+9E8F	균	균	N	2015	198	N	7	18	18	unicode-total	金			鹿		균:1N	고라니 균
麑	U+9E91	예	예	N	2015	198	N	8	19	19	unicode-total	水		fawn, young deer	鹿		예:1N	아기사슴 예, 사자 예
麒	U+9E92	기	기	N	2015	198	N	8	19	19	unicode-total	水		legendary auspicious animal	鹿		기:0N	기린 기
麓	U+9E93	록	록	N	2015	198	N	8	19	19	unicode-total	水		foothill	鹿	녹	록:0N	신기슭 록, 산기슭 록
麗	U+9E97	려	려,여	Y		198	N	8	19	19	unicode-total	水		beautiful, magnificent, elegant	鹿	여	려:0E 여:0	고울 려 / 고울 려, 빛날 려, 베풀 려
麘	U+9E98	향	향	N	2015	198	N	9	20	20	unicode-total	水		scent	鹿		향:N	
麝	U+9E9D	사	사	N	2015	198	N	10	21	21	unicode-total	木		musk deer	鹿		사:0N	사향노루 사
麞	U+9E9E	장	장	N	2015	198	N	11	22	22	unicode-total	木		water deer (Hydropotes inermis)	鹿		장:1N	노루 장
麟	U+9E9F	린	린,인	N	2015	198	N	12	23	23	unicode-total	火		female of Chinese unicorn	鹿	인	린:0N 인:0	기린 린 / 기린 인
麤	U+9EA4	추	추	N	2015	198	N	22	33	33	unicode-total	火		rough, coarse	鹿		추:1N	성길 추, 클 추, 거칠 추
麥	U+9EA5	맥	맥	Y		199	N	0	11	11	unicode-total	木	木	wheat, barley, oats; Kangxi radical 199	麥		맥:0E	보리 맥
麩	U+9EA9	부	부	N	2015	199	N	4	15	15	unicode-total	土	木	bran	麥		부:1N	밀기울 부
麪	U+9EAA	면	면	N	2015	199	N	4	15	15	unicode-total	土	木	flour, noodles, dough	麥		면:1N	밀가루 면
麯	U+9EAF	국	국	N	2015	199	N	6	17	17	unicode-total	金	木	yeast, leaven	麥		국:1N	麴과 同字
麴	U+9EB4	국	국	N	2015	199	N	8	19	19	unicode-total	水	木	yeast, leaven; surname	麥		국:0N	누룩 국
麵	U+9EB5	면	면	N	2015	199	N	9	20	20	unicode-total	水	木	flour, dough, noodles	麥		면:0N	麪과 同字, 밀가루 면
麻	U+9EBB	마	마	Y		200	N	0	11	11	unicode-total	木	木	hemp, jute, flax; sesame; Kangxi radical 200	麻		마:0E	삼 마
麽	U+9EBD	마	마	N	2015	200	N	3	14	14	unicode-total	火	木	interrogative final particle; insignificant, small, tiny	麻		마:1N	잘 마
麾	U+9EBE	휘	휘	N	2015	200	N	4	15	15	unicode-total	土	木	a pennant, flag, banner; to signal to	麻		휘:0N	대장기 휘
黃	U+9EC3	황	황	Y		201	N	0	12	12	unicode-total	木		yellow; surname; Kangxi radical 201	黃		황:0E	누를 황
黅	U+9EC5	금	금	N	2015	201	N	4	15	16	kangxi-sum	土			黃		금:1N	누른 빛 금
黌	U+9ECC	횡	횡	N	2015	201	N	13	24	25	kangxi-sum	土		school	黃		횡:1N	글방 횡
黍	U+9ECD	서	서	N	2015	202	N	0	12	12	unicode-total	木	木	glutinous millet; Kangxi radical 202	黍		서:0N	기장 서
黎	U+9ECE	려	려,여	N	2015	202	N	3	15	15	unicode-total	土	木	surname; numerous, many; black	黍	여	려:0N 여:0	검을 려, 무리 려 / 무리 려, 동틀 려
黏	U+9ECF	점	점	N	2015	202	N	5	17	17	unicode-total	金	木	stick to; glutinous, sticky; glue	黍		점:1N	붙일 점, 풀 점
黐	U+9ED0	리	리	N	2015	202	N	10	22	22	unicode-total	木	木	to stick; sticky	黍	이	리:1N	끈끈이 리
黑	U+9ED1	흑	흑	Y		203	N	0	12	12	unicode-total	木		black; dark; evil, sinister; Kangxi radical 203	黑		흑:0E	검을 흑
黔	U+9ED4	검	검	N	2015	203	N	4	16	16	unicode-total	土		black; Guizhou	黑		검:0N	검을 검
默	U+9ED8	묵	묵	Y		203	N	4	16	16	unicode-total	土		silent; quiet, still; dark	黑		묵:0E	묵묵할 묵, 고요할 묵, 잠잠할 묵
黚	U+9EDA	겸	겸	N	2015	203	N	5	17	17	unicode-total	金			黑		겸:1N	얕은 금향빛 겸
黛	U+9EDB	대	대	N	2015	203	N	5	17	17	unicode-total	金		blacken eyebrows; black	黑		대:0N	눈썹 그릴 대, 새파랄 대
黜	U+9EDC	출	출	N	2015	203	N	5	17	17	unicode-total	金		dismiss; demote, downgrade	黑		출:0N	내칠 출, 물리칠 출
黝	U+9EDD	유	유	N	2015	203	N	5	17	17	unicode-total	金		black	黑		유:1N	검푸를 유, 검은칠할 유
點	U+9EDE	점	점	Y		203	N	5	17	17	unicode-total	金		dot, speck, spot; point, degree	黑		점:0E	더러울 점, 뭉갤 점, 검은 점 점
黠	U+9EE0	힐	힐	N	2015	203	N	6	18	18	unicode-total	金		sly, cunning, shrewd; artful	黑		힐:1N	약을 힐
黥	U+9EE5	경	경	N	2015	203	N	8	20	20	unicode-total	水		to tattoo; to brand the face of criminals	黑		경:1N	묵형할 경
黨	U+9EE8	당	당	Y		203	N	8	20	20	unicode-total	水		political party, gang, faction	黑		당:0E	무리 당
黮	U+9EEE	담	담	N	2015	203	N	9	21	21	unicode-total	木		black, dark; unclear; private	黑		담:1N	검을 담
黯	U+9EEF	암	암	N	2015	203	N	9	21	21	unicode-total	木		dark, black; sullen, dreary	黑		암:1N	어두울 암
黲	U+9EF2	참	참	N	2015	203	N	11	23	23	unicode-total	火		grey black	黑		참:1N	검푸르죽죽할 참
黴	U+9EF4	미	미	N	2015	203	N	11	23	23	unicode-total	火		mold, mildew; bacteria, fungi	黑		미:0N	곰팡이 미, 검을 미, 썪을 미, 기미낄 미
黵	U+9EF5	담	담	N	2015	203	N	13	25	25	unicode-total	土		to soil, stain	黑		담:1N	문신할 담
黶	U+9EF6	염	염	N	2015	203	N	14	26	26	unicode-total	土		mole, scar, blemish	黑		염:1N	검은 사마귀 염
黷	U+9EF7	독	독	N	2015	203	N	15	27	27	unicode-total	金		to dishonor, defile, corrupt; soiled	黑		독:1N	더러울 독
黺	U+9EFA	분	분	N	2015	204	N	4	16	16	unicode-total	土			黹		분:1N	옷에 오색 수 놓을 분
黻	U+9EFB	불	불	N	2015	204	N	5	17	17	unicode-total	金		special pattern of embroidery	黹		불:1N	수 불
黼	U+9EFC	보	보	N	2015	204	N	7	19	19	unicode-total	水		embroidered official or sacrificial robe	黹		보:1N	수 보
黽	U+9EFD	민	민	N	2015	205	N	0	13	13	unicode-total	火		to strive; to endeavor; Kangxi radical 205	黽		민:1N	힘쓸 민, 맹꽁이 민
黿	U+9EFF	원	원	N	2015	205	N	4	17	17	unicode-total	金		large turtle, sea turtle	黽		원:1N	큰 자라 원
鼀	U+9F00	축	축	N	2015	205	N	5	18	18	unicode-total	金			黽		축:1N	두꺼비 축
鼂	U+9F02	조	조	N	2015	205	N	5	18	18	unicode-total	金		a kind of sea turtle; surname	黽		조:1N	朝와 同字
鼄	U+9F04	주	주	N	2015	205	N	6	19	19	unicode-total	水		the spider	黽		주:1N	거미 주
鼇	U+9F07	오	오	N	2015	205	N	10	23	23	unicode-total	火		huge sea turtle	黽		오:0N	매우 큰 자라 오
鼈	U+9F08	별	별	N	2015	205	N	12	24	25	kangxi-sum	土		a fresh-water turtle, Trionyx sinensis	黽		별:0N	자라 별
鼉	U+9F09	타	타	N	2015	205	N	12	25	25	unicode-total	土		Chinese alligator (Alligator sinensis)	黽		타:1N	자라 타
鼊	U+9F0A	벽	벽	N	2015	205	N	13	26	26	unicode-total|kangxi-pos:205.12	土			黽		벽:1N	거북 벽
鼎	U+9F0E	정	정	N	2015	206	N	0	13	13	unicode-total	火		large, three-legged bronze caldron; Kangxi radical 206; hexagram ䷱	鼎		정:0N	솥 정, 바야흐로 정, 새로울 정
鼐	U+9F10	내	내	N	2015	206	N	2	14	15	kangxi-sum	土		incense tripod	鼎		내:1N	가마솥 내
鼓	U+9F13	고	고	Y		207	N	0	13	13	unicode-total	火		drum; beat, top, strike; Kangxi radical 207	鼓		고:0E	북 고
鼔	U+9F14	고	고	N	2015	207	N	0	13	13	unicode-total	火		a drum; to drum, from whence comes: to rouse; to swell; to bulge	鼓		고:N	
鼗	U+9F17	도	도	N	2015	207	N	6	19	19	unicode-total	水		small revolving drum with knobs	鼓		도:1N	땡땡이 도
鼙	U+9F19	비	비	N	2015	207	N	8	21	21	unicode-total	木		drum carried on horseback	鼓		비:1N	마상북 비
鼠	U+9F20	서	서	N	2015	208	N	0	13	13	unicode-total	火		rat, mouse; Kangxi radical 208	鼠		서:0N	쥐 서
鼢	U+9F22	분	분	N	2015	208	N	4	17	17	unicode-total	金		a variety of mole	鼠		분:1N	두더지 분
鼫	U+9F2B	석	석	N	2015	208	N	5	18	18	unicode-total	金		marmot; squirrel	鼠		석:1N	석서 석
鼬	U+9F2C	유	유	N	2015	208	N	5	18	18	unicode-total	金		weasel, Mustela itatsi	鼠		유:1N	청서 유, 족제비 유
鼯	U+9F2F	오	오	N	2015	208	N	7	20	20	unicode-total	水		flying squirrel	鼠		오:1N	날다람쥐 오
鼴	U+9F34	언	언	N	2015	208	N	9	22	22	unicode-total	木		mole; Talpidae species (various)	鼠		언:1N	두더쥐 언, 소 같은 큰 쥐 언
鼸	U+9F38	겸	겸	N	2015	208	N	10	23	23	unicode-total	火			鼠		겸:1N	두더쥐 겸
鼹	U+9F39	언	언	N	2015	208	N	10	23	23	unicode-total	火		mole; Talpidae species (various)	鼠		언:1N	鼴과 同字
鼻	U+9F3B	비	비	Y		209	N	0	14	14	unicode-total	火		nose; first; Kangxi radical 209	鼻		비:0E	코 비
鼾	U+9F3E	한	한	N	2015	209	N	3	17	17	unicode-total	金		snore loudly	鼻		한:1N	코골 한
齊	U+9F4A	제	제	Y		210	N	0	14	14	unicode-total	火		even, uniform, of equal length; Kangxi radical 210	齊		제:0E	가지런할 제
齋	U+9F4B	재	재	N	2015	210	N	3	17	17	unicode-total	金		vegetarian diet; study; to fast, abstain	齊		재:0N	재계할 재, 집 재
齎	U+9F4E	재	재	N	2015	210	N	7	21	21	unicode-total	木		take in both hands and offer to	齊		재:0N	탄식할 재, 쌀 재, 가질 재
齒	U+9F52	치	치	Y		211	N	0	15	15	unicode-total	土		teeth; gears, cogs; age; Kangxi radical 211	齒		치:0E	이 치, 나이 치, 같을 치
齕	U+9F55	흘	흘	N	2015	211	N	3	18	18	unicode-total	金		gnaw, bite, nibble	齒		흘:1N	깨물 흘
齗	U+9F57	은	은	N	2015	211	N	4	19	19	unicode-total	水		gums (of the teeth); to dispute	齒		은:1N	잇몸 은, 말다툼할 은, 미워할 은
齟	U+9F5F	저	저	N	2015	211	N	5	20	20	unicode-total	水		irregular teeth; discord	齒		저:0N	이 어긋날 저
齠	U+9F60	초	초	N	2015	211	N	5	20	20	unicode-total	水		lose baby teeth and get adult teeth	齒		초:1N	이를 갈 초
齡	U+9F61	령	령	N	2015	211	N	5	20	20	unicode-total	水		age; years	齒	영	령:0N	나이 령
齦	U+9F66	간	간	N	2015	211	N	6	21	21	unicode-total	木		gums	齒		간:1N	물을 간
齧	U+9F67	설	설	N	2015	211	N	6	21	21	unicode-total	木		bite, gnaw; wear down, erode	齒		설:0N	물 설, 씹을 설
齩	U+9F69	교	교	N	2015	211	N	6	21	21	unicode-total	木		to chew; to bite	齒		교:1N	
齪	U+9F6A	착	착	N	2015	211	N	7	22	22	unicode-total	木		narrow, small; dirty	齒		착:0N	악착할 착, 악착같을 착
齫	U+9F6B	곤	곤	N	2015	211	N	7	22	22	unicode-total	木			齒		곤:1N	이 빠질 곤
齬	U+9F6C	어	어	N	2015	211	N	7	22	22	unicode-total	木		uneven teeth; to disagree	齒		어:0N	이 어긋날 어
齲	U+9F72	우	우	N	2015	211	N	9	24	24	unicode-total	火		tooth decay	齒		우:1N	충치 우
齶	U+9F76	악	악	N	2015	211	N	9	24	24	unicode-total	火		palate, roof of mouth	齒		악:1N	잇몸 악
齷	U+9F77	악	악	N	2015	211	N	9	24	24	unicode-total	火		narrow, small; dirty	齒		악:0N	악착할 악, 악착같을 악
龍	U+9F8D	룡	룡,용	Y		212	N	0	16	16	unicode-total	土		dragon; Kangxi radical 212	龍	용	룡:0E 용:0	용 룡 / 용 룡, 임금 룡
龐	U+9F90	방	방	N	2015	212	N	3	19	19	unicode-total|rs-by-kangxi-pos:212.3	水		disorderly, messy; huge, big	龍		방:0N	어지러울 방, 흑백의 잡색 방
龑	U+9F91	엄	엄	N	2015	212	N	4	20	20	unicode-total	水		used in personal names	龍		엄:N	
龒	U+9F92	룡	룡	N	2015	212	N	5	21	21	unicode-total	木		dragon	龍	용	룡:1N	龍의 古字
龔	U+9F94	공	공	N	2015	212	N	6	22	22	unicode-total	木		give, present; reverential	龍		공:1N	공손할 공
龕	U+9F95	감	감	N	2015	212	N	6	22	22	unicode-total	木		niche, shrine	龍		감:0N	취할 감, 이길 감, 감실 감
龜	U+9F9C	구,귀,균	구,귀,균	Y	2015	213	N	0	16	16	unicode-total	土		turtle or tortoise; cuckold; Kangxi radical 213	龜		구:0EN 귀:0N 균:0N	나라 이름 구, 거북 구 / 거북 귀 / (피부가)틀 균, 거북 균
龝	U+9F9D	추	추	N	2015	213	N	5	22	22	total-gt-rs-check	木		autumn, fall; year	龜		추:1N	秋의 古字
龠	U+9FA0	약	약	N	2015	214	N	0	17	17	unicode-total	金		flute; pipe, ancient measure; Kangxi radical 214	龠		약:1N	피리 약
龢	U+9FA2	화	화	N	2015	214	N	5	22	22	unicode-total	木		in harmony; calm, peaceful	龠		화:1N	풍류 조화될 화
龥	U+9FA5	유	유	N	2015	214	N	9	26	26	unicode-total	土		beg, appeal for help	龠		유:1N	부르짖을 유
𠃗	U+200D7	울	울	N	2015	5	N	3	4	4	unicode-total	火			乙		울:N	
𠄬	U+2012C	조	조	N	2015	7	N	6	8	8	unicode-total	金			二		조:N	
𠗊	U+205CA	경	경	N	2015	15	N	7	9	9	unicode-total	水	水		冫		경:N	
𠦄	U+20984	훼	훼	N	2015	24	N	4	6	6	unicode-total	土		general term for plants; myriads	十		훼:N	
𡅕	U+21155	희	희	N	2015	33	N	18	21	21	unicode-total	木			士		희:N	
𡊍	U+2128D	술	술	N	2015	32	N	5	8	8	unicode-total	金	土		土		술:N	
𡖔	U+21594	나	나	N	2015	36	N	7	10	10	unicode-total	水			夕		나:N	
𡜧	U+21727	세	세	N	2015	38	N	6	9	9	unicode-total	水			女		세:N	
𡽜	U+21F5C	한	한	N	2015	46	N	14	17	17	unicode-total	金	土		山		한:N	
𢒰	U+224B0	욱	욱	N	2015	59	N	13	16	16	unicode-total	土			彡		욱:N	
𢓭	U+224ED	준	준	N	2015	60	N	7	10	10	unicode-total	水			彳		준:N	
𢥏	U+2294F	영	영	N	2015	61	N	17	20	21	radical-full	木	火		心		영:N	
𢱯	U+22C6F	람	람	N	2015	64	N	10	13	14	radical-full	火			手	남	람:N	
𢻠	U+22EE0	리	리	N	2015	65	N	12	16	16	unicode-total	土			支	이	리:N	
𣃽	U+230FD	나	나	N	2015	70	N	8	12	12	unicode-total	木			方		나:N	
𣍃	U+23343	인	인	N	2015	73	N	10	14	14	unicode-total	火			曰		인:N	
𣘻	U+2363B	다	다	N	2015	75	N	11	15	15	unicode-total	土	木		木		다:N	
𣫙	U+23AD9	예	예	N	2015	79	N	15	19	19	unicode-total	水			殳		예:N	
𤋱	U+242F1	훈	훈	N	2015	86	N	9	13	13	unicode-total	火	火		火		훈:N	
𤎝	U+2439D	안	안	N	2015	86	N	12	16	16	unicode-total	土	火		火		안:N	
𤣰	U+248F0	보	보	N	2015	96	N	3	7	8	radical-full	金	金/土		玉		보:N	
𤨁	U+24A01	진	진	N	2015	96	N	10	14	15	radical-full	土	金/土		玉		진:N	
𤨒	U+24A12	은	은	N	2015	96	N	10	14	15	radical-full	土	金/土		玉		은:N	
𥁕	U+25055	온	온	N	2015	108	N	5	10	10	unicode-total	水		compassionate; to feed a prisoner	皿		온:N	
𥌾	U+2533E	응	응	N	2015	109	N	17	22	22	unicode-total	木			目		응:N	
𥎵	U+253B5	지	지	N	2015	111	N	5	10	10	unicode-total	水			矢		지:N	
𥏾	U+253FE	지	지	N	2015	111	N	11	16	16	unicode-total	土			矢		지:N	
𥠲	U+25832	률	률	N	2015	115	N	10	15	15	unicode-total	土	木		禾	율	률:N	
𥠺	U+2583A	온	온	N	2015	115	N	10	15	15	unicode-total	土	木		禾		온:N	
𥡴	U+25874	계	계	N	2015	115	N	11	16	16	unicode-total	土	木	surname	禾		계:N	
𥥸	U+25978	다	다	N	2015	116	N	7	12	12	unicode-total	木			穴		다:N	
𥮗	U+25B97	국	국	N	2015	118	N	8	14	14	unicode-total	火	木		竹		국:N	
𥹄	U+25E44	미	미	N	2015	119	N	5	11	11	unicode-total	木	木		米		미:N	
𦁗	U+26057	섭	섭	N	2015	120	N	8	14	14	unicode-total	火	木		糸		섭:N	
𦖤	U+265A4	성	성	N	2015	128	N	9	15	15	unicode-total	土			耳		성:N	
𦟘	U+267D8	인	인	N	2015	130	N	11	15	17	radical-full	金			肉		인:N	
𧅄	U+27144	기	기	N	2015	140	N	19	23	25	radical-full	土	木		艸		기:N	
𧗿	U+275FF	솔	솔	N	2015	144	N	11	17	17	unicode-total	金			行		솔:N	
𧘥	U+27625	뉴	뉴	N	2015	145	N	4	9	10	radical-full	水			衣	유	뉴:N	
𧩑	U+27A51	서	서	N	2015	149	N	8	15	15	unicode-total	土			言		서:N	
𧬂	U+27B02	하	하	N	2015	149	N	12	19	19	unicode-total	水			言		하:N	
𧹽	U+27E7D	혁	혁	N	2015	155	N	14	21	21	unicode-total	木	火		赤		혁:N	
𧼛	U+27F1B	래	래	N	2015	156	N	8	15	15	unicode-total	土			走	내	래:N	
𨏶	U+283F6	련	련	N	2015	159	N	19	26	26	unicode-total	土			車	연	련:N	
𨓜	U+284DC	일	일	N	2015	162	N	7	10	14	radical-full	火			辵		일:N	
𨶊	U+28D8A	준	준	N	2015	169	N	10	18	18	unicode-total	金			門		준:N	
𨶡	U+28DA1	은	은	N	2015	169	N	11	19	19	unicode-total	水			門		은:N	
𩇕	U+291D5	정	정	N	2015	174	N	3	11	11	unicode-total	木			靑		정:N	
𩇣	U+291E3	슬	슬	N	2015	174	N	13	21	21	unicode-total	木			靑		슬:N	
𩓞	U+294DE	정	정	N	2015	181	N	8	17	17	unicode-total	金			頁		정:N	
𩔉	U+29509	민	민	N	2015	181	N	9	18	18	unicode-total	金			頁		민:N	
𩠻	U+2983B	별	별	N	2015	186	N	4	13	13	unicode-total	火			香		별:N	
𪊭	U+2A2AD	린	린	N	2015	198	N	6	17	17	unicode-total	金			鹿	인	린:N	
𪓐	U+2A4D0	초	초	N	2015	204	N	11	23	23	unicode-total	火		colorful	黹		초:N	
𪙤	U+2A664	은	은	N	2015	211	N	12	27	27	unicode-total	金			齒		은:N	
𬄕	U+2C115	집	집	N	2015	75	N	11	15	15	unicode-total	土	木		木		집:N	
𬟓	U+2C7D3	훈	훈	N	2015	140	N	16	18	22	radical-full|component-kangxi-diff	木	木		艸		훈:N	
𮕩	U+2E569	쇠	쇠	Y		145	N	4	10	10	unicode-total	水			衣		쇠:E	
𰜩	U+30729	은	은	N	2015	85	N	10	13	14	radical-full	火	水		水		은:N	
